time,state_mean,state_variance,one_step_forecast
0.0,0.0,1.0,0.0
1.0,-0.009912556757023919,1.2847232970851823,0.0
2.0,-1.0459828996269898,1.3487947598061412,-0.008921301081321527
3.0,1.9151967846848703,1.363498453661223,-0.9413846096642908
4.0,2.8215286844456613,1.366872994276518,1.7236771062163834
5.0,3.446174436461841,1.367647320228141,2.5393758160010953
6.0,2.808076294471377,1.3678249887499583,3.1015569928156568
7.0,2.727799842267949,1.3678657541565125,2.527268665024239
8.0,1.0442274173570882,1.3678751076063003,2.455019858041154
9.0,1.1375204403685006,1.3678772537143007,0.9398046756213795
10.0,0.6878447625256501,1.367877746129287,1.0237683963316506
11.0,-0.22752860086410787,1.3678778591117233,0.6190602862730851
12.0,-0.1494140958422724,1.3678778850350424,-0.20477574077769709
13.0,-0.8093877465149271,1.3678778909830331,-0.13447268625804515
14.0,1.7434459432916212,1.367877892347773,-0.7284489718634344
15.0,0.881094224446997,1.367877892660907,1.569101348962459
16.0,1.6646306457767266,1.367877892732754,0.7929848020022974
17.0,2.6194925347189493,1.367877892749239,1.498167581199054
18.0,1.572274002674623,1.367877892753021,2.3575432812470543
19.0,2.742392741266994,1.367877892753889,1.4150466024071606
20.0,2.611780520796873,1.3678778927540882,2.468153467140295
21.0,5.822817093460133,1.367877892754134,2.350602468717186
22.0,3.747504801700332,1.3678778927541446,5.24053538411412
23.0,2.576087838930808,1.3678778927541468,3.372754321530299
24.0,1.7051833058325383,1.3678778927541473,2.318479055037727
25.0,2.490478383989912,1.3678778927541473,1.5346649752492845
26.0,0.837207223227441,1.3678778927541473,2.2414305455909207
27.0,-0.4606498317756551,1.3678778927541473,0.7534865009046969
28.0,-0.2086624131582867,1.3678778927541473,-0.4145848485980896
29.0,-0.9465455148075965,1.3678778927541473,-0.18779617184245803
30.0,-1.027583724462229,1.3678778927541473,-0.8518909633268369
31.0,-3.8656776765690166,1.3678778927541473,-0.9248253520160061
32.0,-2.400727913364883,1.3678778927541473,-3.479109908912115
33.0,-4.2749773974758885,1.3678778927541473,-2.1606551220283947
34.0,-3.175297236309073,1.3678778927541473,-3.8474796577282997
35.0,-2.9254648305034823,1.3678778927541473,-2.8577675126781656
36.0,-4.2363619605869145,1.3678778927541473,-2.632918347453134
37.0,-3.8596150190996017,1.3678778927541473,-3.8127257645282233
38.0,-4.564518789490572,1.3678778927541473,-3.4736535171896414
39.0,-5.290562410938238,1.3678778927541473,-4.108066910541515
40.0,-2.881323334813384,1.3678778927541473,-4.761506169844414
41.0,-1.772247933021822,1.3678778927541473,-2.593191001332046
42.0,-3.7666948217977247,1.3678778927541473,-1.5950231397196397
43.0,-3.8071214198146412,1.3678778927541473,-3.3900253396179525
44.0,-4.796252835602076,1.3678778927541473,-3.4264092778331774
45.0,-5.416825175633848,1.3678778927541473,-4.316627552041869
46.0,-5.023895179189896,1.3678778927541473,-4.875142658070463
47.0,-5.543286702234631,1.3678778927541473,-4.521505661270907
48.0,-5.722035388024216,1.3678778927541473,-4.988958032011167
49.0,-5.007162550952208,1.3678778927541473,-5.149831849221795
50.0,-3.4538722041358874,1.3678778927541473,-4.506446295856987
51.0,-1.21975717982442,1.3678778927541473,-3.1084849837222985
52.0,-1.3059767171975172,1.3678778927541473,-1.0977814618419781
53.0,-2.5540779642312943,1.3678778927541473,-1.1753790454777655
54.0,-1.631898278674911,1.3678778927541473,-2.298670167808165
55.0,-1.6714317942910764,1.3678778927541473,-1.46870845080742
56.0,-1.8761565201872994,1.3678778927541473,-1.5042886148619687
57.0,-2.557814285627767,1.3678778927541473,-1.6885408681685694
58.0,-3.79150170374892,1.3678778927541473,-2.30203285706499
59.0,-3.834866242035516,1.3678778927541473,-3.4123515333740277
60.0,-4.386463357694168,1.3678778927541473,-3.4513796178319645
61.0,-4.226960321116695,1.3678778927541473,-3.947817021924751
62.0,-2.2656658090686106,1.3678778927541473,-3.8042642890050256
63.0,-4.199682056903571,1.3678778927541473,-2.0390992281617497
64.0,-7.362381390184021,1.3678778927541473,-3.779713851213214
65.0,-8.729793084160027,1.3678778927541473,-6.626143251165619
66.0,-7.326844524607151,1.3678778927541473,-7.856813775744024
67.0,-8.630306511426461,1.3678778927541473,-6.594160072146436
68.0,-8.521990008944101,1.3678778927541473,-7.7672758602838154
69.0,-7.96096235465915,1.3678778927541473,-7.669791008049692
70.0,-6.716882832830158,1.3678778927541473,-7.164866119193236
71.0,-6.567098020554994,1.3678778927541473,-6.045194549547142
72.0,-7.798762987632538,1.3678778927541473,-5.910388218499494
73.0,-7.074160791124906,1.3678778927541473,-7.0188866888692845
74.0,-7.351590709859397,1.3678778927541473,-6.366744712012416
75.0,-5.442462526199673,1.3678778927541473,-6.616431638873458
76.0,-4.430381131239264,1.3678778927541473,-4.898216273579706
77.0,-4.015094425248709,1.3678778927541473,-3.9873430181153373
78.0,-4.418983562518152,1.3678778927541473,-3.6135849827238378
79.0,-5.463364712921466,1.3678778927541473,-3.9770852062663367
80.0,-4.410455177383314,1.3678778927541473,-4.917028241629319
81.0,-3.745473835298895,1.3678778927541473,-3.969409659644983
82.0,-6.545215214572158,1.3678778927541473,-3.3709264517690056
83.0,-5.630721295622518,1.3678778927541473,-5.890693693114942
84.0,-4.148131890517396,1.3678778927541473,-5.067649166060266
85.0,-5.287083393468141,1.3678778927541473,-3.7333187014656564
86.0,-4.5830889287922085,1.3678778927541473,-4.758375054121327
87.0,-6.722867531358579,1.3678778927541473,-4.124780035912988
88.0,-6.027443689970307,1.3678778927541473,-6.050580778222722
89.0,-3.731127889335596,1.3678778927541473,-5.424699320973277
90.0,-1.1778908113845046,1.3678778927541473,-3.3580151004020364
91.0,0.8361247247634263,1.3678778927541473,-1.0601017302460543
92.0,-1.1452516197980986,1.3678778927541473,0.7525122522870836
93.0,-1.4178388860395492,1.3678778927541473,-1.0307264578182889
94.0,-0.7042758698186647,1.3678778927541473,-1.2760549974355944
95.0,-2.2757685896723725,1.3678778927541473,-0.6338482828367983
96.0,1.0455629000495343,1.3678778927541473,-2.048191730705135
97.0,-0.3413716282383751,1.3678778927541473,0.941006610044581
98.0,0.0462508521383963,1.3678778927541473,-0.3072344654145376
99.0,0.32186966236025605,1.3678778927541473,0.041625766924556676
100.0,2.3135821963563536,1.3678778927541473,0.2896826961242305
101.0,0.9967243723205619,1.3678778927541473,2.0822239767207185
102.0,0.948566821782319,1.3678778927541473,0.8970519350885057
103.0,-0.2576010579291108,1.3678778927541473,0.8537101396040871
104.0,1.0961542203102765,1.3678778927541473,-0.23184095213619973
105.0,-0.7588732089967422,1.3678778927541473,0.986538798279249
106.0,-1.337837018612722,1.3678778927541473,-0.682985888097068
107.0,-1.2296941568228499,1.3678778927541473,-1.2040533167514498
108.0,-3.347687183745797,1.3678778927541473,-1.106724741140565
109.0,-3.293078987733273,1.3678778927541473,-3.012918465371217
110.0,-2.685851153020027,1.3678778927541473,-2.9637710889599456
111.0,-2.063488714965063,1.3678778927541473,-2.4172660377180244
112.0,-1.1855962053350233,1.3678778927541473,-1.8571398434685569
113.0,0.5514431727545752,1.3678778927541473,-1.067036584801521
114.0,0.07388105739589945,1.3678778927541473,0.49629885547911773
115.0,-1.3548634644125774,1.3678778927541473,0.06649295165630952
116.0,-2.8242297649160504,1.3678778927541473,-1.2193771179713198
117.0,-2.011518884505839,1.3678778927541473,-2.5418067884244455
118.0,0.47584769175462305,1.3678778927541473,-1.810366996055255
119.0,1.9296850208318004,1.3678778927541473,0.42826292257916077
120.0,4.379925299671074,1.3678778927541473,1.7367165187486204
121.0,3.3453009950507524,1.3678778927541473,3.9419327697039663
122.0,5.38634537798837,1.3678778927541473,3.010770895545677
123.0,3.8312941369471734,1.3678778927541473,4.847710840189533
124.0,3.7899827188289987,1.3678778927541473,3.448164723252456
125.0,3.379104460959722,1.3678778927541473,3.410984446946099
126.0,3.507101615696996,1.3678778927541473,3.0411940148637497
127.0,1.1627469548124727,1.3678778927541473,3.1563914541272964
128.0,0.4069031993584058,1.3678778927541473,1.0464722593312255
129.0,-0.30087187417429223,1.3678778927541473,0.36621287942256525
130.0,-0.5867374754356084,1.3678778927541473,-0.270784686756863
131.0,0.2231743395203849,1.3678778927541473,-0.5280637278920476
132.0,2.115487137625651,1.3678778927541473,0.20085690556834643
133.0,1.2022609113447191,1.3678778927541473,1.903938423863086
134.0,0.7047367159413448,1.3678778927541473,1.0820348202102472
135.0,1.9067083095751507,1.3678778927541473,0.6342630443472104
136.0,2.395365823265263,1.3678778927541473,1.7160374786176356
137.0,0.8733779462798017,1.3678778927541473,2.1558292409387367
138.0,-0.5022398379954157,1.3678778927541473,0.7860401516518215
139.0,-1.45258493312589,1.3678778927541473,-0.45201585419587414
140.0,-1.8836317372486924,1.3678778927541473,-1.307326439813301
141.0,-1.765122497760132,1.3678778927541473,-1.6952685635238232
142.0,-0.6133967127102682,1.3678778927541473,-1.5886102479841189
143.0,-0.04447888899599295,1.3678778927541473,-0.5520570414392414
144.0,0.6538416430333107,1.3678778927541473,-0.040031000096393654
145.0,0.2059771603632347,1.3678778927541473,0.5884574787299797
146.0,0.8667889732469892,1.3678778927541473,0.18537944432691125
147.0,0.1228437096362045,1.3678778927541473,0.7801100759222903
148.0,-0.18530063659414175,1.3678778927541473,0.11055933867258405
149.0,-0.39614505490464835,1.3678778927541473,-0.16677057293472758
150.0,-0.6166579992885521,1.3678778927541473,-0.35653054941418355
151.0,2.0258872572529674,1.3678778927541473,-0.5549921993596969
152.0,2.276562857255557,1.3678778927541473,1.8232985315276706
153.0,1.7049088544044138,1.3678778927541473,2.048906571530001
154.0,0.6291428673520458,1.3678778927541473,1.5344179689639723
155.0,0.8072181506831914,1.3678778927541473,0.5662285806168412
156.0,-1.4634928419879927,1.3678778927541473,0.7264963356148723
157.0,-1.0106834944492118,1.3678778927541473,-1.3171435577891935
158.0,0.7902739940766406,1.3678778927541473,-0.9096151450042906
159.0,-1.163682244105127,1.3678778927541473,0.7112465946689766
160.0,-1.3468574592665485,1.3678778927541473,-1.0473140196946145
161.0,-0.43377434582977115,1.3678778927541473,-1.2121717133398937
162.0,-1.4376256803479301,1.3678778927541473,-0.39039691124679404
163.0,0.5512727473710992,1.3678778927541473,-1.2938631123131372
164.0,-1.271756236909415,1.3678778927541473,0.4961454726339893
165.0,-2.990783074250562,1.3678778927541473,-1.1445806132184737
166.0,-2.5383775048362205,1.3678778927541473,-2.691704766825506
167.0,-0.8509132729738322,1.3678778927541473,-2.2845397543525987
168.0,-1.665166196367074,1.3678778927541473,-0.765821945676449
169.0,-2.100537288603638,1.3678778927541473,-1.4986495767303667
170.0,-1.3153089329634544,1.3678778927541473,-1.8904835597432743
171.0,-2.5010344719847373,1.3678778927541473,-1.183778039667109
172.0,-1.537414369010595,1.3678778927541473,-2.2509310247862637
173.0,-2.080331045914763,1.3678778927541473,-1.3836729321095356
174.0,-1.5362897138249179,1.3678778927541473,-1.8722979413232865
175.0,-0.7861793297903773,1.3678778927541473,-1.3826607424424262
176.0,2.9513141272313557,1.3678778927541473,-0.7075613968113396
177.0,4.61308458251864,1.3678778927541473,2.65618271450822
178.0,4.763008572375105,1.3678778927541473,4.151776124266776
179.0,3.707428108071921,1.3678778927541473,4.286707715137594
180.0,1.9001275369665196,1.3678778927541473,3.336685297264729
181.0,-0.16527648536713135,1.3678778927541473,1.7101147832698678
182.0,-0.6597409620212578,1.3678778927541473,-0.14874883683041823
183.0,-0.021662589442836944,1.3678778927541473,-0.593766865819132
184.0,2.4075440323270394,1.3678778927541473,-0.01949633049855325
185.0,3.405568883935329,1.3678778927541473,2.1667896290943354
186.0,2.134546332405916,1.3678778927541473,3.0650119955417963
187.0,3.80878163837707,1.3678778927541473,1.9210916991653244
188.0,5.975173736442243,1.3678778927541473,3.427903474539363
189.0,6.841922803672415,1.3678778927541473,5.377656362798019
190.0,7.422346001737784,1.3678778927541473,6.157730523305173
191.0,6.701467664288321,1.3678778927541473,6.680111401564006
192.0,4.644664795053753,1.3678778927541473,6.031320897859489
193.0,5.305938685011629,1.3678778927541473,4.180198315548378
194.0,5.2378162199594955,1.3678778927541473,4.775344816510466
195.0,5.069864985011364,1.3678778927541473,4.714034597963546
196.0,5.0951121662673815,1.3678778927541473,4.562878486510228
197.0,4.827033688631991,1.3678778927541473,4.585600949640644
198.0,5.295509962521483,1.3678778927541473,4.344330319768792
199.0,4.768508160046694,1.3678778927541473,4.765958966269335
200.0,4.177137973164569,1.3678778927541473,4.291657344042025
201.0,2.6383009978417493,1.3678778927541473,3.7594241758481117
202.0,2.1522885040791198,1.3678778927541473,2.3744708980575746
203.0,0.20936859083811976,1.3678778927541473,1.937059653671208
204.0,-0.5567962011630315,1.3678778927541473,0.1884317317543078
205.0,-1.9503930887606882,1.3678778927541473,-0.5011165810467284
206.0,-1.81152531970348,1.3678778927541473,-1.7553537798846195
207.0,-1.6982804523430248,1.3678778927541473,-1.630372787733132
208.0,-3.362304409650821,1.3678778927541473,-1.5284524071087224
209.0,-1.2131040647272087,1.3678778927541473,-3.026073968685739
210.0,-0.10241659714881202,1.3678778927541473,-1.0917936582544878
211.0,-0.05546526520896995,1.3678778927541473,-0.09217493743393082
212.0,-0.18331886168170533,1.3678778927541473,-0.04991873868807296
213.0,-0.014329328339338254,1.3678778927541473,-0.1649869755135348
214.0,0.6063714550963034,1.3678778927541473,-0.01289639550540443
215.0,1.4841753103133573,1.3678778927541473,0.5457343095866731
216.0,2.4709630827729177,1.3678778927541473,1.3357577792820217
217.0,0.8372600420486154,1.3678778927541473,2.223866774495626
218.0,-0.16741322305755757,1.3678778927541473,0.7535340378437538
219.0,-0.31888805945896304,1.3678778927541473,-0.1506719007518018
220.0,0.7149545518021996,1.3678778927541473,-0.28699925351306677
221.0,0.8237576288609337,1.3678778927541473,0.6434590966219796
222.0,1.6533674361868134,1.3678778927541473,0.7413818659748403
223.0,1.3183298699129262,1.3678778927541473,1.4880306925681321
224.0,1.9565383183976957,1.3678778927541473,1.1864968829216336
225.0,2.631268123660436,1.3678778927541473,1.760884486557926
226.0,1.4419325366045626,1.3678778927541473,2.3681413112943925
227.0,-0.9537339001312901,1.3678778927541473,1.2977392829441063
228.0,0.6515293440246971,1.3678778927541473,-0.8583605101181612
229.0,0.49002819885156224,1.3678778927541473,0.5863764096222274
230.0,-0.05240823815641299,1.3678778927541473,0.44102537896640603
231.0,-0.14018836412610464,1.3678778927541473,-0.04716741434077169
232.0,1.1791772170494803,1.3678778927541473,-0.12616952771349418
233.0,1.8314773603028978,1.3678778927541473,1.0612594953445322
234.0,2.499369824498262,1.3678778927541473,1.648329624272608
235.0,1.1236446741843382,1.3678778927541473,2.2494328420484355
236.0,0.487271655864317,1.3678778927541473,1.0112802067659044
237.0,0.5720427060654991,1.3678778927541473,0.4385444902778853
238.0,0.5321157873782292,1.3678778927541473,0.5148384354589493
239.0,2.350598074104469,1.3678778927541473,0.4789042086404063
240.0,4.40758435127352,1.3678778927541473,2.1155382666940223
241.0,4.55102259948502,1.3678778927541473,3.9668259161461683
242.0,4.758251215082931,1.3678778927541473,4.0959203395365185
243.0,5.276252996526954,1.3678778927541473,4.282426093574638
244.0,6.614593677824272,1.3678778927541473,4.748627696874259
245.0,5.057904935831416,1.3678778927541473,5.953134310041845
246.0,5.2608433316342005,1.3678778927541473,4.552114442248274
247.0,3.8399868588782637,1.3678778927541473,4.734758998470781
248.0,1.3933512561598311,1.3678778927541473,3.4559881729904376
249.0,0.528656741913163,1.3678778927541473,1.254016130543848
250.0,1.1541005706675675,1.3678778927541473,0.47579106772184676
251.0,-0.21119106256657338,1.3678778927541473,1.0386905136008109
252.0,-0.9084208898904734,1.3678778927541473,-0.19007195630991605
253.0,-2.4683632804937643,1.3678778927541473,-0.8175788009014261
254.0,0.0880247827970897,1.3678778927541473,-2.221526952444388
255.0,1.3144214072679221,1.3678778927541473,0.07922230451738073
256.0,0.6374365144761237,1.3678778927541473,1.1829792665411298
257.0,-0.8961197846062255,1.3678778927541473,0.5736928630285113
258.0,-0.6392576386375737,1.3678778927541473,-0.806507806145603
259.0,-0.07245381290780484,1.3678778927541473,-0.5753318747738163
260.0,-0.7685437810252796,1.3678778927541473,-0.06520843161702436
261.0,-1.5762639063563064,1.3678778927541473,-0.6916894029227517
262.0,-1.5702026466004126,1.3678778927541473,-1.4186375157206759
263.0,-1.150855919472518,1.3678778927541473,-1.4131823819403715
264.0,0.14124581921510848,1.3678778927541473,-1.0357703275252663
265.0,0.2957202839520341,1.3678778927541473,0.12712123729359764
266.0,0.6762085792894965,1.3678778927541473,0.2661482555568307
267.0,0.5944863483430934,1.3678778927541473,0.6085877213605468
268.0,-0.3529628000747782,1.3678778927541473,0.5350377135087842
269.0,-1.7016867510829055,1.3678778927541473,-0.3176665200673004
270.0,-2.715600246880793,1.3678778927541473,-1.531518075974615
271.0,-2.10954310944099,1.3678778927541473,-2.4440402221927138
272.0,-5.428367894072846,1.3678778927541473,-1.898588798496891
273.0,-4.530374217003962,1.3678778927541473,-4.885531104665561
274.0,-2.962529306697766,1.3678778927541473,-4.077336795303566
275.0,-2.5904685549251663,1.3678778927541473,-2.6662763760279895
276.0,-2.336544971937831,1.3678778927541473,-2.3314216994326498
277.0,-3.9757600099301644,1.3678778927541473,-2.102890474744048
278.0,-5.529895893088577,1.3678778927541473,-3.578184008937148
279.0,-7.211282443304645,1.3678778927541473,-4.976906303779719
280.0,-6.071870882307319,1.3678778927541473,-6.490154198974181
281.0,-7.175718909844169,1.3678778927541473,-5.4646837940765876
282.0,-6.918734486761242,1.3678778927541473,-6.458147018859752
283.0,-7.3625085905272645,1.3678778927541473,-6.226861038085118
284.0,-3.66576739408539,1.3678778927541473,-6.626257731474539
285.0,-2.9640568478956077,1.3678778927541473,-3.299190654676851
286.0,-3.1532585553468993,1.3678778927541473,-2.667651163106047
287.0,-2.9171972775195183,1.3678778927541473,-2.8379326998122094
288.0,-2.8216062877920587,1.3678778927541473,-2.6254775497675666
289.0,-3.234733533472891,1.3678778927541473,-2.539445659012853
290.0,0.7632150025494155,1.3678778927541473,-2.911260180125602
291.0,1.3581560198029479,1.3678778927541473,0.686893502294474
292.0,-0.5826619460269427,1.3678778927541473,1.2223404178226531
293.0,-0.821797189019849,1.3678778927541473,-0.5243957514242484
294.0,-0.030297522235592123,1.3678778927541473,-0.7396174701178642
295.0,0.3465343774210231,1.3678778927541473,-0.02726777001203291
296.0,-1.319922011479014,1.3678778927541473,0.31188093967892083
297.0,-2.473429282832748,1.3678778927541473,-1.1879298103311127
298.0,-3.261574807803531,1.3678778927541473,-2.2260863545494733
299.0,-4.08726022421289,1.3678778927541473,-2.935417327023178
300.0,-2.1468712316000147,1.3678778927541473,-3.6785342017916007
301.0,-1.1979287546856334,1.3678778927541473,-1.9321841084400133
302.0,-0.5532176403992808,1.3678778927541473,-1.07813587921707
303.0,-1.0329169134032834,1.3678778927541473,-0.49789587635935273
304.0,-0.4792880640340614,1.3678778927541473,-0.9296252220629551
305.0,-0.12381459395021044,1.3678778927541473,-0.43135925763065525
306.0,-0.9844386175279118,1.3678778927541473,-0.1114331345551894
307.0,-4.049700226584747,1.3678778927541473,-0.8859947557751207
308.0,-6.145813646513567,1.3678778927541473,-3.6447302039262723
309.0,-5.2809721910538885,1.3678778927541473,-5.53123228186221
310.0,-4.226435565541154,1.3678778927541473,-4.7528749719485
311.0,-5.6719986673801275,1.3678778927541473,-3.8037920089870387
312.0,-3.678016508684662,1.3678778927541473,-5.104798800642115
313.0,-3.5178320616596337,1.3678778927541473,-3.3102148578161956
314.0,-2.690694952915916,1.3678778927541473,-3.1660488554936705
315.0,-2.0877272406339675,1.3678778927541473,-2.4216254576243244
316.0,-2.8544120788675653,1.3678778927541473,-1.8789545165705708
317.0,-4.304807636787411,1.3678778927541473,-2.568970870980809
318.0,-4.4641525463488065,1.3678778927541473,-3.8743268731086697
319.0,-3.9636709023974177,1.3678778927541473,-4.017737291713926
320.0,-3.875217139329598,1.3678778927541473,-3.567303812157676
321.0,-4.931686878215392,1.3678778927541473,-3.4876954253966383
322.0,-4.135461884661394,1.3678778927541473,-4.438518190393853
323.0,-4.792387580324893,1.3678778927541473,-3.721915696195255
324.0,-6.4107714532991205,1.3678778927541473,-4.313148822292404
325.0,-6.126984823421247,1.3678778927541473,-5.769694307969209
326.0,-7.333326896089766,1.3678778927541473,-5.5142863410791225
327.0,-5.738617167523411,1.3678778927541473,-6.5999942064807895
328.0,-3.201931945861523,1.3678778927541473,-5.16475545077107
329.0,-4.095731440338126,1.3678778927541473,-2.8817387512753707
330.0,-2.864248829950995,1.3678778927541473,-3.6861582963043134
331.0,-2.8578794134134013,1.3678778927541473,-2.5778239469558955
332.0,-1.2638165891488347,1.3678778927541473,-2.5720914720720613
333.0,-0.18761197642858052,1.3678778927541473,-1.1374349302339513
334.0,-0.07492727534037641,1.3678778927541473,-0.16885077878572247
335.0,0.8554027311479854,1.3678778927541473,-0.06743454780633877
336.0,1.0149281570565156,1.3678778927541473,0.7698624580331869
337.0,0.7608832261309626,1.3678778927541473,0.9134353413508641
338.0,2.128525957720153,1.3678778927541473,0.6847949035178663
339.0,1.2410893222797978,1.3678778927541473,1.9156733619481379
340.0,1.1867551413440023,1.3678778927541473,1.116980390051818
341.0,2.3617779118928484,1.3678778927541473,1.068079627209602
342.0,2.4499724996190997,1.3678778927541473,2.1256001207035635
343.0,0.7688350363489158,1.3678778927541473,2.2049752496571897
344.0,-0.3042386927678963,1.3678778927541473,0.6919515327140242
345.0,-0.07633218304323341,1.3678778927541473,-0.27381482349110664
346.0,-0.03261176912523109,1.3678778927541473,-0.06869896473891007
347.0,2.3728287655870446,1.3678778927541473,-0.02935059221270798
348.0,2.3065640182462825,1.3678778927541473,2.1355458890283403
349.0,1.0362342546615213,1.3678778927541473,2.0759076164216546
350.0,0.7420065541880791,1.3678778927541473,0.9326108291953692
351.0,0.5126141976378148,1.3678778927541473,0.6678058987692712
352.0,-1.6008695031988007,1.3678778927541473,0.46135277787403334
353.0,-2.0472077248596574,1.3678778927541473,-1.4407825528789207
354.0,-1.7808759270391763,1.3678778927541473,-1.8424869523736918
355.0,-0.4838504715345644,1.3678778927541473,-1.6027883343352587
356.0,0.16903766795024971,1.3678778927541473,-0.43546542438110797
357.0,-0.27537701222832817,1.3678778927541473,0.15213390115522474
358.0,-0.45598430277600843,1.3678778927541473,-0.24783931100549536
359.0,-0.6354223281206418,1.3678778927541473,-0.4103858724984076
360.0,-1.3820741628287543,1.3678778927541473,-0.5718800953085776
361.0,-1.0558239729479426,1.3678778927541473,-1.2438667465458788
362.0,0.620084689190463,1.3678778927541473,-0.9502415756531484
363.0,0.9918512347771106,1.3678778927541473,0.5580762202714167
364.0,-1.0031397528565185,1.3678778927541473,0.8926661112993995
365.0,-0.9318640345574972,1.3678778927541473,-0.9028257775708667
366.0,-0.7790301095724141,1.3678778927541473,-0.8386776311017475
367.0,-0.047692429988159035,1.3678778927541473,-0.7011270986151728
368.0,0.1715129457836193,1.3678778927541473,-0.04292318698934313
369.0,-0.14601654988669452,1.3678778927541473,0.15436165120525738
370.0,0.661433638296033,1.3678778927541473,-0.13141489489802508
371.0,3.527321131360009,1.3678778927541473,0.5952902744664297
372.0,2.8415986124792503,1.3678778927541473,3.174589018224008
373.0,0.6078164917078357,1.3678778927541473,2.5574387512313255
374.0,2.2288126226995137,1.3678778927541473,0.5470348425370521
375.0,3.28022167725587,1.3678778927541473,2.0059313604295625
376.0,3.8522257906778954,1.3678778927541473,2.952199509530283
377.0,2.953604979640779,1.3678778927541473,3.467003211610106
378.0,3.7252195784988915,1.3678778927541473,2.658244481676701
379.0,3.8121045069147184,1.3678778927541473,3.3526976206490025
380.0,3.6600016536595454,1.3678778927541473,3.4308940562232464
381.0,3.5455023213138728,1.3678778927541473,3.294001488293591
382.0,2.9210379548213097,1.3678778927541473,3.1909520891824856
383.0,2.121909726239679,1.3678778927541473,2.628934159339179
384.0,1.438507655776604,1.3678778927541473,1.9097187536157112
385.0,2.6756638079083883,1.3678778927541473,1.2946568901989437
386.0,2.550117940490889,1.3678778927541473,2.4080974271175495
387.0,1.3551604214389554,1.3678778927541473,2.2951061464418
388.0,0.8186647774067703,1.3678778927541473,1.21964437929506
389.0,2.9337990876166034,1.3678778927541473,0.7367982996660933
390.0,1.5035361442709338,1.3678778927541473,2.640419178854943
391.0,2.1391066948746182,1.3678778927541473,1.3531825298438405
392.0,3.50064446989503,1.3678778927541473,1.9251960253871565
393.0,2.8718252766595085,1.3678778927541473,3.150580022905527
394.0,3.8341794146875,1.3678778927541473,2.5846427489935575
395.0,4.075041194679737,1.3678778927541473,3.4507614732187504
396.0,4.054774911137048,1.3678778927541473,3.6675370752117633
397.0,3.6192388503647637,1.3678778927541473,3.649297420023343
398.0,3.5607974495328696,1.3678778927541473,3.2573149653282876
399.0,1.8956102421049432,1.3678778927541473,3.2047177045795827
400.0,2.6443908294890117,1.3678778927541473,1.7060492178944489
401.0,2.7678804645156796,1.3678778927541473,2.3799517465401108
402.0,1.9436090011255955,1.3678778927541473,2.491092418064112
403.0,0.5386970674927016,1.3678778927541473,1.749248101013036
404.0,0.9797346979963342,1.3678778927541473,0.48482736074343147
405.0,2.9417397531841534,1.3678778927541473,0.8817612281967008
406.0,1.404853674984111,1.3678778927541473,2.647565777865738
407.0,2.351294037059579,1.3678778927541473,1.2643683074857
408.0,1.78940948233025,1.3678778927541473,2.1161646333536215
409.0,1.2027346452617786,1.3678778927541473,1.6104685340972251
410.0,2.2979357423577937,1.3678778927541473,1.0824611807356008
411.0,2.328234250942201,1.3678778927541473,2.0681421681220145
412.0,2.343840749436085,1.3678778927541473,2.095410825847981
413.0,2.386920701096283,1.3678778927541473,2.1094566744924763
414.0,3.1579931509861527,1.3678778927541473,2.148228630986655
415.0,0.2724024016869384,1.3678778927541473,2.8421938358875374
416.0,-0.31842292175346376,1.3678778927541473,0.24516216151824458
417.0,0.5497023871744551,1.3678778927541473,-0.2865806295781174
418.0,0.5045622742122664,1.3678778927541473,0.4947321484570096
419.0,-2.626809117394606,1.3678778927541473,0.4541060467910398
420.0,-3.5001745911702082,1.3678778927541473,-2.364128205655146
421.0,-1.295071196198925,1.3678778927541473,-3.1501571320531876
422.0,-1.5740520714014417,1.3678778927541473,-1.1655640765790325
423.0,-0.7274731992486873,1.3678778927541473,-1.4166468642612975
424.0,-1.1454955953986279,1.3678778927541473,-0.6547258793238185
425.0,-0.2299534009063976,1.3678778927541473,-1.0309460358587652
426.0,1.257148926802103,1.3678778927541473,-0.20695806081575785
427.0,0.685384613023001,1.3678778927541473,1.1314340341218927
428.0,0.16644853199012322,1.3678778927541473,0.6168461517207009
429.0,1.1314357518093088,1.3678778927541473,0.1498036787911109
430.0,1.486606061636882,1.3678778927541473,1.018292176628378
431.0,0.3817219347233862,1.3678778927541473,1.3379454554731938
432.0,-0.34996106810978295,1.3678778927541473,0.3435497412510476
433.0,-0.3048574154246236,1.3678778927541473,-0.31496496129880464
434.0,0.3171450079616005,1.3678778927541473,-0.2743716738821612
435.0,0.37561506313269616,1.3678778927541473,0.28543050716544044
436.0,1.4581032094997672,1.3678778927541473,0.33805355681942656
437.0,0.34236660453262013,1.3678778927541473,1.3122928885497906
438.0,0.5057980918408784,1.3678778927541473,0.3081299440793581
439.0,-1.5521904016990262,1.3678778927541473,0.4552182826567906
440.0,-2.4867114945530515,1.3678778927541473,-1.3969713615291237
441.0,-3.3913263930105852,1.3678778927541473,-2.2380403450977466
442.0,-2.150717413644689,1.3678778927541473,-3.0521937537095267
443.0,-0.41592165535200043,1.3678778927541473,-1.93564567228022
444.0,1.2115455779693618,1.3678778927541473,-0.3743294898168004
445.0,0.46822085527192936,1.3678778927541473,1.0903910201724256
446.0,0.5205644341383548,1.3678778927541473,0.42139876974473645
447.0,3.4663184875949047,1.3678778927541473,0.4685079907245194
448.0,5.422054422910702,1.3678778927541473,3.119686638835414
449.0,6.105889866535869,1.3678778927541473,4.879848980619632
450.0,4.0316156362581355,1.3678778927541473,5.495300879882282
451.0,4.735066536135319,1.3678778927541473,3.628454072632322
452.0,6.583989416128897,1.3678778927541473,4.261559882521787
453.0,5.276200583556357,1.3678778927541473,5.9255904745160075
454.0,2.5428456080686797,1.3678778927541473,4.748580525200722
455.0,1.1433788405251926,1.3678778927541473,2.288561047261812
456.0,1.4998100299151527,1.3678778927541473,1.0290409564726732
457.0,2.5256072980505646,1.3678778927541473,1.3498290269236375
458.0,3.280540790276558,1.3678778927541473,2.2730465682455083
459.0,5.98888995641062,1.3678778927541473,2.9524867112489024
460.0,6.121839563029811,1.3678778927541473,5.390000960769559
461.0,7.81726745574098,1.3678778927541473,5.50965560672683
462.0,6.517079374447928,1.3678778927541473,7.035540710166883
463.0,6.4491385868449465,1.3678778927541473,5.865371437003135
464.0,4.738908275208479,1.3678778927541473,5.8042247281604515
465.0,2.5170467342230367,1.3678778927541473,4.265017447687631
466.0,2.0145118726792015,1.3678778927541473,2.2653420608007333
467.0,5.016225263059173,1.3678778927541473,1.8130606854112814
468.0,4.390127783451925,1.3678778927541473,4.514602736753256
469.0,3.4606829988695673,1.3678778927541473,3.951115005106733
470.0,2.141685144933472,1.3678778927541473,3.1146146989826105
471.0,1.5419125315296558,1.3678778927541473,1.927516630440125
472.0,2.633957644637885,1.3678778927541473,1.3877212783766903
473.0,3.4285426043000475,1.3678778927541473,2.3705618801740966
474.0,5.026606404068917,1.3678778927541473,3.085688343870043
475.0,3.871022374968353,1.3678778927541473,4.5239457636620255
476.0,5.806902339609896,1.3678778927541473,3.483920137471518
477.0,5.059761056010294,1.3678778927541473,5.226212105648906
478.0,3.6055309611194524,1.3678778927541473,4.5537849504092645
479.0,3.2341090165327233,1.3678778927541473,3.2449778650075074
480.0,3.471793941649921,1.3678778927541473,2.910698114879451
481.0,0.7094036622416033,1.3678778927541473,3.124614547484929
482.0,-0.8649536637736279,1.3678778927541473,0.638463296017443
483.0,-2.7346681042041014,1.3678778927541473,-0.7784582973962652
484.0,-2.7837536286287348,1.3678778927541473,-2.4612012937836916
485.0,-2.020837812149885,1.3678778927541473,-2.505378265765861
486.0,-1.9220217852443044,1.3678778927541473,-1.8187540309348964
487.0,-2.742332646420504,1.3678778927541473,-1.7298196067198741
488.0,-2.2250379039196435,1.3678778927541473,-2.468099381778454
489.0,-0.7547535716393434,1.3678778927541473,-2.002534113527679
490.0,0.42549203230400334,1.3678778927541473,-0.6792782144754091
491.0,-0.18552451203470632,1.3678778927541473,0.382942829073603
492.0,1.4262176747222874,1.3678778927541473,-0.1669720608312357
493.0,0.6473683344905583,1.3678778927541473,1.2835959072500587
494.0,-0.4400907588866686,1.3678778927541473,0.5826315010415025
495.0,-0.6737215753972008,1.3678778927541473,-0.3960816829980017
496.0,-0.9550392272307411,1.3678778927541473,-0.6063494178574808
497.0,-2.268914706088511,1.3678778927541473,-0.859535304507667
498.0,-3.133319752067501,1.3678778927541473,-2.0420232354796597
499.0,-2.4803417549646256,1.3678778927541473,-2.819987776860751
500.0,-1.0165628463898884,1.3678778927541473,-2.2323075794681633
501.0,-0.8476809486850487,1.3678778927541473,-0.9149065617508996
502.0,1.6321064744126406,1.3678778927541473,-0.7629128538165438
503.0,1.6946878970263368,1.3678778927541473,1.4688958269713766
504.0,4.041727463025996,1.3678778927541473,1.5252191073237031
505.0,2.9340109900270654,1.3678778927541473,3.6375547167233964
506.0,1.9424233769524544,1.3678778927541473,2.640609891024359
507.0,0.9423136170072647,1.3678778927541473,1.748181039257209
508.0,2.1485586008449222,1.3678778927541473,0.8480822553065382
509.0,2.9995562557436135,1.3678778927541473,1.9337027407604301
510.0,3.3216067546711803,1.3678778927541473,2.699600630169252
511.0,3.4297974763917063,1.3678778927541473,2.9894460792040625
512.0,2.925208344385823,1.3678778927541473,3.0868177287525356
513.0,3.1271350358970444,1.3678778927541473,2.6326875099472407
514.0,3.690063864055074,1.3678778927541473,2.8144215323073403
515.0,4.422184246909945,1.3678778927541473,3.3210574776495667
516.0,4.891478830024916,1.3678778927541473,3.9799658222189502
517.0,4.276483315575144,1.3678778927541473,4.402330947022424
518.0,5.08680138665329,1.3678778927541473,3.8488349840176292
519.0,4.414956500515997,1.3678778927541473,4.578121247987961
520.0,6.122976585683704,1.3678778927541473,3.9734608504643973
521.0,3.956285677650037,1.3678778927541473,5.510678927115333
522.0,3.7776799986173164,1.3678778927541473,3.560657109885033
523.0,3.1761508207541715,1.3678778927541473,3.399911998755585
524.0,0.7990545659360984,1.3678778927541473,2.8585357386787544
525.0,-0.33859059968946925,1.3678778927541473,0.7191491093424885
526.0,-2.919818820379871,1.3678778927541473,-0.30473153972052236
527.0,-3.9892442721309838,1.3678778927541473,-2.627836938341884
528.0,-1.654702043433334,1.3678778927541473,-3.5903198449178855
529.0,-1.5911620625091238,1.3678778927541473,-1.4892318390900006
530.0,-1.3119353455432965,1.3678778927541473,-1.4320458562582115
531.0,-2.9154451414743816,1.3678778927541473,-1.180741810988967
532.0,-3.8569442000731184,1.3678778927541473,-2.6239006273269436
533.0,-5.541461247729131,1.3678778927541473,-3.471249780065807
534.0,-6.6177874792802776,1.3678778927541473,-4.987315122956218
535.0,-4.180222144566857,1.3678778927541473,-5.95600873135225
536.0,-4.726862756915977,1.3678778927541473,-3.7621999301101714
537.0,-2.864005275104884,1.3678778927541473,-4.254176481224379
538.0,-3.433689876742344,1.3678778927541473,-2.5776047475943957
539.0,-1.0393050053060793,1.3678778927541473,-3.0903208890681095
540.0,-0.4712683904834218,1.3678778927541473,-0.9353745047754713
541.0,-1.180011115748385,1.3678778927541473,-0.4241415514350796
542.0,-0.6225260360843328,1.3678778927541473,-1.0620100041735465
543.0,0.700550423451763,1.3678778927541473,-0.5602734324758996
544.0,1.3479325591971092,1.3678778927541473,0.6304953811065868
545.0,2.033599423457698,1.3678778927541473,1.2131393032773983
546.0,2.731872879982573,1.3678778927541473,1.8302394811119282
547.0,2.8564419998312216,1.3678778927541473,2.458685591984316
548.0,0.7416792638415934,1.3678778927541473,2.5707977998480995
549.0,0.2074005565228108,1.3678778927541473,0.6675113374574341
550.0,-1.2291682565853561,1.3678778927541473,0.18666050087052974
551.0,-2.7106994658404866,1.3678778927541473,-1.1062514309268205
552.0,-4.928679595099002,1.3678778927541473,-2.439629519256438
553.0,-4.727504775525601,1.3678778927541473,-4.4358116355891015
554.0,-2.684279486216716,1.3678778927541473,-4.254754297973041
555.0,-2.058121588630039,1.3678778927541473,-2.4158515375950445
556.0,0.8537970633689846,1.3678778927541473,-1.852309429767035
557.0,1.0233238545357115,1.3678778927541473,0.7684173570320862
558.0,-0.5511314532241103,1.3678778927541473,0.9209914690821404
559.0,-0.2595577913597947,1.3678778927541473,-0.49601830790169926
560.0,0.24542451060553389,1.3678778927541473,-0.23360201222381521
561.0,1.8806394690514476,1.3678778927541473,0.2208820595449805
562.0,2.216349175860889,1.3678778927541473,1.6925755221463028
563.0,-0.936143001887646,1.3678778927541473,1.9947142582748003
564.0,-0.8659985856116398,1.3678778927541473,-0.8425287016988814
565.0,0.9221306094377963,1.3678778927541473,-0.7793987270504759
566.0,-0.5416093096705125,1.3678778927541473,0.8299175484940168
567.0,-1.7058501277128904,1.3678778927541473,-0.48744837870346125
568.0,-2.042375622616854,1.3678778927541473,-1.5352651149416014
569.0,-1.2637202822984752,1.3678778927541473,-1.8381380603551685
570.0,-1.77356911763669,1.3678778927541473,-1.1373482540686277
571.0,-1.6728090285853945,1.3678778927541473,-1.596212205873021
572.0,0.7119262701494891,1.3678778927541473,-1.5055281257268551
573.0,-0.16480909301611746,1.3678778927541473,0.6407336431345402
574.0,0.5370012482156081,1.3678778927541473,-0.1483281837145057
575.0,0.3153362998121598,1.3678778927541473,0.48330112339404735
576.0,1.9534974462458374,1.3678778927541473,0.2838026698309439
577.0,1.2859194320391365,1.3678778927541473,1.7581477016212537
578.0,1.1867124299171696,1.3678778927541473,1.157327488835223
579.0,0.6651607020392336,1.3678778927541473,1.0680411869254527
580.0,0.6391555614791793,1.3678778927541473,0.5986446318353102
581.0,1.9218144929605407,1.3678778927541473,0.5752400053312614
582.0,2.674888261580163,1.3678778927541473,1.7296330436644867
583.0,2.5862068784577614,1.3678778927541473,2.4073994354221466
584.0,3.485521011669484,1.3678778927541473,2.3275861906119855
585.0,1.2515526367833296,1.3678778927541473,3.1369689105025356
586.0,2.5007483533737807,1.3678778927541473,1.1263973731049968
587.0,4.18386435474982,1.3678778927541473,2.2506735180364026
588.0,4.3311607053768295,1.3678778927541473,3.7654779192748387
589.0,5.603020636307874,1.3678778927541473,3.8980446348391466
590.0,3.6469778720923767,1.3678778927541473,5.042718572677087
591.0,2.6469095908833706,1.3678778927541473,3.2822800848831393
592.0,1.4783544910434565,1.3678778927541473,2.3822186317950336
593.0,-1.4518636959846403,1.3678778927541473,1.3305190419391109
594.0,1.5559741035721146,1.3678778927541473,-1.3066773263861762
595.0,3.225935621088934,1.3678778927541473,1.400376693214903
596.0,2.196237627640558,1.3678778927541473,2.9033420589800407
597.0,1.6635472411715118,1.3678778927541473,1.9766138648765024
598.0,-0.24052976770559087,1.3678778927541473,1.4971925170543605
599.0,-2.667887144831956,1.3678778927541473,-0.21647679093503178
600.0,-1.7809454668432987,1.3678778927541473,-2.4010984303487604
601.0,-3.792168641403152,1.3678778927541473,-1.602850920158969
602.0,-5.679207622825177,1.3678778927541473,-3.412951777262837
603.0,-5.500400505256956,1.3678778927541473,-5.111286860542659
604.0,-6.035927514629813,1.3678778927541473,-4.9503604547312605
605.0,-5.776436163354517,1.3678778927541473,-5.432334763166831
606.0,-4.408483746425247,1.3678778927541473,-5.198792547019066
607.0,-2.693860422342012,1.3678778927541473,-3.967635371782723
608.0,-3.7885271610510225,1.3678778927541473,-2.424474380107811
609.0,-4.767528532144906,1.3678778927541473,-3.4096744449459204
610.0,-2.4824710161157943,1.3678778927541473,-4.290775678930416
611.0,-0.4088410710291652,1.3678778927541473,-2.234223914504215
612.0,-1.0421098830049087,1.3678778927541473,-0.3679569639262487
613.0,-1.6095480591822713,1.3678778927541473,-0.9378988947044179
614.0,-0.7997669077829627,1.3678778927541473,-1.4485932532640442
615.0,-1.352630500152384,1.3678778927541473,-0.7197902170046664
616.0,-1.292839175211449,1.3678778927541473,-1.2173674501371456
617.0,-2.2446678505296878,1.3678778927541473,-1.163555257690304
618.0,-2.6590916027619054,1.3678778927541473,-2.020201065476719
619.0,-4.500911667685666,1.3678778927541473,-2.393182442485715
620.0,-6.009052458202322,1.3678778927541473,-4.0508205009171
621.0,-4.732173476963607,1.3678778927541473,-5.40814721238209
622.0,-4.033441137704164,1.3678778927541473,-4.258956129267246
623.0,-5.449245212284486,1.3678778927541473,-3.630097023933748
624.0,-5.134752327040398,1.3678778927541473,-4.9043206910560375
625.0,-5.147545722711961,1.3678778927541473,-4.621277094336358
626.0,-4.208591775752972,1.3678778927541473,-4.632791150440766
627.0,-5.925532772960356,1.3678778927541473,-3.787732598177675
628.0,-7.198793661803592,1.3678778927541473,-5.33297949566432
629.0,-7.628407356871289,1.3678778927541473,-6.478914295623233
630.0,-6.451251933179412,1.3678778927541473,-6.86556662118416
631.0,-5.401672406475518,1.3678778927541473,-5.806126739861471
632.0,-4.979121545671758,1.3678778927541473,-4.861505165827966
633.0,-5.6719609573855365,1.3678778927541473,-4.481209391104582
634.0,-5.746682867615385,1.3678778927541473,-5.104764861646983
635.0,-2.813190114543023,1.3678778927541473,-5.172014580853847
636.0,-2.8927049969308873,1.3678778927541473,-2.531871103088721
637.0,-2.3788082001891566,1.3678778927541473,-2.6034344972377985
638.0,-0.34371148698562703,1.3678778927541473,-2.140927380170241
639.0,-0.24922636439011428,1.3678778927541473,-0.30934033828706436
640.0,-0.5481087806349563,1.3678778927541473,-0.22430372795110284
641.0,1.1931950974439962,1.3678778927541473,-0.49329790257146067
642.0,2.1846395461419745,1.3678778927541473,1.0738755876995967
643.0,2.656565913843255,1.3678778927541473,1.9661755915277772
644.0,0.2570185085474854,1.3678778927541473,2.3909093224589295
645.0,-1.1885506159896637,1.3678778927541473,0.23131665769273688
646.0,-0.711183663992273,1.3678778927541473,-1.0696955543906974
647.0,0.21280499920841545,1.3678778927541473,-0.6400652975930456
648.0,1.1919504133637722,1.3678778927541473,0.1915244992875739
649.0,0.2597380102648872,1.3678778927541473,1.072755372027395
650.0,-0.31192956984286524,1.3678778927541473,0.23376420923839847
651.0,2.379704461681664,1.3678778927541473,-0.2807366128585787
652.0,1.7456962639279636,1.3678778927541473,2.1417340155134976
653.0,1.9967846779339937,1.3678778927541473,1.5711266375351673
654.0,4.411002994355536,1.3678778927541473,1.7971062101405944
655.0,4.316723605556479,1.3678778927541473,3.9699026949199827
656.0,2.7759703785848497,1.3678778927541473,3.8850512450008314
657.0,4.131078511174305,1.3678778927541473,2.498373340726365
658.0,4.12329775264194,1.3678778927541473,3.7179706600568747
659.0,2.07601517520781,1.3678778927541473,3.710967977377746
660.0,3.490826100461775,1.3678778927541473,1.868413657687029
661.0,1.6617666926352725,1.3678778927541473,3.141743490415598
662.0,1.2091047649009308,1.3678778927541473,1.4955900233717454
663.0,1.1313097643737007,1.3678778927541473,1.0881942884108378
664.0,1.8520904490257322,1.3678778927541473,1.0181787879363307
665.0,2.1705886424772527,1.3678778927541473,1.666881404123159
666.0,0.07228140201467959,1.3678778927541473,1.9535297782295276
667.0,-0.7202998681412095,1.3678778927541473,0.06505326181321162
668.0,0.48606499758001964,1.3678778927541473,-0.6482698813270885
669.0,-0.08034834838857013,1.3678778927541473,0.4374584978220177
670.0,2.6794869474630802,1.3678778927541473,-0.07231351354971312
671.0,1.6735279517715216,1.3678778927541473,2.411538252716772
672.0,0.012575672592870069,1.3678778927541473,1.5061751565943695
673.0,-0.04574771987072236,1.3678778927541473,0.011318105333583062
674.0,-0.3968569045898839,1.3678778927541473,-0.04117294788365013
675.0,-1.04511587889735,1.3678778927541473,-0.3571712141308955
676.0,-1.1280846503011916,1.3678778927541473,-0.940604291007615
677.0,0.389071375134858,1.3678778927541473,-1.0152761852710726
678.0,0.6814074124076808,1.3678778927541473,0.3501642376213722
679.0,0.46395247535087597,1.3678778927541473,0.6132666711669127
680.0,-0.7328176940701725,1.3678778927541473,0.41755722781578836
681.0,-3.436957862137145,1.3678778927541473,-0.6595359246631552
682.0,-4.038846956833382,1.3678778927541473,-3.0932620759234304
683.0,-2.6982465025244693,1.3678778927541473,-3.6349622611500436
684.0,-0.5442264777953993,1.3678778927541473,-2.4284218522720225
685.0,0.8975253590921755,1.3678778927541473,-0.4898038300158594
686.0,0.366656625068739,1.3678778927541473,0.807772823182958
687.0,1.7749455296985084,1.3678778927541473,0.3299909625618651
688.0,0.037747854826119864,1.3678778927541473,1.5974509767286575
689.0,-2.1193280694069756,1.3678778927541473,0.033973069343507876
690.0,-1.1297297310401024,1.3678778927541473,-1.907395262466278
691.0,-2.2024920302697044,1.3678778927541473,-1.0167567579360923
692.0,-3.6518831182763996,1.3678778927541473,-1.982242827242734
693.0,-3.6359665167318194,1.3678778927541473,-3.2866948064487596
694.0,-2.186214719864772,1.3678778927541473,-3.2723698650586375
695.0,-1.6236131750189264,1.3678778927541473,-1.9675932478782947
696.0,-1.7570714337642397,1.3678778927541473,-1.461251857517034
697.0,-2.5583885289333033,1.3678778927541473,-1.5813642903878158
698.0,-3.610579655343579,1.3678778927541473,-2.302549676039973
699.0,0.1718803425883988,1.3678778927541473,-3.249521689809221
700.0,-0.2733348476975145,1.3678778927541473,0.1546923083295589
701.0,1.0601674049250878,1.3678778927541473,-0.24600136292776303
702.0,3.360585965527376,1.3678778927541473,0.954150664432579
703.0,3.8990553236201313,1.3678778927541473,3.024527368974639
704.0,3.5056825128366556,1.3678778927541473,3.5091497912581184
705.0,1.365115298177916,1.3678778927541473,3.15511426155299
706.0,-0.03829400798353122,1.3678778927541473,1.2286037683601245
707.0,-0.4030388680570049,1.3678778927541473,-0.034464607185178096
708.0,-0.21248037639864825,1.3678778927541473,-0.36273498125130443
709.0,0.24054991718611285,1.3678778927541473,-0.19123233875878343
710.0,-1.6802044398813059,1.3678778927541473,0.21649492546750157
711.0,-2.2943206041005717,1.3678778927541473,-1.5121839958931753
712.0,-2.61349560938613,1.3678778927541473,-2.0648885436905147
713.0,-1.9313530187892975,1.3678778927541473,-2.352146048447517
714.0,-1.525342323318354,1.3678778927541473,-1.7382177169103679
715.0,-0.49746570206137364,1.3678778927541473,-1.3728080909865188
716.0,-2.3015652264995574,1.3678778927541473,-0.44771913185523626
717.0,-0.9270967635998331,1.3678778927541473,-2.0714087038496016
718.0,1.3242307226999983,1.3678778927541473,-0.8343870872398498
719.0,0.7725619965686714,1.3678778927541473,1.1918076504299986
720.0,1.3467380976921965,1.3678778927541473,0.6953057969118043
721.0,2.2831893230998883,1.3678778927541473,1.2120642879229768
722.0,0.20511895365872213,1.3678778927541473,2.0548703907898997
723.0,-0.9189616505317474,1.3678778927541473,0.18460705829284993
724.0,-0.794560911697907,1.3678778927541473,-0.8270654854785726
725.0,-1.1582338709094266,1.3678778927541473,-0.7151048205281163
726.0,-0.8887536381886337,1.3678778927541473,-1.042410483818484
727.0,-0.8165874140385637,1.3678778927541473,-0.7998782743697703
728.0,-0.6286382225667796,1.3678778927541473,-0.7349286726347074
729.0,0.28666658223607133,1.3678778927541473,-0.5657744003101016
730.0,0.7209008658020097,1.3678778927541473,0.2579999240124642
731.0,-0.8208660471092872,1.3678778927541473,0.6488107792218087
732.0,-0.304366273270725,1.3678778927541473,-0.7387794423983586
733.0,-0.9818750739175166,1.3678778927541473,-0.27392964594365254
734.0,-2.1563774697400193,1.3678778927541473,-0.883687566525765
735.0,-0.9681183639213908,1.3678778927541473,-1.9407397227660175
736.0,0.0842319786218012,1.3678778927541473,-0.8713065275292518
737.0,-0.5447312714871739,1.3678778927541473,0.0758087807596211
738.0,-0.6831451350503386,1.3678778927541473,-0.49025814433845655
739.0,-2.1654244150649564,1.3678778927541473,-0.6148306215453048
740.0,-1.3576261331206632,1.3678778927541473,-1.9488819735584608
741.0,-2.1734123216026435,1.3678778927541473,-1.221863519808597
742.0,0.5029121095859665,1.3678778927541473,-1.9560710894423792
743.0,2.9950365062775393,1.3678778927541473,0.4526208986273699
744.0,2.2168108361436305,1.3678778927541473,2.6955328556497853
745.0,2.1721890210842543,1.3678778927541473,1.9951297525292675
746.0,2.6732046493894486,1.3678778927541473,1.9549701189758288
747.0,0.46146421825298556,1.3678778927541473,2.4058841844505037
748.0,-1.29330359232969,1.3678778927541473,0.415317796427687
749.0,0.17399371974527678,1.3678778927541473,-1.1639732330967212
750.0,-1.193641776611324,1.3678778927541473,0.1565943477707491
751.0,-0.2706017310974833,1.3678778927541473,-1.0742775989501918
752.0,-0.014219000938221149,1.3678778927541473,-0.243541557987735
753.0,-3.0982259771873744,1.3678778927541473,-0.012797100844399034
754.0,-2.3269429070523624,1.3678778927541473,-2.788403379468637
755.0,-0.56449651278824,1.3678778927541473,-2.094248616347126
756.0,0.38169803024877946,1.3678778927541473,-0.508046861509416
757.0,0.5906251245145157,1.3678778927541473,0.34352822722390153
758.0,-0.13006279402453325,1.3678778927541473,0.5315626120630641
759.0,-0.6616812666036722,1.3678778927541473,-0.11705651462207993
760.0,-1.2762691154827337,1.3678778927541473,-0.595513139943305
761.0,-0.8674468825046684,1.3678778927541473,-1.1486422039344604
762.0,1.0767658858850035,1.3678778927541473,-0.7807021942542016
763.0,0.9814651623621211,1.3678778927541473,0.9690892972965032
764.0,1.5180940285415283,1.3678778927541473,0.883318646125909
765.0,1.110671506405703,1.3678778927541473,1.3662846256873755
766.0,0.20393114902148524,1.3678778927541473,0.9996043557651326
767.0,-0.2689009324246594,1.3678778927541473,0.18353803411933672
768.0,0.21843584231072277,1.3678778927541473,-0.24201083918219346
769.0,2.513483120857962,1.3678778927541473,0.1965922580796505
770.0,0.37602525591217595,1.3678778927541473,2.262134808772166
771.0,1.6363817942605192,1.3678778927541473,0.3384227303209584
772.0,4.571288200335481,1.3678778927541473,1.4727436148344673
773.0,4.829540372562143,1.3678778927541473,4.114159380301933
774.0,2.9362710925295747,1.3678778927541473,4.346586335305928
775.0,4.2253840625271275,1.3678778927541473,2.6426439832766175
776.0,5.117906336799609,1.3678778927541473,3.802845656274415
777.0,4.729637814069191,1.3678778927541473,4.606115703119649
778.0,4.105920527339418,1.3678778927541473,4.256674032662272
779.0,5.281556499889778,1.3678778927541473,3.695328474605476
780.0,6.34599989887279,1.3678778927541473,4.7534008499008005
781.0,3.9730928543287214,1.3678778927541473,5.711399908985512
782.0,3.64037054302145,1.3678778927541473,3.5757835688958495
783.0,2.9845569110885863,1.3678778927541473,3.276333488719305
784.0,1.2065954057590538,1.3678778927541473,2.6861012199797276
785.0,0.39886109411601944,1.3678778927541473,1.0859358651831483
786.0,0.909387190505069,1.3678778927541473,0.3589749847044175
787.0,1.7926480442216879,1.3678778927541473,0.8184484714545621
788.0,1.0725430011151764,1.3678778927541473,1.6133832397995191
789.0,0.7508459943876613,1.3678778927541473,0.9652887010036588
790.0,-0.631585080695964,1.3678778927541473,0.6757613949488952
791.0,-0.4367122085746934,1.3678778927541473,-0.5684265726263676
792.0,2.448659400957402,1.3678778927541473,-0.39304098771722407
793.0,-0.14504969807133028,1.3678778927541473,2.203793460861662
794.0,-0.10197110187301292,1.3678778927541473,-0.13054472826419725
795.0,0.6194219002190227,1.3678778927541473,-0.09177399168571163
796.0,0.33660686686553243,1.3678778927541473,0.5574797101971204
797.0,1.5825329066936722,1.3678778927541473,0.3029461801789792
798.0,0.9226691754091042,1.3678778927541473,1.424279616024305
799.0,-1.8081356182277086,1.3678778927541473,0.8304022578681938
800.0,-1.574678153521225,1.3678778927541473,-1.6273220564049378
801.0,-2.943102053355629,1.3678778927541473,-1.4172103381691026
802.0,-0.9741502231857833,1.3678778927541473,-2.6487918480200663
803.0,-3.31635917330426,1.3678778927541473,-0.8767352008672049
804.0,-1.582299066948029,1.3678778927541473,-2.9847232559738344
805.0,-0.6746060362836417,1.3678778927541473,-1.424069160253226
806.0,-0.9890325355388146,1.3678778927541473,-0.6071454326552775
807.0,1.099200394384102,1.3678778927541473,-0.8901292819849332
808.0,2.5857842830597955,1.3678778927541473,0.9892803549456918
809.0,3.3094700054687958,1.3678778927541473,2.327205854753816
810.0,4.7382640796076005,1.3678778927541473,2.9785230049219162
811.0,4.905294900876452,1.3678778927541473,4.26443767164684
812.0,3.47080478273383,1.3678778927541473,4.4147654107888075
813.0,2.557584989881729,1.3678778927541473,3.1237243044604472
814.0,3.3995439973536525,1.3678778927541473,2.301826490893556
815.0,3.911298686961377,1.3678778927541473,3.059589597618287
816.0,2.621995085204811,1.3678778927541473,3.5201688182652395
817.0,0.7416314899987251,1.3678778927541473,2.3597955766843297
818.0,1.6457920611717187,1.3678778927541473,0.6674683409988525
819.0,-1.9848087566997905,1.3678778927541473,1.481212855054547
820.0,-3.2095565837432893,1.3678778927541473,-1.7863278810298115
821.0,-4.345357907480917,1.3678778927541473,-2.8886009253689604
822.0,-3.98220735471058,1.3678778927541473,-3.910822116732825
823.0,-2.6104045006203154,1.3678778927541473,-3.5839866192395218
824.0,-1.1533529472593154,1.3678778927541473,-2.349364050558284
825.0,-0.9923629294122543,1.3678778927541473,-1.038017652533384
826.0,-1.0764087783332914,1.3678778927541473,-0.893126636471029
827.0,-0.9381710280389386,1.3678778927541473,-0.9687679004999623
828.0,0.36708900059692473,1.3678778927541473,-0.8443539252350447
829.0,-0.6638216067433229,1.3678778927541473,0.33038010053723227
830.0,-0.06808408425528856,1.3678778927541473,-0.5974394460689907
831.0,1.5751319298331985,1.3678778927541473,-0.0612756758297597
832.0,2.06469968933558,1.3678778927541473,1.4176187368498787
833.0,0.9204551547578874,1.3678778927541473,1.858229720402022
834.0,-0.5867852045610643,1.3678778927541473,0.8284096392820987
835.0,-1.9164408475062098,1.3678778927541473,-0.5281066841049579
836.0,-2.255632209713582,1.3678778927541473,-1.724796762755589
837.0,-1.8543933437431894,1.3678778927541473,-2.0300689887422236
838.0,-3.3715407495961713,1.3678778927541473,-1.6689540093688706
839.0,-3.7164057431214,1.3678778927541473,-3.034386674636554
840.0,-4.065364160084496,1.3678778927541473,-3.34476516880926
841.0,-2.138527788620557,1.3678778927541473,-3.658827744076046
842.0,-1.3681193007281203,1.3678778927541473,-1.9246750097585015
843.0,-4.198818928615006,1.3678778927541473,-1.2313073706553084
844.0,-2.437541962966086,1.3678778927541473,-3.778937035753506
845.0,-2.059571352900502,1.3678778927541473,-2.1937877666694776
846.0,-4.535154890516083,1.3678778927541473,-1.853614217610452
847.0,-4.1640559037119385,1.3678778927541473,-4.081639401464474
848.0,-2.9048401409149576,1.3678778927541473,-3.7476503133407446
849.0,-4.065132450005639,1.3678778927541473,-2.614356126823462
850.0,-3.5210120825485736,1.3678778927541473,-3.6586192050050754
851.0,-1.820818539946212,1.3678778927541473,-3.1689108742937164
852.0,0.2324169623575334,1.3678778927541473,-1.6387366859515908
853.0,0.7664470962013894,1.3678778927541473,0.20917526612178006
854.0,-0.801215386224985,1.3678778927541473,0.6898023865812505
855.0,0.6885823246128228,1.3678778927541473,-0.7210938476024865
856.0,1.9912147149476302,1.3678778927541473,0.6197240921515405
857.0,3.089197350310845,1.3678778927541473,1.7920932434528674
858.0,4.094086242708282,1.3678778927541473,2.780277615279761
859.0,2.7966863970030653,1.3678778927541473,3.684677618437454
860.0,3.082635342864796,1.3678778927541473,2.517017757302759
861.0,2.954793930207373,1.3678778927541473,2.7743718085783162
862.0,1.9341751954260071,1.3678778927541473,2.659314537186636
863.0,1.3618471635957414,1.3678778927541473,1.7407576758834065
864.0,1.5955929939801694,1.3678778927541473,1.2256624472361672
865.0,1.177528034056898,1.3678778927541473,1.4360336945821526
866.0,1.8558465003969258,1.3678778927541473,1.0597752306512083
867.0,-0.2101869234133864,1.3678778927541473,1.6702618503572333
868.0,3.4010157983152234,1.3678778927541473,-0.18916823107204778
869.0,3.6603656497770047,1.3678778927541473,3.0609142184837013
870.0,3.0021946447411527,1.3678778927541473,3.2943290847993043
871.0,1.220674017206333,1.3678778927541473,2.7019751802670373
872.0,2.9760208153004477,1.3678778927541473,1.0986066154856997
873.0,4.786228008365747,1.3678778927541473,2.678418733770403
874.0,5.867329640125699,1.3678778927541473,4.307605207529172
875.0,5.801891909349735,1.3678778927541473,5.280596676113129
876.0,4.359567161244142,1.3678778927541473,5.221702718414762
877.0,4.163257871064547,1.3678778927541473,3.923610445119728
878.0,3.1645879563797057,1.3678778927541473,3.7469320839580926
879.0,4.192384732921509,1.3678778927541473,2.848129160741735
880.0,5.793430420997671,1.3678778927541473,3.773146259629358
881.0,6.6968173547420005,1.3678778927541473,5.214087378897904
882.0,8.415988002922877,1.3678778927541473,6.027135619267801
883.0,5.968894160988941,1.3678778927541473,7.574389202630589
884.0,7.804268289901486,1.3678778927541473,5.372004744890047
885.0,7.569386540830721,1.3678778927541473,7.0238414609113375
886.0,6.120835896602442,1.3678778927541473,6.812447886747649
887.0,6.616840072691242,1.3678778927541473,5.508752306942197
888.0,7.122892385574348,1.3678778927541473,5.955156065422118
889.0,8.629995173234226,1.3678778927541473,6.410603147016913
890.0,6.936015247298457,1.3678778927541473,7.7669956559108035
891.0,5.364813431421709,1.3678778927541473,6.242413722568611
892.0,4.347358861041767,1.3678778927541473,4.828332088279538
893.0,7.456899377780584,1.3678778927541473,3.91262297493759
894.0,7.525608197195768,1.3678778927541473,6.711209440002525
895.0,8.038214776435467,1.3678778927541473,6.773047377476192
896.0,8.598421222356121,1.3678778927541473,7.234393298791921
897.0,8.336391400917638,1.3678778927541473,7.738579100120509
898.0,6.577394969272651,1.3678778927541473,7.502752260825874
899.0,4.2791721555901185,1.3678778927541473,5.9196554723453865
900.0,1.4617265747115384,1.3678778927541473,3.8512549400311067
901.0,0.9511873892573588,1.3678778927541473,1.3155539172403847
902.0,-0.4893698087983013,1.3678778927541473,0.8560686503316229
903.0,0.19301294031823335,1.3678778927541473,-0.44043282791847116
904.0,1.5367133123391605,1.3678778927541473,0.17371164628641003
905.0,0.07390550862233569,1.3678778927541473,1.3830419811052446
906.0,0.5754137856701566,1.3678778927541473,0.06651495776010212
907.0,2.0503175199416894,1.3678778927541473,0.5178724071031409
908.0,2.7590979366812363,1.3678778927541473,1.8452857679475205
909.0,1.916679065112282,1.3678778927541473,2.4831881430131126
910.0,3.089503828777575,1.3678778927541473,1.725011158601054
911.0,3.6043936116591846,1.3678778927541473,2.780553445899818
912.0,5.739681712448895,1.3678778927541473,3.243954250493266
913.0,7.036566742222737,1.3678778927541473,5.165713541204005
914.0,5.150425548052619,1.3678778927541473,6.332910068000464
915.0,2.592210112084743,1.3678778927541473,4.635382993247357
916.0,2.8263311921763625,1.3678778927541473,2.3329891008762687
917.0,3.9231047715527114,1.3678778927541473,2.543698072958726
918.0,4.00205966915347,1.3678778927541473,3.5307942943974404
919.0,2.254557668615782,1.3678778927541473,3.6018537022381225
920.0,0.8256669339613718,1.3678778927541473,2.029101901754204
921.0,1.739615558518838,1.3678778927541473,0.7431002405652346
922.0,0.6410892826765126,1.3678778927541473,1.5656540026669543
923.0,0.9807678816399794,1.3678778927541473,0.5769803544088613
924.0,1.7057344008382782,1.3678778927541473,0.8826910934759815
925.0,1.7951959927048415,1.3678778927541473,1.5351609607544505
926.0,1.5620014562042697,1.3678778927541473,1.6156763934343574
927.0,0.25353955069532774,1.3678778927541473,1.4058013105838427
928.0,-0.2401072884421109,1.3678778927541473,0.22818559562579496
929.0,0.7376168372901737,1.3678778927541473,-0.2160965595978998
930.0,-0.1214202737090263,1.3678778927541473,0.6638551535611563
931.0,0.8697435075369425,1.3678778927541473,-0.10927824633812368
932.0,2.0900618949552126,1.3678778927541473,0.7827691567832483
933.0,2.1368815649457966,1.3678778927541473,1.8810557054596913
934.0,2.730616900470065,1.3678778927541473,1.923193408451217
935.0,4.191264204224926,1.3678778927541473,2.4575552104230587
936.0,0.3989176108983856,1.3678778927541473,3.7721377838024335
937.0,0.35013752352927763,1.3678778927541473,0.35902584980854707
938.0,0.1549178477247006,1.3678778927541473,0.3151237711763499
939.0,-0.3498525679062137,1.3678778927541473,0.13942606295223053
940.0,-0.3331197044818694,1.3678778927541473,-0.31486731111559235
941.0,-2.7413505388390442,1.3678778927541473,-0.29980773403368244
942.0,-0.010932766407089733,1.3678778927541473,-2.46721548495514
943.0,-0.07520185757387696,1.3678778927541473,-0.00983948976638076
944.0,-0.8259935244772953,1.3678778927541473,-0.06768167181648926
945.0,2.006176121865984,1.3678778927541473,-0.7433941720295658
946.0,2.584917190437124,1.3678778927541473,1.8055585096793856
947.0,1.5919011147341693,1.3678778927541473,2.326425471393412
948.0,1.6704942691393794,1.3678778927541473,1.4327110032607524
949.0,0.8439736687367552,1.3678778927541473,1.5034448422254414
950.0,-0.654132270218889,1.3678778927541473,0.7595763018630797
951.0,-0.40746290927894313,1.3678778927541473,-0.5887190431970001
952.0,0.8799738537378698,1.3678778927541473,-0.36671661835104885
953.0,1.5638387560317157,1.3678778927541473,0.7919764683640829
954.0,1.2489366035730223,1.3678778927541473,1.4074548804285443
955.0,-0.9555987990758676,1.3678778927541473,1.1240429432157202
956.0,-1.0327668780379287,1.3678778927541473,-0.8600389191682809
957.0,0.28977264110633427,1.3678778927541473,-0.9294901902341358
958.0,-0.20727068640180418,1.3678778927541473,0.2607953769957009
959.0,-2.0521896407271853,1.3678778927541473,-0.18654361776162376
960.0,-1.254528370797507,1.3678778927541473,-1.846970676654467
961.0,0.003569994860323833,1.3678778927541473,-1.1290755337177563
962.0,0.05237304937759676,1.3678778927541473,0.0032129953742914496
963.0,0.40015399102561067,1.3678778927541473,0.047135744439837084
964.0,-0.40206090636024633,1.3678778927541473,0.3601385919230496
965.0,1.1924346483220045,1.3678778927541473,-0.3618548157242217
966.0,-0.7886041566133715,1.3678778927541473,1.073191183489804
967.0,0.9413444125418394,1.3678778927541473,-0.7097437409520343
968.0,1.5037870882473856,1.3678778927541473,0.8472099712876555
969.0,-0.20987052437450915,1.3678778927541473,1.353408379422647
970.0,-0.6978716630596848,1.3678778927541473,-0.18888347193705823
971.0,-0.13273024988167625,1.3678778927541473,-0.6280844967537164
972.0,-0.3254641720248805,1.3678778927541473,-0.11945722489350863
973.0,2.1495548157325004,1.3678778927541473,-0.29291775482239246
974.0,1.520727975285224,1.3678778927541473,1.9345993341592504
975.0,0.7950594833010386,1.3678778927541473,1.3686551777567018
976.0,1.1061370887237383,1.3678778927541473,0.7155535349709348
977.0,1.041117436154012,1.3678778927541473,0.9955233798513645
978.0,1.837303526120861,1.3678778927541473,0.9370056925386109
979.0,2.516770405063935,1.3678778927541473,1.6535731735087749
980.0,3.0936174687504274,1.3678778927541473,2.2650933645575417
981.0,3.6848567620680974,1.3678778927541473,2.7842557218753847
982.0,1.6577751362741897,1.3678778927541473,3.3163710858612876
983.0,0.607876180665806,1.3678778927541473,1.4919976226467708
984.0,1.5112539765852167,1.3678778927541473,0.5470885625992253
985.0,1.6862136735221258,1.3678778927541473,1.360128578926695
986.0,0.05629673572808591,1.3678778927541473,1.5175923061699133
987.0,-1.664287070069572,1.3678778927541473,0.050667062155277325
988.0,-1.3066965936015347,1.3678778927541473,-1.4978583630626148
989.0,-2.694359160537885,1.3678778927541473,-1.1760269342413812
990.0,-1.823323901695629,1.3678778927541473,-2.4249232444840967
991.0,-1.8544790013765204,1.3678778927541473,-1.6409915115260663
992.0,0.7991747901171982,1.3678778927541473,-1.6690311012388683
993.0,1.3678655877481165,1.3678778927541473,0.7192573111054784
994.0,1.313146509822064,1.3678778927541473,1.231079028973305
995.0,3.74918753704887,1.3678778927541473,1.1818318588398578
996.0,3.3904272691795314,1.3678778927541473,3.374268783343983
997.0,2.4169426867569173,1.3678778927541473,3.0513845422615784
998.0,4.053257219481849,1.3678778927541473,2.1752484180812255
999.0,2.846401488475917,1.3678778927541473,3.6479314975336643
1000.0,-0.26550886198579127,1.3678778927541473,2.561761339628325
