time,observation,state_1,state_2
1.0,14.528819230959403,12.931992009054046,-2.369898648427805
2.0,8.737074089002821,10.493881471143167,-3.319942179503406
3.0,6.507830950076108,6.24608917669586,-4.353255127211597
4.0,3.954062761522948,3.6883308010664084,-5.051103947799495
5.0,0.5061629542686119,0.2749770949127106,-6.35814052752199
6.0,-6.778937060927481,-5.699841306628594,-4.883611296438588
7.0,-10.98580690041127,-12.29206948992632,-4.395943253215982
8.0,-19.258601796546934,-18.184578072411487,-5.570555842983696
9.0,-27.38939829649146,-23.370817849364503,-6.098313497410419
10.0,-34.236844593807334,-30.102385799411483,-6.402986109326493
11.0,-34.551351962469305,-36.197259657010726,-6.967076601272076
12.0,-43.9517227368061,-44.29363011153418,-7.679360362971565
13.0,-54.10593729472923,-54.53949713283299,-7.630009883211108
14.0,-61.240361684164355,-62.66509313090299,-8.542061927175682
15.0,-74.00971846861243,-71.21315838551158,-7.839464659664689
16.0,-77.3756956817034,-78.17578115874574,-7.086052403015654
17.0,-83.46243972713484,-85.16862994064796,-7.652086097005238
18.0,-96.49631842604872,-94.16934271994766,-7.738153634264151
19.0,-102.51106369501943,-102.59516095252573,-7.1394854843233055
20.0,-110.52439750304634,-110.05974301379216,-6.105257954924817
21.0,-116.47704920818113,-118.1374215152418,-5.599435817215939
22.0,-124.17253210160986,-123.39438003524296,-7.342859166803969
23.0,-131.6256054078562,-132.23302737563623,-7.823140737525518
24.0,-139.66053222737708,-141.62667502130873,-7.235626991288683
25.0,-149.6549990178566,-149.2834670273995,-7.911420694637926
26.0,-153.01479245399128,-155.78283440438074,-8.861088121720194
27.0,-168.78167517908415,-164.84502407323177,-8.55643916328999
28.0,-175.2075948538053,-172.45641852087047,-9.29164992423445
29.0,-183.30602066374982,-181.79251914801281,-9.829626582103046
30.0,-195.86521391201327,-194.03956617891515,-10.647434825765469
31.0,-203.81868630191514,-203.71290287393657,-9.322125789419424
32.0,-207.8422055631115,-212.71568434237201,-9.268175211845938
33.0,-220.8148147190493,-221.94206149350302,-8.949612348185662
34.0,-230.13358357967078,-231.9522548774612,-6.420591645178038
35.0,-237.9415113916024,-236.58135068361204,-6.20945121855528
36.0,-240.71314650036132,-241.76453470513613,-6.650196524465105
37.0,-244.72684284434584,-247.3671546644415,-6.128359676247474
38.0,-256.29157341923786,-253.83599797708763,-6.197970292969107
39.0,-254.83116675161352,-257.3913627233124,-7.75719283965466
40.0,-268.959858551965,-267.37960640079467,-7.564037666008846
41.0,-274.6288501979113,-273.47858744628445,-7.47748271837121
42.0,-279.50699521047886,-280.84574972637233,-6.5364368131279225
43.0,-286.82452062589454,-288.4347585771316,-8.423804709565164
44.0,-294.43331837278555,-296.20942447201304,-9.227727069792797
45.0,-306.54050692108007,-306.98588185905413,-8.94284555394427
46.0,-314.0055323482087,-315.81188125368,-8.194113815351507
47.0,-320.76653525776976,-322.6976002468164,-8.871284109419609
48.0,-332.66340285266625,-332.70020787211575,-11.02270196168248
49.0,-343.39638066035207,-343.2751110344544,-11.164684390695374
50.0,-356.0935735583764,-355.39273233757893,-9.891085455713776
51.0,-369.27571116041264,-367.8533725457285,-8.954383162574805
52.0,-375.58223714427044,-378.1606414084686,-10.509365376634468
53.0,-389.4907361357153,-390.54066597184504,-9.824394276087881
54.0,-401.41708240725774,-400.91000178921286,-9.915212454919253
55.0,-412.120586698979,-411.78553430967145,-11.546003782608162
56.0,-421.6988577339119,-421.04895270752104,-10.98802738386606
57.0,-435.1355814817403,-436.12188746257215,-12.472549408385921
58.0,-448.02222206589596,-448.76484059124385,-12.59758026259577
59.0,-458.24834549622193,-461.26465895555316,-10.572767476048263
60.0,-472.909588735719,-473.0213066814297,-9.990704803277552
61.0,-480.45983700228726,-482.9472482447224,-10.399639340042398
62.0,-493.50463387671573,-495.1488611115991,-10.98546139108836
63.0,-507.0138955587465,-506.4327850473665,-11.3194289770262
64.0,-515.8633219178366,-517.8519731863598,-12.055349698178764
65.0,-527.7686074141012,-529.6863463933793,-12.095910389723585
66.0,-544.2940927714297,-543.2444087059442,-11.935482074431402
67.0,-554.0422332086684,-555.8403169733551,-13.118588371337976
68.0,-566.3809042399993,-568.3125088397603,-12.233976116183516
69.0,-581.3958958218092,-580.7204223584102,-11.91106891803586
70.0,-591.5999847959267,-591.8909910074266,-11.33263197607547
71.0,-605.7150546420391,-602.9454377157334,-11.830690240461838
72.0,-613.5945066611476,-615.6993782340048,-12.84037705080923
73.0,-629.6761100243053,-629.3332080944349,-12.815225678362765
74.0,-647.2086066371179,-644.3085131286064,-11.922990164046617
75.0,-654.6084965960071,-656.5652784549773,-11.929150469926345
76.0,-666.9430074516667,-666.4358784552334,-13.069829505838598
77.0,-677.8571696575108,-679.656094791846,-12.578212772768202
78.0,-693.0425893511107,-693.3784404279259,-10.93337492445384
79.0,-703.4964357131406,-703.6767947618278,-10.395769889487882
80.0,-713.3052394202712,-712.95321380927,-11.6518031951665
81.0,-728.0539356618117,-726.2133116634184,-12.654124079075832
82.0,-737.6859656152948,-737.4461368536568,-12.72619490000705
83.0,-753.0188227423643,-752.3845568972619,-12.36415974896398
84.0,-764.9911140260064,-762.5693173578084,-12.19387670112294
85.0,-775.4014819794883,-775.5509860106315,-13.40537998012409
86.0,-787.3353555237342,-787.2683565366373,-13.215573410151414
87.0,-801.7382894616746,-801.9442889040811,-13.915621093828927
88.0,-816.6952219784237,-816.2689753534427,-14.701209097287414
89.0,-830.1590441640058,-829.8176956518469,-12.677596438101519
90.0,-840.1227496791662,-841.3130249444256,-13.045888335647447
91.0,-855.1609438669295,-854.296399374387,-12.619733641262396
92.0,-869.1850896861163,-866.8489376985204,-13.854771237558788
93.0,-882.5380581535791,-883.0763127531698,-13.425782007697151
94.0,-896.8257358975751,-896.0709910864707,-11.983938651451924
95.0,-907.1077701886569,-906.0863913422767,-13.279456127048473
96.0,-919.9088000568584,-919.0301930591406,-14.657640575399173
97.0,-934.8087430466077,-933.4049387780673,-14.836080885260664
98.0,-947.5332764543915,-947.3611330756395,-14.328727549028372
99.0,-963.4461915639015,-961.8623763907003,-13.363653246267338
100.0,-976.5404205808641,-977.3141883743226,-13.578775031012288
101.0,-988.4336929597873,-989.3489926667442,-11.82212793735296
102.0,-1001.1663220430611,-1003.0695225096983,-12.799643843663073
103.0,-1018.6382369394199,-1017.4015442423516,-12.772810057109478
104.0,-1030.6785018469222,-1029.5884674655524,-12.307085658049873
105.0,-1044.0282367233992,-1040.6925796384025,-12.167666260006476
106.0,-1053.8081479668417,-1053.1297625402387,-12.767450613073603
107.0,-1067.7681484717627,-1067.5869388869478,-13.217906999175758
108.0,-1081.7640773133207,-1082.0676359348,-13.182120086865694
109.0,-1092.6536644118119,-1094.5581264251798,-13.166326296883017
110.0,-1108.3803191692184,-1106.7804179120164,-12.68206520517562
111.0,-1117.8410881825237,-1119.1836297561565,-12.532016916899076
112.0,-1133.6286339421124,-1131.8959466674303,-11.681776724658251
113.0,-1143.2304384570027,-1142.0043532837879,-11.415403451117045
114.0,-1156.485541334455,-1155.409408189233,-11.939197021070354
115.0,-1168.9810367831562,-1169.5514490863,-11.393608201095761
116.0,-1179.4876568892441,-1180.9740181953075,-11.035346452967586
117.0,-1190.424357869452,-1192.8940460736571,-10.861047021380308
118.0,-1204.3148428010418,-1202.910220053851,-10.4576099638405
119.0,-1215.2138165841081,-1215.4933952004199,-10.105507350650084
120.0,-1225.3726475030246,-1222.9432287077454,-11.528087552676187
121.0,-1231.8875783969074,-1233.4551971533363,-10.45253752510463
122.0,-1243.985354235971,-1244.704461773309,-10.791876411068374
123.0,-1253.8245181511368,-1254.7931766375752,-9.395792749042235
124.0,-1259.2494008943386,-1259.9609648507192,-9.16351061911858
125.0,-1268.635274436666,-1269.9905826206975,-10.438125009128312
126.0,-1281.9431339086784,-1283.3703769625563,-10.677180319929969
127.0,-1293.203708508084,-1295.1361550958957,-9.739723528071588
128.0,-1305.311844382118,-1302.8323610968932,-9.761651514964672
129.0,-1313.261995437982,-1312.0900440151386,-10.52296925688629
130.0,-1324.8738029777367,-1323.2275741439205,-11.082131198468659
131.0,-1336.9019353769002,-1333.8103225647978,-11.91392493709962
132.0,-1342.593958044962,-1342.9839875967905,-11.556025981972214
133.0,-1356.5403138860581,-1355.405790009796,-12.169571031366297
134.0,-1368.5728336842235,-1367.9210446462916,-11.565061885656252
135.0,-1377.0029658941687,-1378.8053404471345,-12.454995610790395
136.0,-1392.3818068712721,-1391.7198989082538,-14.28314466240147
137.0,-1406.5735334822916,-1403.4110947954682,-15.515885808185667
138.0,-1421.611212526999,-1418.1571659330154,-15.548619369687634
139.0,-1435.109486731171,-1434.1420648034605,-16.44175442094949
140.0,-1453.061033714391,-1450.8438746910213,-16.34492968721068
141.0,-1469.0925523845613,-1467.901401330138,-15.700570092243163
142.0,-1481.4995013205064,-1483.246345109456,-14.456682331823782
143.0,-1497.259513602303,-1497.6000164346835,-15.281882336607039
144.0,-1514.0728890583832,-1512.5389789438545,-13.911702990558107
145.0,-1526.4792770157171,-1526.5917781062467,-14.926773007176257
146.0,-1541.704652770474,-1543.8694219744891,-14.721528823140495
147.0,-1558.488222483453,-1559.554057222846,-14.897049329051738
148.0,-1576.0005828394799,-1576.3240752970455,-15.570754516478601
149.0,-1591.4291628165706,-1591.6885552193905,-15.710270200123896
150.0,-1608.117167938466,-1608.2764978498524,-15.654796286129073
151.0,-1624.4607180580724,-1624.1651274054045,-16.3216941489302
152.0,-1640.2352667430425,-1638.9301836567959,-15.356904847301694
153.0,-1657.58291653582,-1656.496361360904,-14.5794138995973
154.0,-1675.484378807456,-1671.1414161450623,-14.591235847696927
155.0,-1683.5631462526235,-1685.191713046001,-14.095490396527671
156.0,-1700.0492631056961,-1699.438653991608,-15.674674431489859
157.0,-1715.6415313951688,-1715.9648702228712,-15.887191781427898
158.0,-1736.6603404559653,-1731.329552398495,-17.677945221051512
159.0,-1748.3956353603253,-1748.5768533234123,-15.338457426081636
160.0,-1763.6324241733791,-1763.2220349601175,-15.308556090551132
161.0,-1775.9354882954067,-1777.7991636978763,-15.953970075460488
162.0,-1792.629454358066,-1794.443037625282,-15.954218462461172
163.0,-1804.982067242194,-1807.7478792708146,-15.678648820946005
164.0,-1827.137351896439,-1826.3048414864916,-15.989635806493535
165.0,-1844.835674652771,-1843.8517666709065,-14.719072882393338
166.0,-1861.6041677070693,-1859.3964982772877,-14.345828918750936
167.0,-1876.2664629985452,-1875.0656541444366,-14.76721594623083
168.0,-1891.383812290124,-1892.1296136926892,-14.865968029492524
169.0,-1909.6670189048582,-1907.4945707206286,-15.285935565567431
170.0,-1923.00900057354,-1921.193641295799,-16.387202221708787
171.0,-1940.6798393161032,-1937.2310151524025,-15.379694774606882
172.0,-1955.0418949515995,-1956.4731889888133,-14.326265428147144
173.0,-1973.1546729068557,-1971.521378525849,-15.95191852641161
174.0,-1986.1255617042318,-1987.483967832134,-15.816927547150092
175.0,-2000.8435369606,-2002.6152493342572,-15.024893500359159
176.0,-2019.2103398760016,-2018.0440889252075,-15.15781833816008
177.0,-2034.0327481189877,-2033.3518787454768,-15.430862501566763
178.0,-2048.7710476382513,-2050.1071742766235,-16.359421264583577
179.0,-2062.1519378684643,-2062.978970037401,-19.112198311802565
180.0,-2082.903814330657,-2084.2719768470047,-20.70742181014539
181.0,-2106.137637282794,-2104.6349882121626,-20.906162436639576
182.0,-2127.9014362486682,-2125.8415279583583,-21.344495957293116
183.0,-2149.1678226159306,-2147.725977685102,-22.75636702249121
184.0,-2171.787981842879,-2171.552935891645,-22.42425150252271
185.0,-2196.2939102181135,-2196.270518078672,-22.701293222445837
186.0,-2221.522774600525,-2220.3733906145794,-23.44051169787469
187.0,-2243.1497745120255,-2242.5942367211846,-22.830484396423632
188.0,-2264.937149749229,-2263.605042800916,-22.902093542782207
189.0,-2285.5545730735007,-2287.4523059842677,-20.011797282495365
190.0,-2310.4205607843664,-2306.8817815612697,-18.416047576555755
191.0,-2327.891722680546,-2326.754279080766,-17.353601406731833
192.0,-2349.0627630699137,-2345.8866832520644,-17.115758351491532
193.0,-2364.134330303984,-2362.590118824437,-15.43104637763705
194.0,-2378.7144437263473,-2377.369953633577,-16.18888265404702
195.0,-2391.973910005267,-2391.9998307100723,-14.967368332571386
196.0,-2408.1277757872303,-2406.640998125902,-15.176024801923516
197.0,-2423.702032712606,-2422.725207790513,-13.625066254424292
198.0,-2434.0390439391895,-2434.4425621883597,-15.123849488658742
199.0,-2447.508226988286,-2448.5303422542324,-14.036806460809208
200.0,-2463.3757546293805,-2465.6807820599865,-14.86701967235847
201.0,-2478.4177607481734,-2481.216361403445,-14.223411421194115
202.0,-2495.0043154473706,-2494.6792390356327,-13.480174963264263
203.0,-2507.390262696875,-2508.9261255573456,-14.583691816647974
204.0,-2526.1122733971047,-2523.725926288436,-15.245660146678661
205.0,-2538.502709954244,-2538.9902234519573,-15.605848401987023
206.0,-2559.8269662172584,-2557.7537654932967,-15.572269683084212
207.0,-2574.1244468896084,-2573.114916311683,-13.642941054930192
208.0,-2583.900436089109,-2585.540117404034,-14.153780759387816
209.0,-2601.6502661578497,-2601.0962158170346,-14.049527407064545
210.0,-2612.3286983556395,-2612.0550712736203,-15.172256255380404
211.0,-2627.227647290862,-2627.9039300870086,-14.371545955570152
212.0,-2643.8211418626574,-2645.4996423516436,-14.688902479390315
213.0,-2660.3037719073363,-2660.239935228166,-14.218273103552113
214.0,-2675.8947815664155,-2674.4911750272295,-13.957970816594434
215.0,-2689.198870357285,-2690.502109727806,-14.083180260332925
216.0,-2707.7204330894165,-2707.485669360371,-14.150677250550745
217.0,-2721.7777549427014,-2721.734546320604,-15.665476781662273
218.0,-2733.137977453647,-2735.377743427599,-14.995104919755757
219.0,-2751.664943424981,-2752.004868547605,-14.429899286862415
220.0,-2767.6704038483426,-2767.6418850001983,-15.445571770050796
221.0,-2785.172042694585,-2785.302131055582,-16.721600544253125
222.0,-2802.3272967537396,-2801.7137081568894,-17.371549307850664
223.0,-2818.8510697115385,-2819.0835490035615,-16.487482210866165
224.0,-2834.176930124798,-2836.227991643409,-16.0421061551205
225.0,-2856.1255598804237,-2853.930708646414,-15.991617645584528
226.0,-2870.554544302658,-2868.082136776299,-16.571884232498505
227.0,-2884.443509134776,-2886.934601824901,-16.565874246662254
228.0,-2905.1426069107956,-2904.6737224029334,-15.912679824890944
229.0,-2922.6738674728253,-2920.4635285294144,-15.533755596382527
230.0,-2938.442042252302,-2937.4311501389707,-14.54848120762335
231.0,-2951.8220471521645,-2951.4832955330744,-13.758591701591516
232.0,-2965.428412135218,-2964.067374362191,-12.282337524955858
233.0,-2978.1671304178176,-2978.1158122072216,-14.235239590091947
234.0,-2990.8902560055485,-2992.0766115633232,-13.900335760886506
235.0,-3003.1187740904597,-3004.693440011074,-12.86328584580479
236.0,-3017.6111865098865,-3016.373584727121,-12.10889827393437
237.0,-3029.6987912780296,-3029.8506820205666,-12.628462018560421
238.0,-3045.5189919369523,-3044.0103319188165,-13.184637320210236
239.0,-3059.704480041063,-3057.3045200884885,-12.66569801143622
240.0,-3069.7471312442653,-3070.5583199172274,-12.007073207709173
241.0,-3089.4167130038345,-3086.1864360608133,-12.814203683302376
242.0,-3101.3060612460777,-3100.72704939776,-11.806676684183495
243.0,-3111.1344461222343,-3112.488521812574,-11.885531390132435
244.0,-3126.0078901138904,-3126.325832789374,-12.905380934840158
245.0,-3137.0306969038825,-3140.88777618397,-12.567806050250523
246.0,-3154.333504679708,-3154.574251802179,-13.548907189408961
247.0,-3165.1347554956446,-3167.70458235443,-13.84995791839689
248.0,-3185.109749755853,-3181.470432569893,-12.226378574875387
249.0,-3195.6902467036903,-3192.2860864092204,-13.549214563983304
250.0,-3209.545686976024,-3206.075597686679,-12.646089312352704
251.0,-3218.727824663405,-3218.8470029799028,-13.20675618573419
252.0,-3231.0114411342797,-3230.327586195177,-11.557268033273413
253.0,-3239.7965663378104,-3241.5413311850775,-11.449862100921122
254.0,-3250.4971981876047,-3251.8190887612254,-11.489966195140822
255.0,-3263.5891019500405,-3262.777309862399,-10.096458601802745
256.0,-3272.559404964547,-3273.526022624446,-11.223764810381644
257.0,-3286.494712029469,-3283.142902936665,-11.714252364437508
258.0,-3295.014341985582,-3296.770688929363,-11.518012557545195
259.0,-3308.3220343830303,-3310.2286115075967,-10.792640561229343
260.0,-3320.5477525440792,-3320.960132626588,-12.352097264355825
261.0,-3330.319166102422,-3330.375379150218,-12.604164346282818
262.0,-3340.4685669252926,-3341.872140988174,-11.354685834405018
263.0,-3358.226235049303,-3355.351209232911,-11.035155774455552
264.0,-3367.2999353970763,-3365.025174037861,-10.921765512449822
265.0,-3380.3902965740003,-3376.3525900460627,-11.225745122140532
266.0,-3389.6650008738666,-3389.206003305056,-11.902273340288222
267.0,-3401.1316481173894,-3401.048883880268,-10.0856083143685
268.0,-3409.2476939968874,-3409.770206540559,-11.312174031694045
269.0,-3421.157399805491,-3419.5682792375515,-12.26541194389045
270.0,-3429.6857275828465,-3430.953179283134,-14.616259685825469
271.0,-3448.4278965543763,-3447.9618260165244,-13.763740723727475
272.0,-3461.1937626019408,-3460.4999770105082,-12.681701117615505
273.0,-3472.9738051342792,-3475.3388356312553,-14.322477892487601
274.0,-3490.6139989476856,-3491.3584624436326,-14.590211629745207
275.0,-3507.2021098245073,-3507.0952509164713,-16.273668064026563
276.0,-3526.8411160017667,-3523.9229668396756,-16.35686453567674
277.0,-3538.6306532332483,-3540.3891884911327,-17.64090067039072
278.0,-3553.222471190777,-3556.6001047051454,-19.32002857530633
279.0,-3578.921773034045,-3577.529358492439,-20.414161044817554
280.0,-3598.8056623956436,-3599.3492401942412,-19.94419838944743
281.0,-3618.1313680440257,-3618.7953925217294,-17.912119949062028
282.0,-3637.3639214652094,-3637.003942915823,-17.61284873238697
283.0,-3652.1459951225947,-3654.4757369914228,-17.010119614163646
284.0,-3669.2145435809457,-3670.9919831424772,-16.989231422175656
285.0,-3688.7162962611915,-3688.6188000001503,-17.786049406512994
286.0,-3705.8028260664955,-3706.1259555025104,-17.741148419174802
287.0,-3723.384347681591,-3723.4434221928977,-16.604707102556503
288.0,-3742.9154568479507,-3739.336217058419,-17.10966770471786
289.0,-3756.764649829805,-3756.2505603813643,-18.096842211392453
290.0,-3771.997126211432,-3775.028180659105,-18.089357891453723
291.0,-3795.6911639356827,-3794.244464238933,-17.541022780039732
292.0,-3808.411890980645,-3811.2782002008435,-16.49716604053913
293.0,-3827.2694719000165,-3827.697220118382,-18.269824379795516
294.0,-3846.549273270881,-3844.3368485727137,-18.098580756621292
295.0,-3866.011143348382,-3863.993104937648,-18.820268625452307
296.0,-3883.9130790257323,-3882.172872557183,-18.55056647450359
297.0,-3899.5589266826437,-3900.4894054730253,-19.23150836244684
298.0,-3922.5813928862503,-3921.814454689072,-19.166705701914328
299.0,-3942.6527728143446,-3942.380029655777,-19.679727126362835
300.0,-3962.2814302507977,-3962.6628230853685,-19.84317143651507
301.0,-3981.894086769352,-3983.122716755602,-20.004967807001464
302.0,-4002.272233633935,-4003.5291181785824,-18.34278213919843
303.0,-4019.7836763604196,-4020.906303004983,-15.459010944055544
304.0,-4035.2372323795707,-4035.7508109463515,-17.61222285391037
305.0,-4054.9180071987507,-4055.8746928611345,-17.97237862518219
306.0,-4072.9596082373896,-4073.5620659243177,-19.05691842569893
307.0,-4096.362875497414,-4093.6528258720277,-20.268856756925846
308.0,-4118.177675030945,-4115.276362003483,-21.29664738932265
309.0,-4135.518466786053,-4136.4991152651255,-21.626712846357332
310.0,-4158.459549382978,-4157.6308403903495,-21.771434684721918
311.0,-4177.904578964496,-4178.254174609633,-22.20348073887859
312.0,-4202.013657156715,-4202.126193074758,-20.292150037630297
313.0,-4221.645650029835,-4222.2384663358935,-20.620724017197215
314.0,-4244.113856449613,-4244.5487580328945,-22.711038461081312
315.0,-4267.157957780032,-4267.602533503982,-23.72746791880311
316.0,-4293.566470871174,-4289.949794474463,-23.754345734461214
317.0,-4317.004746434961,-4314.933341189083,-23.482147365768427
318.0,-4337.25875542658,-4338.877569076628,-25.10207824586771
319.0,-4365.078756844011,-4365.177319731018,-25.38026953062583
320.0,-4387.472790976627,-4390.344662099943,-24.639248369284463
321.0,-4416.870234103577,-4416.547294703752,-22.95112341989356
322.0,-4440.378053091626,-4439.070093658933,-23.587172525764846
323.0,-4457.7248878439295,-4459.7821639945805,-22.26833092818631
324.0,-4484.13647780978,-4480.183649227129,-22.558935976505555
325.0,-4503.47519767813,-4502.730169078662,-23.97450854330309
326.0,-4526.468626049746,-4526.432391071694,-23.813100422807334
327.0,-4548.007848754892,-4551.110352397721,-24.32591234440138
328.0,-4572.773095777134,-4572.709007489894,-24.77975431923306
329.0,-4594.842752849184,-4597.86408336387,-25.270486435285207
330.0,-4626.362241752956,-4624.1041883891185,-24.94931555985112
331.0,-4654.390973860863,-4650.390780721668,-25.011771725245787
332.0,-4675.104690778979,-4675.065349412535,-23.101137766220056
333.0,-4700.324891195952,-4697.721407902406,-23.7408742121973
334.0,-4722.008516205952,-4721.511752725062,-24.26086573660454
335.0,-4745.041537366447,-4745.444819056576,-23.22442616707671
336.0,-4768.494690222903,-4768.063706740882,-24.994177353844922
337.0,-4794.551953936162,-4793.544024157242,-25.359111309855194
338.0,-4821.243191568103,-4820.160016439614,-23.815404405829533
339.0,-4844.802356296589,-4844.035072155053,-22.22905073577314
340.0,-4865.556917431424,-4865.376001090068,-21.93563365795546
341.0,-4886.142410725523,-4886.623873608769,-22.149112319196856
342.0,-4906.939755392987,-4907.097186880919,-22.22338718659541
343.0,-4925.208603198906,-4928.125906895077,-24.42697436962365
344.0,-4953.303219293512,-4953.091771636678,-25.135211098039065
345.0,-4977.023114451097,-4979.377736774481,-24.82381482336579
346.0,-5000.16719572113,-5003.078897114665,-25.27956766710466
347.0,-5028.053374597464,-5028.304318764602,-23.90283223454582
348.0,-5051.483723077938,-5052.927533945635,-25.767835598747787
349.0,-5078.080681456321,-5080.150563674659,-26.42051331648577
350.0,-5109.1985120358,-5107.120733434687,-26.426904984037446
351.0,-5132.744720838716,-5132.046961393957,-28.563204673099015
352.0,-5163.52688951579,-5164.420437594632,-26.83409546621765
353.0,-5184.5987313181595,-5190.463478983328,-28.067259820130463
354.0,-5223.139103757688,-5218.925512300024,-28.49851393387887
355.0,-5246.344759356557,-5246.593389412099,-27.24367038014119
356.0,-5271.233355746133,-5274.5830298463015,-27.429654130510713
357.0,-5302.464322688236,-5302.78107652709,-27.36359607946667
358.0,-5329.872042717837,-5327.488809696041,-27.666216794291735
359.0,-5358.615836613334,-5355.643153979212,-26.86328001021457
360.0,-5381.405530349988,-5383.397951307595,-26.67307636990082
361.0,-5410.568045676812,-5411.0036944606145,-28.09283954422226
362.0,-5439.737955587672,-5439.023327580474,-28.602647736958012
363.0,-5463.831482191463,-5466.039248296662,-28.585547396879065
364.0,-5493.238849369895,-5495.572722661688,-28.499272216964552
365.0,-5522.855795366334,-5523.434828143593,-26.065140102121543
366.0,-5547.8520114669345,-5550.039167816235,-27.277645611261082
367.0,-5577.855277653204,-5578.526277661656,-25.915742421471844
368.0,-5606.00365362423,-5606.070120022584,-26.266913248160094
369.0,-5633.752428087343,-5632.749708495644,-27.50354961353257
370.0,-5660.850585446033,-5660.275673061025,-27.08767462254866
371.0,-5683.519925788325,-5684.2348897164065,-26.239749099763714
372.0,-5707.765076167242,-5708.213774608154,-26.53338303010387
373.0,-5738.193195979126,-5735.684543753293,-27.20643092023726
374.0,-5764.969373893198,-5762.57598345993,-26.49674459815738
375.0,-5791.508996009956,-5787.064353470698,-26.01455669255841
376.0,-5812.207067255914,-5813.558252770536,-27.913802707424743
377.0,-5841.498138559364,-5840.579473386778,-28.249236964261204
378.0,-5868.59418698134,-5869.559756185698,-27.9623024581768
379.0,-5893.779472542692,-5894.829092647645,-26.963871557074793
380.0,-5920.49490767826,-5920.953953721618,-25.16624037951569
381.0,-5948.031760083934,-5946.215881666253,-26.090407927124268
382.0,-5975.059773700846,-5973.850315051681,-27.07573036971698
383.0,-6000.80039546681,-6000.046377161259,-26.81889896686504
384.0,-6028.654543019662,-6027.5400766911725,-26.7654109641604
385.0,-6055.802802692189,-6054.294099371549,-27.388250665842982
386.0,-6076.826766874139,-6079.297379566905,-28.056233469672055
387.0,-6104.899394979891,-6106.643450223858,-27.463811618998594
388.0,-6139.707835357236,-6136.559768643778,-26.4777783292187
389.0,-6162.193973901161,-6164.106240539145,-26.296860281245884
390.0,-6185.738288258342,-6190.0956432850935,-26.137869827736438
391.0,-6212.646247412607,-6213.291646299948,-26.879122757234615
392.0,-6242.453179542376,-6240.269561723924,-27.01881513151617
393.0,-6268.580458380685,-6269.878181858876,-27.90659374305778
394.0,-6295.345629952434,-6297.35312241166,-27.27566269401005
395.0,-6326.488458721393,-6325.918652032278,-28.781919648894924
396.0,-6354.28466592338,-6354.335879552637,-29.88211969561915
397.0,-6386.916563790437,-6385.500400744934,-31.437854101312357
398.0,-6418.408312238201,-6419.038085839985,-30.413236097943813
399.0,-6450.88027059489,-6450.872409375512,-30.431770521492115
400.0,-6480.742811690984,-6479.089007142643,-29.986062878457478
401.0,-6509.491488198061,-6508.241925186214,-29.264183900290796
402.0,-6540.001067159996,-6538.381383447528,-30.697700845494417
403.0,-6572.938339733878,-6569.646997518286,-32.27798953811845
404.0,-6603.181652951769,-6601.941848721651,-31.69130589572973
405.0,-6632.035150555368,-6632.592392498579,-29.273913916075823
406.0,-6663.033400951899,-6659.188606978452,-30.64340168547481
407.0,-6693.940010776014,-6691.267862672474,-32.56164151185622
408.0,-6725.153857909375,-6724.040877709767,-33.49111364594106
409.0,-6758.53701655772,-6757.461238799431,-32.7817949268838
410.0,-6791.5450220155535,-6792.470794851402,-32.6103790626932
411.0,-6825.946879647981,-6824.369651373412,-35.08857632523722
412.0,-6859.471846687084,-6858.882889715749,-36.192615767242266
413.0,-6889.5455591399705,-6892.925168810331,-36.71212997036526
414.0,-6933.402427767145,-6930.046209671373,-37.1885142531062
415.0,-6967.665678531986,-6969.100988303068,-37.200963071646775
416.0,-7005.581643536045,-7006.45918541991,-37.89651947950372
417.0,-7044.831918257876,-7044.301541436911,-36.76858657701503
418.0,-7078.0805332157615,-7078.149591893008,-36.95294909558722
419.0,-7114.857864829166,-7114.831944671141,-37.741381110212735
420.0,-7153.447460580314,-7153.425135260205,-37.75175305260417
421.0,-7188.591229392528,-7189.251775849737,-38.40760359427852
422.0,-7229.39538796367,-7230.043231185993,-36.7867844803923
423.0,-7265.960749870864,-7264.978937531577,-36.19176989499308
424.0,-7299.733168372787,-7301.393206193819,-36.895557288004994
425.0,-7338.729949646996,-7338.85607784127,-36.66462666264165
426.0,-7372.984810918593,-7374.386156625455,-36.517066555229334
427.0,-7409.111646886255,-7410.015466438728,-36.49351917824962
428.0,-7442.067088586544,-7445.944810872972,-35.389142516531564
429.0,-7481.7731057508545,-7484.7723879012765,-35.77399251558145
430.0,-7519.437413039647,-7519.405665393187,-34.43313645996899
431.0,-7553.37397028053,-7554.400459410853,-34.74598953640049
432.0,-7587.834080215308,-7588.179559650175,-35.07317793371818
433.0,-7619.814345417857,-7620.734026208174,-35.03554008086216
434.0,-7658.352397098594,-7658.643671003377,-34.718616101462715
435.0,-7693.013987145969,-7694.900935561011,-35.52460865758314
436.0,-7732.114272710734,-7730.8881182722525,-35.76726435183153
437.0,-7764.365800958061,-7764.40121748098,-35.53470465815747
438.0,-7801.392161056966,-7800.196577230507,-35.34291448753917
439.0,-7837.168632347109,-7836.280795718126,-34.511837675841434
440.0,-7874.341855135537,-7871.589626658773,-34.06349213005327
441.0,-7903.991332389285,-7905.861444870961,-33.07823428682234
442.0,-7936.64735626725,-7938.570116793294,-31.856145498864425
443.0,-7973.141640609641,-7970.759941887773,-30.51897162300932
444.0,-8001.836460873438,-8003.160212504122,-31.083584787931194
445.0,-8035.325021464396,-8034.69571250616,-28.918211061724204
446.0,-8064.542864835769,-8064.445467016021,-29.343970187749907
447.0,-8093.945044519879,-8093.215990129602,-29.80576142522562
448.0,-8125.970400291201,-8124.848176104418,-29.671609206308098
449.0,-8158.05606557766,-8155.659921550706,-30.076014580917803
450.0,-8187.497226180981,-8184.805700575512,-30.486615029841907
451.0,-8219.028966470907,-8217.81814382584,-31.029005216946857
452.0,-8250.45029782239,-8248.010565581963,-31.381157423550135
453.0,-8277.174138753187,-8277.850546336096,-31.840378410448988
454.0,-8311.293234266692,-8310.069757604817,-34.065019913968534
455.0,-8344.027896336318,-8343.586210060592,-35.13561468209471
456.0,-8378.280385985938,-8379.695475587585,-35.21871836450432
457.0,-8419.71582806758,-8416.199224466187,-35.90544939385719
458.0,-8452.815827103714,-8452.323418263662,-35.620677044493554
459.0,-8485.811556960032,-8487.035331533041,-35.58770584918716
460.0,-8522.31735656301,-8522.18586041665,-35.01506273859348
461.0,-8559.522376540961,-8560.310986367725,-34.10424375059412
462.0,-8595.648537244224,-8595.453098072405,-34.11805490416273
463.0,-8632.273454616505,-8630.551502037853,-32.795504645347364
464.0,-8663.247729438795,-8663.619742911269,-33.54889598799892
465.0,-8698.011623025332,-8700.748274729056,-34.56994630886528
466.0,-8736.687547976933,-8736.631368919183,-35.05889876941611
467.0,-8770.403808333025,-8770.41471922189,-33.29163335832298
468.0,-8802.063244730318,-8803.08780680898,-32.37729978763823
469.0,-8832.87601780275,-8833.539010239348,-32.68739921982853
470.0,-8866.416189469031,-8867.439963811492,-32.82092282702698
471.0,-8902.282358369359,-8902.298949134214,-32.782491476995425
472.0,-8932.738885476345,-8934.03648659819,-31.814972642993666
473.0,-8964.160457940196,-8964.810043530317,-32.20697755926494
474.0,-8996.86980367851,-8997.936289773925,-32.77965167331956
475.0,-9028.470226441683,-9027.871512256792,-32.87081463104251
476.0,-9061.28273315645,-9059.049799557977,-31.668273932255516
477.0,-9086.959114396124,-9089.630835315222,-30.460293122189032
478.0,-9122.590253995653,-9119.22393848755,-30.66190142442913
479.0,-9147.592898294253,-9148.857504872578,-32.51289678131572
480.0,-9180.714068965168,-9179.892366391621,-31.976152370554978
481.0,-9209.891296415586,-9210.63078607341,-31.31005205590121
482.0,-9239.155987027669,-9241.98043268023,-32.51976834210291
483.0,-9274.031933203221,-9273.574271577085,-32.929821484395724
484.0,-9307.843398833766,-9306.92827115948,-33.35424483380284
485.0,-9340.807069306398,-9341.926384380224,-33.49759866593032
486.0,-9371.70428411105,-9372.012495746987,-34.03485208964872
487.0,-9405.617916165185,-9404.218040586826,-36.13321424894115
488.0,-9436.530579727794,-9437.993926391726,-36.647098303791196
489.0,-9474.424120410742,-9473.087503392002,-38.452939024795214
490.0,-9513.015871255224,-9510.59789260479,-39.30235570391033
491.0,-9547.973081109378,-9550.362176600916,-40.332149970284526
492.0,-9590.837393714497,-9589.882341545113,-40.89981020107308
493.0,-9632.377360593751,-9633.093114375004,-40.86056216605474
494.0,-9674.127565289635,-9674.580022404103,-40.74999238149291
495.0,-9714.965810150687,-9713.977403775856,-40.58963887567272
496.0,-9753.598423056912,-9756.554334690238,-38.553953932811595
497.0,-9795.721921439987,-9795.265466861296,-38.38598094297893
498.0,-9835.981603743661,-9834.918058800977,-38.702428714482075
499.0,-9875.41579416311,-9875.254650870416,-38.88260948045039
500.0,-9915.32320349163,-9914.174420703155,-40.46580233994862
501.0,-9956.572014087624,-9956.11112990965,-38.63362224748792
502.0,-9996.454618533422,-9996.085714164266,-38.12488418649698
503.0,-10034.82199327324,-10035.772453387352,-38.47115746338908
504.0,-10077.675725435316,-10075.733245892543,-38.341375773544634
505.0,-10114.291911980104,-10112.72321321374,-37.97728376778012
506.0,-10153.605411733446,-10152.323783985286,-38.35208242560049
507.0,-10186.94369177632,-10190.012591704155,-39.48721667035108
508.0,-10231.832758883174,-10231.073164200405,-39.30972369355093
509.0,-10271.03715717563,-10270.60729768042,-40.046448278419355
510.0,-10314.174217589494,-10312.321170666484,-38.8530770416703
511.0,-10355.539889779611,-10353.060392400703,-38.967169756582585
512.0,-10391.748380839048,-10392.228812721332,-38.908962500502206
513.0,-10432.628113215857,-10431.966234881147,-39.152077000546235
514.0,-10469.898399490614,-10471.006232218793,-39.16657561248286
515.0,-10511.499650180886,-10508.846167222828,-40.9041045558839
516.0,-10548.95334546835,-10549.975756008043,-39.47390836512921
517.0,-10586.996496300995,-10588.614699855294,-40.624659732202
518.0,-10626.327959019303,-10629.03596487746,-40.75920963573831
519.0,-10666.48057647369,-10668.58775319919,-40.33588229864953
520.0,-10712.46085648807,-10709.708868208745,-39.71011767187237
521.0,-10750.580756717729,-10750.341928226591,-40.21533920216671
522.0,-10790.921393959457,-10791.400915216118,-39.707453487020786
523.0,-10831.114792341821,-10832.021740356042,-38.22494148992693
524.0,-10873.356009012712,-10873.11070094073,-37.563227895810826
525.0,-10913.06880940069,-10911.790382316745,-37.35420293332782
526.0,-10949.484903448878,-10947.793093633582,-38.64169471485713
527.0,-10991.329863577605,-10987.372939888035,-38.679408891671464
528.0,-11027.497646625368,-11027.787518516758,-39.018352913132965
529.0,-11064.115980539316,-11066.174084483144,-39.90168642933832
530.0,-11106.21604271926,-11104.932670422215,-40.28337021859622
531.0,-11148.662728582798,-11146.075576018318,-40.818978180570795
532.0,-11186.498941830117,-11187.920323320022,-39.267156937136996
533.0,-11225.748101000623,-11228.942793037288,-39.691348345637486
534.0,-11271.400488786298,-11270.198740805927,-38.83928493422943
535.0,-11307.704206152444,-11309.340590733123,-36.83845416097788
536.0,-11343.173382689438,-11342.684830426877,-37.82023654673291
537.0,-11380.349916193418,-11381.957033765004,-36.05162578919957
538.0,-11418.694377268208,-11419.344806635056,-37.16600626161463
539.0,-11454.494251292012,-11454.728446116233,-36.92969477321204
540.0,-11491.562158588975,-11491.836454779661,-36.95766144907895
541.0,-11528.681312996827,-11531.100015498192,-36.6531541932237
542.0,-11569.365594904826,-11567.552137765331,-37.75714492472613
543.0,-11603.097565102998,-11604.398122401264,-37.15939695504671
544.0,-11639.569184419583,-11640.83966606207,-36.96947833121995
545.0,-11679.50711124562,-11679.305493620921,-34.559784215143
546.0,-11711.660025573276,-11711.807523734995,-35.5356102882803
547.0,-11747.7882021424,-11743.894236165455,-36.89387803873124
548.0,-11778.56021018541,-11780.312071669443,-37.11867822735541
549.0,-11816.074510080007,-11816.570655281761,-37.33128272070737
550.0,-11854.818499091905,-11857.195785038499,-37.18473410872898
551.0,-11892.517913369433,-11894.862977364428,-37.57289490247171
552.0,-11930.500772267998,-11932.304252433556,-37.970595337285324
553.0,-11964.749768888387,-11967.715040920168,-38.5770458714319
554.0,-12005.120364446917,-12005.727341848491,-38.66156746665228
555.0,-12045.752593701616,-12045.88709593592,-39.142052671960336
556.0,-12083.764237983893,-12084.952909577802,-39.28067410938485
557.0,-12124.512183189887,-12124.800268634515,-38.395508948761936
558.0,-12162.166182399307,-12161.13012301831,-39.226538928321716
559.0,-12200.005526533776,-12198.732812196533,-39.95990662864942
560.0,-12237.498662787426,-12237.369319626343,-40.51978582038273
561.0,-12280.155217415673,-12277.934084597828,-40.015188129480876
562.0,-12314.62271296407,-12318.055564921695,-38.67006374603861
563.0,-12355.698060428345,-12356.250277576904,-38.99717351275002
564.0,-12394.83020750889,-12396.234975492947,-39.996126782171224
565.0,-12438.723493975735,-12437.018855406723,-39.057662413027124
566.0,-12475.966474522846,-12475.413461136848,-39.85263559586645
567.0,-12515.545913505075,-12515.6966929857,-39.68533000244724
568.0,-12553.775129200783,-12556.41585232773,-39.79463817383771
569.0,-12593.762304496895,-12596.384104069884,-39.558118053598434
570.0,-12635.269733822708,-12635.69864217738,-38.01184129476827
571.0,-12672.449330115667,-12674.117344406573,-40.38297475187859
572.0,-12718.08781466211,-12716.979409722824,-37.63083656883033
573.0,-12753.88375153384,-12753.230283200795,-39.224970665626735
574.0,-12792.3405521759,-12791.843745577884,-39.984563169499125
575.0,-12834.836546341274,-12833.467888615776,-39.7981658081064
576.0,-12872.485434527822,-12871.576051819402,-40.217046775882565
577.0,-12914.204627159183,-12911.645121144365,-38.93312291050689
578.0,-12951.517583362851,-12949.400663284796,-38.496901089902295
579.0,-12988.951576894295,-12988.335533667623,-36.835682606993444
580.0,-13028.451751670107,-13026.262471144299,-36.79758094111741
581.0,-13061.702776302232,-13061.254412765546,-37.11798652709965
582.0,-13099.35064963684,-13098.326321114217,-37.8872734950138
583.0,-13133.831190966934,-13134.13609183566,-37.48466396840011
584.0,-13168.042893224389,-13170.447069339916,-37.68372507727099
585.0,-13207.425730801488,-13207.145132856167,-38.598744612440626
586.0,-13247.040979698015,-13244.929170274409,-39.218975591371205
587.0,-13286.855414863585,-13284.85577930867,-38.66103325364325
588.0,-13323.790714589482,-13324.502997753949,-36.60665619129725
589.0,-13361.388839606241,-13362.347657229975,-36.19199947376288
590.0,-13397.425316958523,-13398.182301204131,-36.31983620466837
591.0,-13438.331984415536,-13435.574817969222,-35.6560921649447
592.0,-13468.081411424513,-13469.317930276786,-35.88591275233146
593.0,-13504.255796833642,-13505.577073162556,-36.269647031079224
594.0,-13543.016697057414,-13542.353826572536,-37.162652100050174
595.0,-13579.21802293552,-13579.697171150681,-37.605634678184444
596.0,-13615.859632738175,-13616.058671423369,-35.57757164870264
597.0,-13651.627875062704,-13649.426190404343,-35.41672894533832
598.0,-13683.428118576085,-13683.420984257584,-34.772061319673924
599.0,-13716.27124736381,-13717.31718935994,-35.12728366246166
600.0,-13752.97710751,-13752.665901982831,-34.1818946926665
601.0,-13783.975692872853,-13786.810379064027,-34.855900956671285
602.0,-13824.300278543702,-13824.350175899353,-35.06259573212712
603.0,-13861.124011866432,-13860.654132810001,-34.36092560563124
604.0,-13895.136410056746,-13896.718850370593,-34.907550362446145
605.0,-13934.898394813674,-13935.751135269365,-34.504363745396404
606.0,-13970.076592340689,-13972.62303442489,-35.471746060619076
607.0,-14010.201619992511,-14007.457017932484,-35.692769895611725
608.0,-14042.133807427494,-14040.856403577616,-34.799642293828896
609.0,-14071.944129816284,-14074.537778779808,-35.93799492425935
610.0,-14107.809610371447,-14108.597531850775,-35.10182233122471
611.0,-14142.63761766992,-14143.34385665854,-36.13313891160682
612.0,-14178.061673530441,-14179.635630878654,-37.58516020280212
613.0,-14216.295895664964,-14217.36732514816,-37.045896371057985
614.0,-14255.722110352483,-14255.551742562118,-38.020778692235616
615.0,-14295.443914866513,-14293.197836371199,-37.883969018494106
616.0,-14328.187799874751,-14330.599607505606,-37.62620725095114
617.0,-14366.595027629246,-14367.916787495758,-36.097430383008955
618.0,-14402.9662646024,-14404.225683106337,-36.101019180363934
619.0,-14441.415331780197,-14439.926857845918,-36.95017630822648
620.0,-14476.220825006621,-14476.374423927315,-37.42178265565934
621.0,-14516.474458862462,-14515.51780023136,-36.980305489414484
622.0,-14552.317337760307,-14552.19832367316,-37.20124801026555
623.0,-14594.003196000218,-14588.857173531249,-37.23808102941585
624.0,-14624.86169808224,-14623.799923222758,-36.32615461997902
625.0,-14661.18103323535,-14660.44555364541,-35.978983401918796
626.0,-14699.215459514497,-14697.096760494347,-35.96159518041714
627.0,-14735.625973972737,-14734.540573677064,-37.48886195747282
628.0,-14772.843632795628,-14774.638830928305,-37.62974865151528
629.0,-14813.006722305092,-14812.883143562489,-39.679386967789895
630.0,-14850.843277663573,-14853.308283350007,-41.252041108826646
631.0,-14893.687002032275,-14893.160810125582,-41.04318772659939
632.0,-14933.315024786916,-14934.274804777688,-41.08834647995862
633.0,-14977.156505983543,-14975.594337512077,-40.72380588667299
634.0,-15015.384294276046,-15017.244905882992,-40.06320859988763
635.0,-15056.367309745172,-15056.552529001126,-39.3621337520227
636.0,-15095.056270581374,-15093.863367079599,-40.12622325954187
637.0,-15131.768831944803,-15132.907937334403,-40.9985622706102
638.0,-15171.746771570504,-15172.847212958364,-40.21741415689666
639.0,-15218.412184848032,-15216.093184679135,-40.7369164677876
640.0,-15255.92291225984,-15255.636047247108,-42.37704563138922
641.0,-15295.73328383453,-15297.162424645689,-42.56876477440715
642.0,-15340.33209975142,-15340.78852401975,-43.097261045476316
643.0,-15382.894576232344,-15384.053259147988,-42.48031133173514
644.0,-15427.900409530079,-15428.537018424791,-44.98030706599451
645.0,-15475.160761687828,-15473.941925548228,-44.84402049511551
646.0,-15516.943430324918,-15520.40423755463,-45.10466597062709
647.0,-15562.055814574534,-15564.466620404806,-46.12789317258961
648.0,-15609.125296839204,-15610.493952312687,-46.262169903418595
649.0,-15657.771205086256,-15658.054875294869,-45.406731309044964
650.0,-15702.287411967125,-15702.906997314372,-46.95049882290616
651.0,-15749.701936087704,-15748.02416747536,-47.32544678127811
652.0,-15793.445662180744,-15792.62528174922,-48.01521107141423
653.0,-15838.67180833286,-15839.82410364612,-48.56153734255229
654.0,-15891.063309235857,-15889.414932593605,-49.82391159330507
655.0,-15936.866197873553,-15937.085095696966,-48.30610679157861
656.0,-15988.067781110745,-15985.0560052986,-47.50225291368416
657.0,-16032.368536808654,-16031.949271049756,-48.312164671549255
658.0,-16079.037878950241,-16082.128376028724,-48.177395896639965
659.0,-16127.838442160473,-16127.817957050844,-48.6344954623153
660.0,-16178.961009510509,-16178.1459066665,-47.77350774905221
661.0,-16223.902135460388,-16224.682084508533,-48.30323088510462
662.0,-16271.959703368002,-16271.646741492234,-46.89986601415229
663.0,-16318.766399714905,-16319.887824686637,-46.449013081357016
664.0,-16367.776588533765,-16368.60722101408,-46.21360110242855
665.0,-16410.282854595498,-16413.279797895862,-48.264836360538766
666.0,-16462.867819356634,-16463.17806253188,-49.084146581628396
667.0,-16509.328794876736,-16511.050144573204,-48.28137435866263
668.0,-16560.87069882467,-16561.16837845214,-48.93821888497408
669.0,-16608.885700722865,-16609.78621563652,-48.6336368315871
670.0,-16657.50802412434,-16657.22657960161,-47.5945583898095
671.0,-16702.892937237073,-16704.645425274455,-47.921688117181645
672.0,-16752.234805839424,-16752.095189302687,-46.93556017985855
673.0,-16800.37019327507,-16801.54660492278,-47.14912000376691
674.0,-16849.304000857617,-16848.016279320793,-46.45250643690556
675.0,-16892.709058858007,-16894.355076163756,-45.20083567240813
676.0,-16935.73221567407,-16939.21055507022,-47.31072883563208
677.0,-16985.95854255043,-16986.232008426094,-47.22686044205317
678.0,-17032.448418206,-17034.09950297037,-46.37744741969438
679.0,-17081.689241325326,-17079.041530588187,-44.93864832404566
680.0,-17122.052433777477,-17121.05748986488,-45.94351616297271
681.0,-17164.738955347282,-17164.977467002605,-46.00142593125377
682.0,-17215.270574465554,-17211.49338608606,-48.15791880450625
683.0,-17258.465729216656,-17259.23809410021,-47.30031941349855
684.0,-17305.34460236825,-17304.655033802585,-46.84304450022062
685.0,-17349.775983678122,-17351.04168367173,-46.500643989272156
686.0,-17396.310302948867,-17397.76860392172,-44.783170762652574
687.0,-17447.171860658327,-17445.22536144371,-44.185096673605926
688.0,-17486.963985429433,-17487.958521019886,-44.86357767173919
689.0,-17534.082493405076,-17531.514625502037,-44.94574516585906
690.0,-17576.93542167853,-17576.399124258347,-44.14495060651942
691.0,-17614.810523819277,-17617.465497775942,-44.110575719334896
692.0,-17661.78195142241,-17661.126751070897,-44.995905546231235
693.0,-17705.439281927996,-17703.085679624193,-45.65340375051055
694.0,-17748.47707868019,-17748.228974569898,-45.8800078746567
695.0,-17795.281992869324,-17793.980378245244,-44.57394986166612
696.0,-17839.292869629484,-17838.09326521636,-44.20822997563331
697.0,-17884.55914413752,-17884.32290203909,-45.84687383432593
698.0,-17930.122746862722,-17929.931197573245,-46.713329128330685
699.0,-17976.002190529463,-17974.912618734816,-47.764087112695094
700.0,-18024.387838649796,-18022.803359955513,-48.11358656762805
701.0,-18071.27782294157,-18069.45244087124,-47.88845658022304
702.0,-18116.12971937848,-18117.157207574426,-47.43998993639133
703.0,-18165.8218856886,-18163.834186613716,-47.36211202689339
704.0,-18211.900514469286,-18212.721815459492,-46.34391445407858
705.0,-18258.506387386402,-18261.288190124098,-46.69451121626262
706.0,-18309.3581693229,-18307.81092121494,-46.48036769065817
707.0,-18357.682642578176,-18354.21774730173,-46.720690168702426
708.0,-18401.307763671648,-18400.18633126823,-46.56844086166716
709.0,-18448.89002372057,-18447.372186706045,-49.69692457100937
710.0,-18498.245689968026,-18496.58692722766,-48.06850371312983
711.0,-18545.15350908648,-18543.622009979223,-49.69744156665351
712.0,-18591.71031351344,-18592.581422913725,-49.68598198570829
713.0,-18640.633381942152,-18641.810499019066,-48.95417501536639
714.0,-18689.92994167112,-18690.236803806423,-50.00195128918512
715.0,-18744.199814395815,-18740.94085469903,-49.7773923848933
716.0,-18790.823085858457,-18789.393529647972,-50.137625433178044
717.0,-18839.968864990617,-18840.11327076952,-49.15021040303349
718.0,-18887.34192957385,-18888.396780699488,-49.21604152826337
719.0,-18937.382918240608,-18936.433598054908,-49.4250567097117
720.0,-18984.002691897407,-18984.30020236939,-47.41941708331155
721.0,-19029.395269775192,-19030.023549295987,-45.82572829631677
722.0,-19078.488715857806,-19077.59056044364,-45.35591114081474
723.0,-19124.62642636947,-19125.143883827524,-45.29822408680663
724.0,-19170.778805414306,-19170.164816914054,-44.979894881597296
725.0,-19217.26538248694,-19218.354901131246,-45.64249297065029
726.0,-19264.50240823909,-19263.110636723493,-42.88211304556702
727.0,-19306.743766676977,-19305.115246701633,-41.67067765191252
728.0,-19348.530848004986,-19347.296829906532,-41.82085399836723
729.0,-19387.907934401646,-19389.868495690716,-41.76197331902896
730.0,-19430.034861400487,-19430.297153007283,-41.48602367561682
731.0,-19474.02368225817,-19471.28743611856,-41.03653686853078
732.0,-19513.07389436356,-19514.614201960972,-42.260326502368585
733.0,-19557.1487197815,-19556.734824992473,-43.083508296160964
734.0,-19601.18680121237,-19600.09836607205,-42.2205374822237
735.0,-19641.865096912894,-19642.612841044895,-42.558513892038924
736.0,-19683.280085519706,-19684.433388130215,-42.5430542389189
737.0,-19723.57883977421,-19725.344930164687,-43.20510235904386
738.0,-19771.98637291507,-19769.16849846155,-43.454303968601145
739.0,-19811.55826764361,-19811.80486699905,-44.41815789173551
740.0,-19856.304556486673,-19856.081834955847,-45.78251951392776
741.0,-19903.507838565954,-19901.046373823865,-43.87003562732739
742.0,-19944.215775262426,-19943.64534211895,-43.665496743782924
743.0,-19984.29775654464,-19986.053609605744,-44.12453986769646
744.0,-20033.13656711664,-20032.643563611087,-44.39110502049702
745.0,-20072.869442253275,-20077.457126598725,-43.97662682886807
746.0,-20127.020084164964,-20122.838954944433,-43.293518554599665
747.0,-20164.674071796697,-20165.84453307657,-43.47366269957717
748.0,-20210.131112179384,-20210.497186159853,-42.27211353459233
749.0,-20251.26615336127,-20253.26206738272,-42.44914204088371
750.0,-20295.91929052425,-20295.520256384054,-43.921782283352904
751.0,-20339.08579311086,-20340.179337472622,-41.715915232211586
752.0,-20384.039432357633,-20381.484995198978,-40.72025223179411
753.0,-20423.061530752893,-20422.817988752984,-39.67375976686931
754.0,-20461.849209653265,-20460.873278520034,-41.74708577900188
755.0,-20501.95146107587,-20501.220829070855,-39.93045961129218
756.0,-20545.601439133232,-20543.182692777234,-40.20542406373115
757.0,-20585.96464954776,-20584.60268086024,-40.366140840780425
758.0,-20618.201015744602,-20621.733370110316,-39.48159312728021
759.0,-20662.223179949495,-20662.106206596,-39.02820973761609
760.0,-20703.76397365673,-20701.451024977367,-39.83373707023122
761.0,-20744.91467082842,-20740.695004127545,-39.52007110938161
762.0,-20779.79257187818,-20781.925041412644,-40.705532904529285
763.0,-20823.92403820047,-20821.924195069972,-40.03835442856114
764.0,-20867.361309069227,-20862.724220876284,-40.990065161567514
765.0,-20907.4922942438,-20903.49466075761,-42.429673916311856
766.0,-20943.41983313563,-20944.840713563914,-41.41423317750214
767.0,-20986.335249557684,-20987.089912422332,-44.15721280922583
768.0,-21035.721986233566,-21031.822737488004,-43.4147690648288
769.0,-21074.51872144614,-21074.46065292378,-43.558614471735304
770.0,-21115.984744956277,-21116.28848395983,-43.26509023011508
771.0,-21157.285140413922,-21157.36796896313,-41.283815127423175
772.0,-21199.466156158203,-21198.695261331057,-41.928739615833706
773.0,-21241.067819524116,-21240.428826323,-42.54672526210884
774.0,-21282.199866100767,-21282.712020470655,-40.964000452573174
775.0,-21324.7177260992,-21325.113784886795,-41.52215450745404
776.0,-21365.512919217766,-21365.827763769976,-42.34112166337531
777.0,-21406.206270571573,-21409.09891167634,-40.35879747214019
778.0,-21450.864593092265,-21449.93257773101,-39.75865426148546
779.0,-21489.89770337847,-21486.390622974428,-38.44861224572614
780.0,-21523.96546922031,-21524.62498718907,-39.07879811815951
781.0,-21564.91180355129,-21564.761936112576,-39.60735014424577
782.0,-21602.275569769386,-21604.21098485811,-39.14983568839915
783.0,-21644.52149618725,-21643.410011356515,-38.86708082155776
784.0,-21681.9884569217,-21681.495448071855,-39.06511164949345
785.0,-21723.092808354504,-21722.392350111775,-39.01226092888296
786.0,-21759.00832036777,-21760.634704820855,-37.26996794687425
787.0,-21796.425578751754,-21798.527739825426,-37.283116140580084
788.0,-21835.00285869761,-21832.843097379067,-37.90379544772326
789.0,-21869.972239879837,-21871.723095883426,-39.852561941873404
790.0,-21906.206401060248,-21907.044203001376,-42.388814405142675
791.0,-21948.86264677715,-21949.772756707895,-44.849527843673314
792.0,-21995.487174896345,-21997.008157270964,-44.498103179575715
793.0,-22042.34777791602,-22041.82108586147,-45.089009870611335
794.0,-22088.215641790674,-22086.590149036423,-45.28672231696726
795.0,-22130.55283370083,-22129.929549913566,-45.01515499276039
796.0,-22176.63198357577,-22177.025738584176,-42.905743620915025
797.0,-22217.99040191036,-22219.5920187809,-41.672451617545114
798.0,-22258.150859479545,-22260.580907474992,-39.944823843485565
799.0,-22302.306271391797,-22299.59845092265,-40.01653210675981
800.0,-22338.601066318828,-22338.64189169024,-40.26951805017908
801.0,-22382.959623068873,-22380.39520171508,-41.516533282707975
802.0,-22421.13087103445,-22419.65716860082,-42.27330660304592
803.0,-22462.980297751103,-22462.833703703993,-40.52544623668204
804.0,-22505.272090941147,-22503.9599115602,-39.70863226112809
805.0,-22544.392794217823,-22544.98540429793,-38.747057101442806
806.0,-22580.66434323726,-22583.22927155991,-38.2158918069408
807.0,-22622.24856963237,-22623.001822682247,-38.56672939432356
808.0,-22664.820745938727,-22663.329625958966,-38.39042922519244
809.0,-22702.388809144133,-22700.225957646395,-36.690561836313144
810.0,-22738.45287175735,-22738.15513407615,-36.21034031709052
811.0,-22775.558434161154,-22775.848813207613,-36.18343169317295
812.0,-22812.09489090381,-22812.31557908981,-35.68486648970585
813.0,-22851.422477769316,-22851.03794507628,-35.90406375114472
814.0,-22886.010710686936,-22885.782106435556,-35.729418277305065
815.0,-22918.046480954643,-22921.188720529106,-37.91703419355021
816.0,-22962.299620434977,-22960.191776031385,-37.341347254699556
817.0,-22995.530891251907,-22998.37213782201,-36.9481804105567
818.0,-23032.410037263944,-23036.61658672547,-38.366498095714434
819.0,-23075.594397165896,-23073.71548466194,-38.86148811150542
820.0,-23110.346042962443,-23112.212916976965,-38.21010118238537
821.0,-23150.695705238697,-23152.00506198214,-39.191383451950855
822.0,-23189.768855573762,-23192.4513042024,-40.98905333634394
823.0,-23236.166321308094,-23233.351361090146,-39.725067072386004
824.0,-23272.773918840532,-23272.402485927018,-40.14587504292348
825.0,-23311.078783963214,-23311.501328610382,-40.11917812297794
826.0,-23351.801987477484,-23351.360908014678,-39.77287499283199
827.0,-23394.149179252778,-23392.598648489762,-38.18352691299297
828.0,-23427.914509809463,-23427.999582442368,-37.26782134365437
829.0,-23464.517637170135,-23464.253703586513,-36.43390487723705
830.0,-23501.404825208203,-23501.603757542176,-35.53163151504205
831.0,-23536.770334540848,-23537.36101872281,-33.4890379218234
832.0,-23573.22288061913,-23569.063988251248,-34.39836837663826
833.0,-23600.843195332553,-23603.016569179756,-33.166510509209814
834.0,-23636.298912156075,-23636.427564500795,-34.65641120690805
835.0,-23668.35432054921,-23669.975281958337,-35.51203672825544
836.0,-23708.052323777152,-23706.99884931978,-37.278266947844635
837.0,-23741.14927885675,-23742.80185871267,-36.33097657230754
838.0,-23779.4939234523,-23776.228772963692,-35.68986738114876
839.0,-23811.94561201465,-23810.684758222756,-34.80515636925717
840.0,-23843.703584900268,-23845.571174108314,-32.87499248622743
841.0,-23879.994522546836,-23880.31812994264,-32.79435788776771
842.0,-23916.456656491453,-23915.208081624867,-32.571334696468696
843.0,-23948.99829366374,-23948.856719224405,-33.39160866034128
844.0,-23977.741161933605,-23980.11227534871,-35.01476381992491
845.0,-24016.208685982165,-24015.885450090595,-36.39042655882877
846.0,-24052.56796772948,-24051.30931481423,-38.090270754345624
847.0,-24089.445073465482,-24091.437091415988,-37.46426605474085
848.0,-24132.01507722185,-24128.395875170278,-36.47920104787418
849.0,-24166.01107956016,-24164.532626486973,-37.00050078463274
850.0,-24201.240640012566,-24202.706450818685,-36.38159129616574
851.0,-24241.483775769488,-24240.37206313057,-37.82054201848361
852.0,-24281.02342483187,-24279.581637348703,-36.79249347376304
853.0,-24318.070170568593,-24318.035860089316,-36.8182645537432
854.0,-24355.919151219627,-24353.12577804948,-37.27728870890262
855.0,-24386.964583709596,-24389.278640918805,-37.178227726389125
856.0,-24424.007062765555,-24425.00224841384,-36.83690188687019
857.0,-24462.297885789292,-24461.01603461317,-35.26976769435024
858.0,-24494.31147221513,-24495.143000760323,-33.91177341211596
859.0,-24527.32774807974,-24526.91517435444,-34.549542125107706
860.0,-24564.982034916407,-24562.402652251414,-32.93722644409464
861.0,-24595.676074236362,-24596.21075972735,-32.99160735610127
862.0,-24628.524869876142,-24628.365785058646,-32.601726827286136
863.0,-24661.24369380839,-24660.770924324683,-33.32546578497032
864.0,-24694.29650756514,-24692.74736165052,-33.88325847887786
865.0,-24729.61600552657,-24726.2639645443,-35.238392426021036
866.0,-24761.2627214721,-24760.33427409663,-35.19910392076106
867.0,-24797.21586747586,-24794.16567368854,-36.774291524523136
868.0,-24830.176802244845,-24828.68209444229,-35.92290363284409
869.0,-24862.155794669543,-24863.285462554326,-35.304766482723444
870.0,-24900.207038381785,-24899.33618134087,-37.633931379252985
871.0,-24938.15305947342,-24940.182371935214,-38.82287847622144
872.0,-24979.03459461211,-24979.43575980082,-36.85326462335438
873.0,-25017.679359306763,-25017.778203640177,-38.907814215119814
874.0,-25055.01607929186,-25056.73369742843,-38.2442974955225
875.0,-25096.921818550698,-25096.00538552253,-39.37427066367481
876.0,-25135.833773587696,-25134.860306345636,-39.25613140915902
877.0,-25173.011049620563,-25171.023853436272,-37.37215507185916
878.0,-25211.289316541468,-25208.782785144704,-37.91288825052528
879.0,-25245.257536419966,-25245.557573817627,-39.594333402288655
880.0,-25285.807184762274,-25286.5327380771,-41.12117941246197
881.0,-25330.100416801153,-25329.870514149454,-39.1836170156201
882.0,-25368.49962663686,-25367.09713276299,-40.44759341982003
883.0,-25406.128082337884,-25406.056108422898,-38.91847000955312
884.0,-25447.557916686208,-25445.370801790883,-40.1069908441605
885.0,-25488.387605658827,-25486.547636322503,-41.418573316161
886.0,-25525.168735463914,-25527.79074280713,-41.532986155743096
887.0,-25568.148560728678,-25569.152729408477,-41.55607673176937
888.0,-25610.65070023878,-25611.532987789647,-41.37248413468616
889.0,-25656.459047657587,-25652.06241727776,-40.565757549440306
890.0,-25694.023471285473,-25693.92399057623,-39.47123228760881
891.0,-25733.971658943974,-25733.890073009912,-40.025610887848025
892.0,-25773.57320348244,-25775.923050084584,-40.26599268693037
893.0,-25816.573876957955,-25815.235172739,-40.324732538272094
894.0,-25859.22806269658,-25857.606639912807,-40.52843949135609
895.0,-25895.869100514086,-25895.308102022722,-39.70563484132668
896.0,-25935.033252719717,-25936.077913677786,-39.18123460463547
897.0,-25977.29462300145,-25973.75975664742,-39.563660113866916
898.0,-26011.806011802084,-26012.61170684879,-38.22621620361979
899.0,-26049.938212448866,-26051.68679996973,-39.18043001804523
900.0,-26090.363519297607,-26089.108908879745,-39.77882501209877
901.0,-26129.761356743318,-26128.78784169682,-39.54805742846953
902.0,-26166.760595172498,-26165.81386889152,-40.35156483288966
903.0,-26204.482283358004,-26203.575572735408,-40.80464294861495
904.0,-26243.789259314268,-26244.49776854809,-40.81094948713288
905.0,-26286.90090307674,-26285.286607005917,-41.088308335824486
906.0,-26325.416569850277,-26326.86565226456,-41.86579083247985
907.0,-26369.974681481224,-26369.377289321958,-42.454059283390635
908.0,-26409.6530474706,-26414.312572884493,-43.084414512153614
909.0,-26454.46413234906,-26454.968176825943,-44.54961405493357
910.0,-26497.180886117152,-26498.890402011715,-43.96333552398758
911.0,-26540.867989811322,-26542.994658199063,-43.7824856156797
912.0,-26593.06495950259,-26589.31535807402,-44.37963766205169
913.0,-26637.531275879923,-26635.17145318551,-42.87304022163694
914.0,-26679.105104420407,-26680.591586678638,-44.33067014814885
915.0,-26725.593091646777,-26725.539459348438,-43.449132817129914
916.0,-26772.292821482428,-26769.900602986247,-42.81485124252754
917.0,-26813.027975657868,-26812.724961008713,-42.234054132758715
918.0,-26856.07529422363,-26854.74130504992,-40.939953373609264
919.0,-26894.65448750955,-26894.558920326752,-40.82221912587744
920.0,-26935.65902872905,-26934.629474748806,-42.39536688235509
921.0,-26979.164802497773,-26978.210756057808,-42.27010436267112
922.0,-27021.2878696768,-27019.018140085824,-43.20251968997148
923.0,-27064.021347953705,-27062.60853671016,-43.58103172395293
924.0,-27101.39957202128,-27103.870539613545,-44.68330389385883
925.0,-27148.42626546674,-27147.76689871594,-44.350253653826805
926.0,-27191.526750340185,-27192.970414384352,-45.66814178742672
927.0,-27237.3751254751,-27236.93185656693,-47.617092303513566
928.0,-27286.883775350732,-27285.658326137607,-47.857079808429795
929.0,-27334.621465182343,-27334.025088552262,-45.85506976369489
930.0,-27381.019000337343,-27379.7647041492,-46.83355298594789
931.0,-27426.967827907498,-27427.315628458597,-46.76749526741406
932.0,-27474.341857289503,-27473.704897850686,-46.7523196625332
933.0,-27521.843534563945,-27520.173661325905,-46.045020134075585
934.0,-27564.128608323994,-27563.92239246951,-47.445700050055365
935.0,-27609.231531753827,-27609.99163966688,-47.969227119758045
936.0,-27658.829041120895,-27659.174701538926,-47.64638518667132
937.0,-27709.06477164765,-27706.682758356983,-47.70730088269598
938.0,-27754.268385434047,-27754.968229437676,-47.4522796476014
939.0,-27801.383663744426,-27801.277196011342,-45.84111918968789
940.0,-27848.976608169443,-27846.97035482748,-45.34303883266394
941.0,-27892.846709648304,-27892.41505156711,-45.02618177321072
942.0,-27942.659589867617,-27939.451023170608,-44.01479433633456
943.0,-27981.62989311428,-27982.488477166935,-45.10389221975377
944.0,-28027.980744074455,-28027.700156791656,-45.78404116594231
945.0,-28074.651823139375,-28074.609996723415,-43.354632122463656
946.0,-28116.97343785822,-28119.038126070733,-42.13553862027047
947.0,-28162.106771631035,-28161.11575108207,-42.87048974473803
948.0,-28202.769362795647,-28204.216950141334,-44.51390597944453
949.0,-28248.830512325272,-28248.908810691606,-46.33991258111428
950.0,-28293.675532541838,-28293.241349384338,-48.103878892876445
951.0,-28340.941024845146,-28342.074302202403,-47.07917863104625
952.0,-28388.81972032534,-28387.633916464732,-45.98487635445409
953.0,-28434.087387228,-28434.985749598185,-46.47552505199354
954.0,-28478.533926484615,-28480.645040850097,-46.65717380868261
955.0,-28529.277498064745,-28529.383684564174,-47.790389545278536
956.0,-28577.87140122555,-28577.872465403823,-47.55241437527633
957.0,-28625.472698417136,-28623.77657592299,-48.33110978339796
958.0,-28669.071308180988,-28669.72941470266,-48.27699456691601
959.0,-28718.55050247866,-28718.50362220702,-46.30338823874057
960.0,-28762.807688884706,-28762.604518411983,-45.71212986709391
961.0,-28803.618783264195,-28806.103843179768,-46.39197013879383
962.0,-28850.894146887447,-28850.501283800913,-45.83853841459673
963.0,-28897.902322745504,-28895.448928829952,-46.16140796424179
964.0,-28941.690382725305,-28942.82043364397,-45.217708759350025
965.0,-28990.513958713775,-28990.08581577645,-46.60057475152112
966.0,-29036.92433392469,-29037.141263460617,-46.458165141301535
967.0,-29085.233907144077,-29082.451816848486,-47.47183445919391
968.0,-29126.413198786908,-29129.13772429598,-46.89397922366324
969.0,-29178.378187543418,-29177.86295336002,-47.69978658254458
970.0,-29223.69224229707,-29223.626876276678,-48.199192400273674
971.0,-29273.665425152467,-29273.621021690993,-46.73733599122499
972.0,-29321.854947142416,-29321.753004273676,-47.99942164555343
973.0,-29372.4190083458,-29369.735800388476,-48.34721034343844
974.0,-29421.517165826448,-29420.30455963088,-47.33582329854506
975.0,-29469.108013506666,-29469.761626815078,-47.19939651337252
976.0,-29515.077824977765,-29515.380590535657,-47.224244417396044
977.0,-29563.02045824007,-29561.762637657997,-45.69821069392618
978.0,-29606.060672870877,-29608.240417279852,-44.99031683924793
979.0,-29649.606557928975,-29652.0277791563,-45.5953825981859
980.0,-29695.038814106083,-29696.81239235894,-45.972627288041096
981.0,-29743.26612447628,-29744.284095332936,-44.463295585230696
982.0,-29792.06114891597,-29790.793346971364,-45.19998040418434
983.0,-29832.98330016507,-29833.726943926667,-45.71135260403212
984.0,-29881.03207435,-29879.04070221988,-45.81395842744749
985.0,-29920.409966849533,-29924.370786005868,-46.092994257172535
986.0,-29973.067404114212,-29971.238324722475,-45.68802717011804
987.0,-30018.27177321082,-30016.52293174321,-46.66398734506026
988.0,-30064.82432882913,-30064.998807986634,-46.27462487488222
989.0,-30109.288249606554,-30109.861249904,-46.57839204463295
990.0,-30157.64678045193,-30157.539158736254,-47.68221748838411
991.0,-30205.920111412026,-30202.906631012767,-45.792801598646804
992.0,-30253.0392302404,-30253.992565267203,-45.944108757972316
993.0,-30298.66158399932,-30299.048381184908,-46.01836435806908
994.0,-30345.29806963502,-30346.57258808198,-47.25278092382419
995.0,-30389.606509199715,-30392.118365095015,-46.743585488261296
996.0,-30438.63127426868,-30440.03719472293,-47.69409606107885
997.0,-30488.59586560999,-30488.550466184955,-47.54887747526811
998.0,-30535.592704236853,-30536.14906779008,-46.96589847991011
999.0,-30582.500089798716,-30583.051831912802,-46.82133114222272
1000.0,-30629.288294924994,-30629.277491813857,-46.22930998923328
