-0.9,0.0,0.0,1.0,1.0
0.1,-0.6121711416277432,-0.07533027284723484,0.7920989640440416,1.1826404698879394
0.2,0.7967041072247875,0.08887827692394021,0.640525819111986,1.0462962940401217
0.30000000000000004,1.0064528750254043,-0.21641505289813615,0.5697213975257969,0.9634596334080896
0.4,0.39953882961821285,-0.26124992903378236,0.5320858246129415,0.909465452129541
0.5,0.6788660987945743,-0.854690067662343,0.5108207008398211,0.8727735507182565
0.6,0.6893663313853784,-1.0755386992631106,0.4983423612403348,0.8471252395439649
0.7,0.7500469759849353,-1.2946813351894233,0.490805662967823,0.828826476348445
0.7999999999999999,0.43386614730758905,-1.442355182389945,0.48613717744565943,0.8155711849179521
0.8999999999999999,0.0684836140815398,-1.8168684703924352,0.48317614046195934,0.8058591968546038
0.9999999999999999,-0.03794482726853761,-1.7911684722562808,0.48125512943340076,0.7986824825936277
1.0999999999999999,-0.34445883059946286,-2.2702696070115818,0.4799818044464227,0.7933456694577696
1.2,-0.38965336962669017,-2.0464129746220676,0.47912075548438265,0.7893586894769297
1.3,0.021158970231459462,-1.8417562196916895,0.4785278391443749,0.7863701636611157
1.4000000000000001,-0.12761473282601038,-1.4029612857108993,0.4781129593691232,0.7841247024422079
1.5000000000000002,-0.46148109085387684,-1.8244143628951521,0.4778186143712092,0.7824347199137849
1.6000000000000003,-0.3298168208261867,-1.708676103870103,0.4776073338273254,0.7811613291005727
1.7000000000000004,-0.5727290268075208,-2.1640918209115885,0.4774542028466014,0.7802010871121663
1.8000000000000005,-0.3399746541000116,-2.5407424273479737,0.4773423368683229,0.7794766146008095
1.9000000000000006,-0.2475424527213803,-3.02875905185522,0.47726009270628345,0.7789298477694259
2.0000000000000004,-0.16788833388592952,-3.232991219619635,0.4771993164805037,0.7785171205207116
2.1000000000000005,0.22078263707965942,-2.84382231954075,0.4771542209727342,0.778205544050894
2.2000000000000006,0.13998435842266932,-3.387300208320214,0.47712065184016295,0.7779703211888139
2.3000000000000007,0.1416961281034691,-2.7611262959989578,0.47709559859964124,0.7777927428707586
2.400000000000001,0.09304393462200299,-2.8116790360026327,0.47707686270291844,0.7776586873685273
2.500000000000001,0.5092127175152119,-2.276775318211881,0.47706282842095327,0.7775574928383577
2.600000000000001,0.2656783694519218,-2.5932241904224855,0.4770523023080759,0.7774811086085586
2.700000000000001,0.26410789828518666,-2.737612744388474,0.47704439924568626,0.7774234554128998
2.800000000000001,-0.05499441696522872,-2.6063083637023894,0.47703846065045796,0.7773799426909981
2.9000000000000012,0.19947984586003364,-2.4536395422567696,0.4770339952230923,0.7773471041860158
3.0000000000000013,0.21870449208796736,-2.449850569279812,0.4770306356972538,0.7773223227552912
3.1000000000000014,0.09888148718648115,-2.5908439810403037,0.47702810707094795,0.7773036225166731
3.2000000000000015,0.24055943585646267,-2.063689245533996,0.47702620315402294,0.7772895118443288
3.3000000000000016,0.1319044972737154,-2.2777928771210245,0.4770247691843738,0.7772788647753198
3.4000000000000017,0.2881490994959379,-1.9591557119234857,0.4770236889002996,0.7772708314348115
3.5000000000000018,0.9542707079461653,-1.850383217570319,0.4770228749014553,0.7772647703849757
3.600000000000002,0.9201907130681053,-1.8812586070690747,0.4770222614466438,0.7772601975366813
3.700000000000002,0.5050345134286593,-2.3366570201129573,0.4770217990632395,0.7772567475729489
3.800000000000002,0.1540029268109278,-3.0385928279707155,0.47702145050701306,0.7772541448229889
3.900000000000002,-0.08862776667775518,-3.0688357426990374,0.4770211877306959,0.7772521812737783
4.000000000000002,-0.0544346006162766,-2.952595793538308,0.4770209896073746,0.7772506999716208
4.100000000000001,-0.11852883768223474,-2.6065800247930904,0.4770208402194949,0.7772495824935279
4.200000000000001,-0.1694432208145315,-2.452641516322388,0.4770207275721862,0.7772487394912785
4.300000000000001,0.2892015659350114,-2.1790381429532357,0.47702064262518395,0.7772481035550691
4.4,0.6617296571377902,-2.211289000376973,0.47702057856417357,0.7772476238280996
4.5,0.7079467397960344,-2.7379409364324663,0.47702053025215013,0.7772472619427113
4.6,0.37649773266217007,-2.319700830913389,0.47702049381620343,0.7772469889539343
4.699999999999999,0.49677638951385994,-1.8133977077385954,0.4770204663362309,0.7772467830257448
4.799999999999999,0.5714251950855617,-1.598735794344003,0.4770204456103849,0.7772466276853346
4.899999999999999,0.6041272977904656,-1.7109306517380336,0.4770204299783124,0.7772465105059914
4.999999999999998,0.5821049150242407,-1.8781013340829946,0.4770204181879282,0.7772464221133902
5.099999999999998,0.29048692845795093,-1.8911691329750253,0.47702040929498696,0.7772463554358985
5.1999999999999975,0.4924437322060709,-1.3177635294995218,0.4770204025873722,0.7772463051389901
5.299999999999997,0.7482695885724719,-1.2479229871713984,0.4770203975280154,0.7772462671985628
5.399999999999997,0.8832802034410961,-1.1085318827071784,0.47702039371185895,0.7772462385790551
5.4999999999999964,0.5244343007121083,-1.7210983976805903,0.4770203908333972,0.7772462169906139
5.599999999999996,0.3871257704788649,-2.0847260678267205,0.47702038866220864,0.777246200705916
5.699999999999996,0.8556077678497396,-1.6155797131329233,0.47702038702449934,0.7772461884219823
5.799999999999995,0.9664421810215373,-1.328263344989166,0.47702038578918216,0.7772461791559295
5.899999999999995,0.8819871007685709,-1.674139472382758,0.4770203848573849,0.7772461721663424
5.999999999999995,0.6261312272958172,-2.055704670543186,0.47702038415452885,0.777246166893947
6.099999999999994,0.6379274112106631,-1.942753940585555,0.4770203836243616,0.7772461629168693
6.199999999999994,1.019452111717138,-1.908516857614082,0.47702038322445395,0.7772461599168793
6.299999999999994,1.0074886995470331,-1.9528901835044683,0.4770203829228006,0.777246157653927
6.399999999999993,0.7013932577642848,-2.711202256418357,0.47702038269526115,0.7772461559469381
6.499999999999993,0.8484260458379818,-2.3819387411635327,0.47702038252362583,0.7772461546593236
6.5999999999999925,1.254509343548144,-1.9502959182072928,0.47702038239415945,0.7772461536880515
6.699999999999992,1.2725982629697392,-1.8714528486080788,0.4770203822965013,0.7772461529554029
6.799999999999992,1.0848275034988715,-2.0784272498081524,0.4770203822228368,0.7772461524027529
6.8999999999999915,1.033820740677263,-2.387447938542995,0.4770203821672705,0.7772461519858782
6.999999999999991,1.2649989777985546,-2.184951139513697,0.4770203821253566,0.777246151671423
7.099999999999991,1.588089837476775,-2.132080255939613,0.4770203820937398,0.777246151434223
7.19999999999999,1.4793357741751045,-1.923998090120469,0.4770203820698908,0.7772461512552992
7.29999999999999,1.5374123052840583,-1.7772580053391476,0.4770203820519011,0.7772461511203335
7.39999999999999,1.9521168751879654,-1.1372493874522536,0.4770203820383311,0.7772461510185265
7.499999999999989,2.0279336772372063,-1.0565833566432927,0.4770203820280955,0.7772461509417318
7.599999999999989,2.0117613536818872,-1.074818776676086,0.47702038202037456,0.7772461508838042
7.699999999999989,2.532477254564599,-0.8075609512935005,0.47702038201454994,0.7772461508401078
7.799999999999988,2.293650219107932,-0.44082903241655913,0.47702038201015684,0.7772461508071478
7.899999999999988,2.547599869264233,-0.09525021894403596,0.47702038200684294,0.7772461507822851
7.999999999999988,2.723968100952887,-0.4836619078299704,0.47702038200434327,0.7772461507635308
8.099999999999987,2.5887590041146273,-0.13113725472797388,0.4770203820024581,0.7772461507493849
8.199999999999987,2.6465941002645397,0.028689313049756,0.47702038200103547,0.7772461507387133
8.299999999999986,3.006724006741783,0.7071722774952793,0.4770203819999627,0.7772461507306642
8.399999999999986,3.1342748819301,0.6711920148757696,0.47702038199915303,0.7772461507245916
8.499999999999986,3.17168326287494,0.6738782883320302,0.4770203819985431,0.7772461507200121
8.599999999999985,3.3244098439608547,1.2893649676702168,0.47702038199808255,0.7772461507165571
8.699999999999985,3.5979102530578713,1.3005035685291453,0.47702038199773483,0.7772461507139508
8.799999999999985,3.533053827010941,1.9067407425838225,0.47702038199747315,0.7772461507119851
8.899999999999984,3.0259331063401724,1.2448444305575135,0.4770203819972751,0.7772461507105017
8.999999999999984,2.776670926521722,0.805297137415819,0.4770203819971264,0.7772461507093839
9.099999999999984,2.947511768634732,1.1095792582888722,0.47702038199701396,0.7772461507085401
9.199999999999983,3.465307247010893,2.373036555260187,0.477020381996929,0.7772461507079033
9.299999999999983,3.8229039123843207,2.0865826377096557,0.47702038199686486,0.7772461507074234
9.399999999999983,3.5856649237804055,1.3637701817706218,0.4770203819968169,0.7772461507070615
9.499999999999982,3.456125152692944,0.9601510152550377,0.4770203819967801,0.777246150706788
9.599999999999982,3.264677950065771,0.6445982971424474,0.4770203819967531,0.7772461507065822
9.699999999999982,2.8725282227939797,0.4338500443462194,0.47702038199673236,0.777246150706427
9.799999999999981,2.667901303505428,0.1613893372401613,0.47702038199671676,0.7772461507063098
9.89999999999998,2.3406248590384635,0.30427368307383784,0.47702038199670477,0.7772461507062214
9.99999999999998,1.8135523280532564,0.05100546306199055,0.47702038199669583,0.7772461507061543
10.09999999999998,2.201030511525329,0.30029381755613993,0.47702038199668917,0.7772461507061041
10.19999999999998,1.818760479050638,-0.3726913490177717,0.47702038199668395,0.777246150706066
10.29999999999998,1.7780677324625316,-0.19303204481272104,0.47702038199668007,0.7772461507060373
10.399999999999979,1.6145139608967958,-0.3728760308713054,0.47702038199667685,0.7772461507060151
10.499999999999979,1.8729200291749062,0.24177063461820425,0.4770203819966747,0.7772461507059988
10.599999999999978,1.7451177701385365,0.6534995585201329,0.47702038199667307,0.7772461507059867
10.699999999999978,1.5563919343458716,0.43040227561724315,0.47702038199667224,0.7772461507059779
10.799999999999978,1.7611426681417357,0.6557646063911096,0.47702038199667113,0.7772461507059709
10.899999999999977,1.9652773186179113,0.6881748529791872,0.47702038199667035,0.7772461507059654
10.999999999999977,2.091734711797448,0.6234530852296687,0.4770203819966704,0.7772461507059619
11.099999999999977,2.2509364358358397,0.6402116114996365,0.47702038199666974,0.7772461507059584
11.199999999999976,2.0527406081457213,0.5495933997179265,0.47702038199666935,0.7772461507059562
11.299999999999976,1.7950533692394381,0.5681579585216207,0.47702038199666924,0.7772461507059549
11.399999999999975,1.7367808491593808,0.2526192895353059,0.4770203819966693,0.777246150705954
11.499999999999975,1.2571905507393872,0.18055710428114746,0.4770203819966691,0.7772461507059527
11.599999999999975,1.4393776216079361,0.8506515196539436,0.47702038199666874,0.7772461507059517
11.699999999999974,1.7756499551697627,1.1549933189080652,0.47702038199666874,0.777246150705951
11.799999999999974,1.8618489935790234,1.2235000241523943,0.47702038199666874,0.7772461507059508
11.899999999999974,1.9092273286609667,1.3227965885410016,0.47702038199666885,0.7772461507059505
11.999999999999973,1.6770953239866837,0.9964022700409673,0.47702038199666896,0.7772461507059506
12.099999999999973,1.4693180301000535,0.5629158187636655,0.47702038199666874,0.7772461507059503
12.199999999999973,1.6748744137128502,0.3634625809729396,0.47702038199666896,0.7772461507059505
12.299999999999972,1.6709955358973292,0.5876847965353361,0.47702038199666885,0.7772461507059503
12.399999999999972,1.587719659478226,0.4810478579984421,0.4770203819966692,0.7772461507059505
12.499999999999972,2.0242472798763473,0.9737656234075767,0.4770203819966693,0.7772461507059506
12.599999999999971,1.8359540548869118,0.9787037448697119,0.477020381996669,0.7772461507059504
12.69999999999997,1.5012039933265937,0.4002820990761061,0.4770203819966689,0.7772461507059503
12.79999999999997,1.1673005540644126,0.30496266366016156,0.4770203819966692,0.7772461507059505
12.89999999999997,0.7891372004890564,-0.15331425674290744,0.4770203819966693,0.7772461507059506
12.99999999999997,0.6551700148538826,-0.2108106472751124,0.477020381996669,0.7772461507059504
13.09999999999997,1.1199712452961612,0.4419783095796212,0.4770203819966689,0.7772461507059503
13.199999999999969,1.0602770188561657,0.1250180809218297,0.4770203819966692,0.7772461507059505
13.299999999999969,0.8121289962815031,-0.22645266744895998,0.4770203819966693,0.7772461507059506
13.399999999999968,0.6776564547380749,-0.25749503381093325,0.477020381996669,0.7772461507059504
13.499999999999968,1.0268384835348456,0.24875322377013925,0.4770203819966689,0.7772461507059503
13.599999999999968,1.0846419064232233,-0.022617490074672175,0.4770203819966692,0.7772461507059505
13.699999999999967,1.2933241975549692,0.01760511564362472,0.4770203819966693,0.7772461507059506
13.799999999999967,1.113332047675779,0.012958796189219988,0.477020381996669,0.7772461507059504
13.899999999999967,0.8217096918401573,-0.5413676721440739,0.4770203819966689,0.7772461507059503
13.999999999999966,0.7040844163492364,-0.6342144307580407,0.4770203819966692,0.7772461507059505
14.099999999999966,0.9377289566144351,-0.8717895731511969,0.4770203819966693,0.7772461507059506
14.199999999999966,1.3473646774468975,-0.5891413306662386,0.477020381996669,0.7772461507059504
14.299999999999965,1.4979001694330796,-0.4389712495419762,0.4770203819966689,0.7772461507059503
14.399999999999965,1.6024528453010172,-0.3498083461556885,0.4770203819966692,0.7772461507059505
14.499999999999964,1.2448534609962716,-0.9683148869558524,0.4770203819966693,0.7772461507059506
14.599999999999964,0.8685241173225505,-0.7937707237089228,0.477020381996669,0.7772461507059504
14.699999999999964,0.5776107611271908,-1.1008073710932484,0.4770203819966689,0.7772461507059503
14.799999999999963,0.6173774772575737,-1.1261441742091718,0.4770203819966692,0.7772461507059505
14.899999999999963,0.80039785013912,-1.733395046186669,0.4770203819966693,0.7772461507059506
14.999999999999963,0.8400369699554233,-1.4442858581636546,0.477020381996669,0.7772461507059504
15.099999999999962,0.9587419627798014,-1.1867466616938642,0.4770203819966689,0.7772461507059503
15.199999999999962,0.09139576015004292,-1.8764682033830045,0.4770203819966692,0.7772461507059505
15.299999999999962,0.09898871400805614,-1.8858954896031432,0.4770203819966693,0.7772461507059506
15.399999999999961,0.06589172779401277,-1.7645582992528284,0.477020381996669,0.7772461507059504
15.499999999999961,0.13595658976445907,-1.5595558515037737,0.4770203819966689,0.7772461507059503
15.59999999999996,0.12584519357907606,-1.8708119137253383,0.4770203819966692,0.7772461507059505
15.69999999999996,0.13828811181554063,-2.2336866627324383,0.4770203819966693,0.7772461507059506
15.79999999999996,0.5405023942291253,-2.488227320717088,0.477020381996669,0.7772461507059504
15.89999999999996,0.9088993656584975,-2.7926843653966653,0.4770203819966689,0.7772461507059503
15.99999999999996,0.881337064890048,-3.2941449410856243,0.4770203819966692,0.7772461507059505
16.09999999999996,0.5866420439221027,-3.1842876307744716,0.4770203819966693,0.7772461507059506
16.19999999999996,0.9739137217235809,-3.1731620098905706,0.4770203819966698,0.7772461507059513
16.29999999999996,1.2325406627249482,-3.08274330190399,0.4770203819966701,0.7772461507059516
16.399999999999963,1.3389065616405698,-2.893679348033109,0.47702038199667013,0.7772461507059522
16.499999999999964,1.6831990930410927,-2.8178783979457847,0.4770203819966703,0.7772461507059523
16.599999999999966,1.7290208629873676,-2.320422557063093,0.47702038199667035,0.7772461507059523
16.699999999999967,1.989638367267841,-2.135723392415759,0.47702038199667035,0.7772461507059525
16.79999999999997,2.415250407458444,-1.8099406418485424,0.4770203819966704,0.7772461507059525
16.89999999999997,2.578680208986363,-1.5478401756320384,0.4770203819966704,0.7772461507059525
16.99999999999997,2.307436076369999,-1.928044514890567,0.4770203819966704,0.7772461507059525
17.099999999999973,2.275426119258303,-1.7817688583503704,0.4770203819966704,0.7772461507059525
17.199999999999974,2.307242244589858,-1.2615685282114009,0.4770203819966704,0.7772461507059525
17.299999999999976,2.795837933767025,-0.8229871681971611,0.4770203819966704,0.7772461507059525
17.399999999999977,2.7407976189677417,-1.100985543755433,0.4770203819966704,0.7772461507059525
17.49999999999998,2.9677650510596028,-1.2819538041925052,0.4770203819966704,0.7772461507059525
17.59999999999998,2.5609167143879206,-2.093488549287858,0.4770203819966704,0.7772461507059525
17.69999999999998,2.657159724438624,-2.1612523594687345,0.4770203819966704,0.7772461507059525
17.799999999999983,2.4547574556058502,-2.6495865329989754,0.4770203819966704,0.7772461507059525
17.899999999999984,2.5203630143257425,-2.353940650640354,0.4770203819966704,0.7772461507059525
17.999999999999986,2.6134878505833834,-2.4991975569455995,0.4770203819966704,0.7772461507059525
18.099999999999987,2.261895033074017,-2.21560297471306,0.4770203819966704,0.7772461507059525
18.19999999999999,1.9090278568395014,-2.5565160272333456,0.4770203819966704,0.7772461507059525
18.29999999999999,2.463023155924316,-1.817714111500897,0.4770203819966704,0.7772461507059525
18.39999999999999,2.930334900332199,-1.2919555364522826,0.4770203819966704,0.7772461507059525
18.499999999999993,3.273521229372252,-1.6593273307975647,0.4770203819966704,0.7772461507059525
18.599999999999994,3.3032137184870565,-2.233355739806754,0.4770203819966704,0.7772461507059525
18.699999999999996,3.26903214586053,-1.778172183860184,0.4770203819966704,0.7772461507059525
18.799999999999997,3.0830475964763067,-2.006697893457386,0.4770203819966704,0.7772461507059525
18.9,2.70985546216024,-1.780206749271418,0.4770203819966704,0.7772461507059525
19.0,2.5159030309965185,-1.8108352049560756,0.4770203819966704,0.7772461507059525
19.1,2.2719443366289256,-2.0026739664727984,0.4770203819966704,0.7772461507059525
19.200000000000003,2.5170091198637414,-1.636612214897125,0.4770203819966704,0.7772461507059525
19.300000000000004,2.3757823805713225,-1.6198314388244177,0.4770203819966704,0.7772461507059525
19.400000000000006,2.324398901731576,-1.6398029900363698,0.4770203819966704,0.7772461507059525
19.500000000000007,3.0614332688648327,-1.2972763269220984,0.4770203819966704,0.7772461507059525
19.60000000000001,2.4305421437949244,-0.8231476476009718,0.4770203819966704,0.7772461507059525
19.70000000000001,2.201174511222268,-0.9397589799305154,0.4770203819966704,0.7772461507059525
19.80000000000001,2.1725175760325977,-1.2295798531943714,0.4770203819966704,0.7772461507059525
19.900000000000013,2.485970752441977,-1.5177583729587072,0.4770203819966704,0.7772461507059525
20.000000000000014,2.5337134743928313,-1.4430164243929586,0.4770203819966704,0.7772461507059525
20.100000000000016,2.5718305518097555,-1.1917687493054374,0.4770203819966704,0.7772461507059525
20.200000000000017,2.078736121298021,-0.9414633711982835,0.4770203819966704,0.7772461507059525
20.30000000000002,2.1297654149359966,-0.8954047568939005,0.4770203819966704,0.7772461507059525
20.40000000000002,1.649680217330784,-1.156337774936915,0.4770203819966704,0.7772461507059525
20.50000000000002,1.6145846359767235,-0.9796121929422721,0.4770203819966704,0.7772461507059525
20.600000000000023,1.5770133164508993,-0.7192703630227726,0.4770203819966704,0.7772461507059525
20.700000000000024,1.6689587997257884,-0.3979871405952124,0.4770203819966704,0.7772461507059525
20.800000000000026,2.34507603633209,0.11685277995642934,0.4770203819966704,0.7772461507059525
20.900000000000027,2.178863436952816,0.26230614964715004,0.4770203819966704,0.7772461507059525
21.00000000000003,1.9905555053358543,0.16700493779530706,0.4770203819966704,0.7772461507059525
21.10000000000003,2.0579353136939162,0.22584983420992452,0.4770203819966704,0.7772461507059525
21.20000000000003,2.3037096280772085,0.281413819982448,0.4770203819966704,0.7772461507059525
21.300000000000033,2.5547637917040387,0.10434169384106501,0.4770203819966704,0.7772461507059525
21.400000000000034,2.5098631403585205,-0.02177248725096792,0.4770203819966704,0.7772461507059525
21.500000000000036,2.683832144792174,0.24242870544479633,0.4770203819966704,0.7772461507059525
21.600000000000037,2.2364727650380374,0.23469772475456177,0.4770203819966704,0.7772461507059525
21.70000000000004,2.351102161822043,0.4469150377535166,0.4770203819966704,0.7772461507059525
21.80000000000004,2.1499930991004437,0.20622851378499168,0.4770203819966704,0.7772461507059525
21.90000000000004,2.45907035603114,0.3549291411640544,0.4770203819966704,0.7772461507059525
22.000000000000043,3.0251276314252347,0.7325369947713409,0.4770203819966704,0.7772461507059525
22.100000000000044,3.086519899178052,1.087876120142807,0.4770203819966704,0.7772461507059525
22.200000000000045,3.4406237951250485,1.1105844447632722,0.4770203819966704,0.7772461507059525
22.300000000000047,3.441989954211334,1.2703562754615174,0.4770203819966704,0.7772461507059525
22.40000000000005,3.558294174995524,1.6521012984802366,0.4770203819966704,0.7772461507059525
22.50000000000005,4.019390535311549,1.5194172781168171,0.4770203819966704,0.7772461507059525
22.60000000000005,3.9827600579673637,1.9946559028701454,0.4770203819966704,0.7772461507059525
22.700000000000053,3.86521228001281,1.5117179096075781,0.4770203819966704,0.7772461507059525
22.800000000000054,3.1947824774510507,1.2238720524159674,0.4770203819966704,0.7772461507059525
22.900000000000055,2.6038902140317473,0.828085783902251,0.4770203819966704,0.7772461507059525
23.000000000000057,2.5013310798173802,1.0746546482274433,0.4770203819966704,0.7772461507059525
23.10000000000006,2.9363397982326744,1.6033763533865173,0.4770203819966704,0.7772461507059525
23.20000000000006,2.581744694566972,1.0162985727641063,0.4770203819966704,0.7772461507059525
23.30000000000006,2.632067032257152,1.1227811910750973,0.4770203819966704,0.7772461507059525
23.400000000000063,2.677725133260591,1.5644584740261689,0.4770203819966704,0.7772461507059525
23.500000000000064,2.3356829538061556,1.0149635952315108,0.4770203819966704,0.7772461507059525
23.600000000000065,2.6794581898044627,0.8421680033944421,0.4770203819966704,0.7772461507059525
23.700000000000067,2.4466089396945194,0.7224524463960207,0.4770203819966704,0.7772461507059525
23.800000000000068,2.7535315719379807,1.2253083467162895,0.4770203819966704,0.7772461507059525
23.90000000000007,2.872472609121839,1.2538943392308968,0.4770203819966704,0.7772461507059525
24.00000000000007,2.5123815954855186,1.0716687764192212,0.4770203819966704,0.7772461507059525
24.100000000000072,2.347840699764927,1.107266889047268,0.4770203819966704,0.7772461507059525
24.200000000000074,2.2073694496312535,1.2168840719489786,0.4770203819966704,0.7772461507059525
24.300000000000075,1.9612356617145972,1.1021716481076838,0.4770203819966704,0.7772461507059525
24.400000000000077,2.4844410814162483,1.3563468701966022,0.4770203819966704,0.7772461507059525
24.500000000000078,2.5769401618177206,1.1796459058973245,0.4770203819966704,0.7772461507059525
24.60000000000008,2.650385619305162,1.0774358801600061,0.4770203819966704,0.7772461507059525
24.70000000000008,2.9041099997862427,1.0260215684035592,0.4770203819966704,0.7772461507059525
24.800000000000082,2.6608599925363787,0.5740209452827957,0.4770203819966704,0.7772461507059525
24.900000000000084,2.415172165244153,0.19201519469779071,0.4770203819966704,0.7772461507059525
25.000000000000085,2.68564452787644,0.2475182058196756,0.4770203819966704,0.7772461507059525
25.100000000000087,2.758249612908825,0.47387283952976533,0.4770203819966704,0.7772461507059525
25.200000000000088,2.6939355362060677,0.27758337879401,0.4770203819966704,0.7772461507059525
25.30000000000009,2.2563599084098023,0.08972591704924399,0.4770203819966704,0.7772461507059525
25.40000000000009,2.476717264341984,0.05034025980715062,0.4770203819966704,0.7772461507059525
25.500000000000092,2.6585448407479153,0.14036833808774887,0.4770203819966704,0.7772461507059525
25.600000000000094,2.8767034446587347,0.573800183704279,0.4770203819966704,0.7772461507059525
25.700000000000095,3.0512503767723365,0.3132746489786459,0.4770203819966704,0.7772461507059525
25.800000000000097,3.1094671417039,0.45881990693802166,0.4770203819966704,0.7772461507059525
25.900000000000098,2.7927564541799343,0.1138683539965819,0.4770203819966704,0.7772461507059525
26.0000000000001,2.373437641307078,0.21636814862634363,0.4770203819966704,0.7772461507059525
26.1000000000001,2.4226217016479286,-0.4431811492756634,0.4770203819966704,0.7772461507059525
26.200000000000102,2.641873142018454,-0.2832271101414855,0.4770203819966704,0.7772461507059525
26.300000000000104,2.4185751362566363,-0.983828580837974,0.4770203819966704,0.7772461507059525
26.400000000000105,2.709606186316851,-0.7519255103231907,0.4770203819966704,0.7772461507059525
26.500000000000107,3.0632230762071337,-0.47581629891821886,0.4770203819966704,0.7772461507059525
26.600000000000108,2.7891083076575516,-0.9335911336426205,0.4770203819966704,0.7772461507059525
26.70000000000011,3.2113459240078237,-0.8550196995790575,0.4770203819966704,0.7772461507059525
26.80000000000011,3.1728776758367916,-0.8301321804857082,0.4770203819966704,0.7772461507059525
26.900000000000112,3.1526888089462974,-0.36168354326253604,0.4770203819966704,0.7772461507059525
27.000000000000114,3.323407605093951,-0.26413040656530884,0.4770203819966704,0.7772461507059525
27.100000000000115,3.340306471833435,-0.27829702809929063,0.4770203819966704,0.7772461507059525
27.200000000000117,3.2947941419016455,-0.04688170294453342,0.4770203819966704,0.7772461507059525
27.300000000000118,3.499889882617163,-0.1942514864119098,0.4770203819966704,0.7772461507059525
27.40000000000012,3.854486724879737,0.36023907531018373,0.4770203819966704,0.7772461507059525
27.50000000000012,3.649937633259255,0.35441316584609306,0.4770203819966704,0.7772461507059525
27.600000000000122,3.5686188591165413,0.34641565288733644,0.4770203819966704,0.7772461507059525
27.700000000000124,2.890974312441073,0.026050218391013236,0.4770203819966704,0.7772461507059525
27.800000000000125,3.3433409822420095,1.0191846683497625,0.4770203819966704,0.7772461507059525
27.900000000000126,3.56117728144032,1.0128940111860782,0.4770203819966704,0.7772461507059525
28.000000000000128,3.1330346681156103,1.435586736837035,0.4770203819966704,0.7772461507059525
28.10000000000013,3.138560206158371,1.5605736399707293,0.4770203819966704,0.7772461507059525
28.20000000000013,3.797325180404393,2.1269006584803845,0.4770203819966704,0.7772461507059525
28.300000000000132,4.204743415652693,1.739425551633579,0.4770203819966704,0.7772461507059525
28.400000000000134,4.325161592916263,1.8101633873689678,0.4770203819966704,0.7772461507059525
28.500000000000135,4.334514716096637,1.6835055048705603,0.4770203819966704,0.7772461507059525
28.600000000000136,4.7592037970016605,1.9055058570922614,0.4770203819966704,0.7772461507059525
28.700000000000138,4.143756823429415,1.455197475038375,0.4770203819966704,0.7772461507059525
28.80000000000014,4.708678077655712,2.335464439155229,0.4770203819966704,0.7772461507059525
28.90000000000014,4.580395203902017,1.7870835954991426,0.4770203819966704,0.7772461507059525
29.000000000000142,4.880082001627523,1.8879915195754648,0.4770203819966704,0.7772461507059525
29.100000000000144,4.366471081655413,1.2317105410291638,0.4770203819966704,0.7772461507059525
29.200000000000145,4.132038131158442,0.46478751074782454,0.4770203819966704,0.7772461507059525
29.300000000000146,4.067014627835136,0.7398448788323081,0.4770203819966704,0.7772461507059525
29.400000000000148,3.7118315574492784,0.2793927177602759,0.4770203819966704,0.7772461507059525
29.50000000000015,3.737804734900541,0.3112035987698904,0.4770203819966704,0.7772461507059525
29.60000000000015,2.8537988052739127,-0.26389538933237294,0.4770203819966704,0.7772461507059525
29.700000000000152,3.081505618891004,-0.5006775056825887,0.4770203819966704,0.7772461507059525
29.800000000000153,3.3615139095551965,-0.06893547202202033,0.4770203819966704,0.7772461507059525
29.900000000000155,3.071343680730328,0.08070151729148825,0.4770203819966704,0.7772461507059525
30.000000000000156,2.945158748452811,-0.36143007821859385,0.4770203819966704,0.7772461507059525
30.100000000000158,2.7427722634786402,-0.20297527231906337,0.4770203819966704,0.7772461507059525
30.20000000000016,2.942633815269047,-0.4314085343807309,0.4770203819966704,0.7772461507059525
30.30000000000016,3.1342239877696323,-0.18718209716692463,0.4770203819966704,0.7772461507059525
30.400000000000162,2.7855921944390523,-0.39399632088588366,0.4770203819966704,0.7772461507059525
30.500000000000163,2.478692955288958,-0.5845554400619712,0.4770203819966704,0.7772461507059525
30.600000000000165,2.55258962975435,-0.6047278447964849,0.4770203819966704,0.7772461507059525
30.700000000000166,2.33542861210474,-0.9712097776229756,0.4770203819966704,0.7772461507059525
30.800000000000168,2.2659850905743437,-0.713852793391998,0.4770203819966704,0.7772461507059525
30.90000000000017,2.344175889978106,-0.5123882755767504,0.4770203819966704,0.7772461507059525
31.00000000000017,2.375521553051564,-0.6070059459454988,0.4770203819966704,0.7772461507059525
31.100000000000172,2.3870150589017674,-0.2602388434689804,0.4770203819966704,0.7772461507059525
31.200000000000173,1.8864618201528147,-0.7144141328828281,0.4770203819966704,0.7772461507059525
31.300000000000175,1.5192715419352372,-1.4125018963474871,0.4770203819966704,0.7772461507059525
31.400000000000176,1.6722509862326738,-1.3705930695986772,0.4770203819966704,0.7772461507059525
31.500000000000178,1.5181659915668886,-1.614190003921301,0.4770203819966704,0.7772461507059525
31.60000000000018,1.4310727894780455,-1.6524273051274145,0.4770203819966704,0.7772461507059525
31.70000000000018,1.069437010159169,-1.8927311653367627,0.4770203819966704,0.7772461507059525
31.800000000000182,0.9961578923397285,-1.9588411060911581,0.4770203819966704,0.7772461507059525
31.900000000000183,1.126280146140684,-1.9249545003150554,0.4770203819966704,0.7772461507059525
32.000000000000185,0.7768450146226324,-1.7754866097002904,0.4770203819966704,0.7772461507059525
32.100000000000186,1.2287934323990326,-1.5039889537287348,0.4770203819966704,0.7772461507059525
32.20000000000019,1.4844304637951986,-1.355410026642392,0.4770203819966704,0.7772461507059525
32.30000000000019,1.6138377379761693,-1.5637376621809833,0.4770203819966704,0.7772461507059525
32.40000000000019,1.7364474831193282,-1.798785695016302,0.4770203819966704,0.7772461507059525
32.50000000000019,1.9302351732968386,-1.6804866247618504,0.4770203819966704,0.7772461507059525
32.60000000000019,1.5728921114834626,-1.9845179814736977,0.4770203819966704,0.7772461507059525
32.700000000000195,1.2082808891297447,-2.4166381422460197,0.4770203819966704,0.7772461507059525
32.800000000000196,1.4412844117479982,-2.2531219539327134,0.4770203819966704,0.7772461507059525
32.9000000000002,1.0043439640926237,-2.9150267560028196,0.4770203819966704,0.7772461507059525
33.0000000000002,1.310076574043209,-3.0872447774074234,0.4770203819966704,0.7772461507059525
33.1000000000002,0.8232662212711688,-2.61032695240509,0.4770203819966704,0.7772461507059525
33.2000000000002,0.9318927243677171,-2.323087680021503,0.4770203819966704,0.7772461507059525
33.3000000000002,0.3684038315760002,-2.718207593583816,0.4770203819966704,0.7772461507059525
33.400000000000205,0.7146886079157919,-2.820825227024632,0.4770203819966704,0.7772461507059525
33.500000000000206,0.9810046661527903,-3.013560933778428,0.4770203819966704,0.7772461507059525
33.60000000000021,0.9495630832750255,-3.0784943253191903,0.4770203819966704,0.7772461507059525
33.70000000000021,0.8266335317612854,-2.98927817840192,0.4770203819966704,0.7772461507059525
33.80000000000021,1.0772409376334435,-2.890957132032215,0.4770203819966704,0.7772461507059525
33.90000000000021,1.3550329513809958,-2.9559393186136704,0.4770203819966704,0.7772461507059525
34.00000000000021,0.9284026700406484,-2.9500504031111237,0.4770203819966704,0.7772461507059525
34.100000000000215,0.7435561785506257,-2.554286069228746,0.4770203819966704,0.7772461507059525
34.200000000000216,0.43892922583361443,-1.8402235442181927,0.4770203819966704,0.7772461507059525
34.30000000000022,0.7616883941804022,-1.3248864067807942,0.4770203819966704,0.7772461507059525
34.40000000000022,0.9684899292162106,-0.8486946182965667,0.4770203819966704,0.7772461507059525
34.50000000000022,1.0098661720016706,-1.032044984892016,0.4770203819966704,0.7772461507059525
34.60000000000022,1.0178942591252558,-1.32668292841554,0.4770203819966704,0.7772461507059525
34.70000000000022,1.5394745929722389,-1.0029513284554337,0.4770203819966704,0.7772461507059525
34.800000000000225,0.887272938796027,-2.082949444313762,0.4770203819966704,0.7772461507059525
34.900000000000226,0.5171733742297093,-2.744881055121273,0.4770203819966704,0.7772461507059525
35.00000000000023,0.6830974772730981,-2.3957798260733796,0.4770203819966704,0.7772461507059525
35.10000000000023,0.728563176312109,-2.29927349621885,0.4770203819966704,0.7772461507059525
35.20000000000023,0.8387434923743549,-2.367389285904939,0.4770203819966704,0.7772461507059525
35.30000000000023,0.6227792552458719,-2.8554897542337834,0.4770203819966704,0.7772461507059525
35.40000000000023,0.9578303319178302,-2.354032235908729,0.4770203819966704,0.7772461507059525
35.500000000000234,1.097988238573711,-2.3024030141060003,0.4770203819966704,0.7772461507059525
35.600000000000236,1.4774954999760084,-2.1262732509072975,0.4770203819966704,0.7772461507059525
35.70000000000024,1.7071425856235827,-2.1894015680539187,0.4770203819966704,0.7772461507059525
35.80000000000024,2.2859105593194236,-1.7163783376031754,0.4770203819966704,0.7772461507059525
35.90000000000024,2.457309384430444,-1.9191727772908076,0.4770203819966704,0.7772461507059525
36.00000000000024,2.3010722748522654,-1.821340427148274,0.4770203819966704,0.7772461507059525
36.10000000000024,2.3881967474418113,-2.223614541480243,0.4770203819966704,0.7772461507059525
36.200000000000244,2.602122954810799,-2.164244510831252,0.4770203819966704,0.7772461507059525
36.300000000000246,3.0380098415978845,-1.7206167478447105,0.4770203819966704,0.7772461507059525
36.40000000000025,3.353067574935763,-1.4865714226778786,0.4770203819966704,0.7772461507059525
36.50000000000025,2.843453289832722,-1.6687802298886054,0.4770203819966704,0.7772461507059525
36.60000000000025,2.791428525829032,-2.1351884360356923,0.4770203819966704,0.7772461507059525
36.70000000000025,2.872567302410678,-2.0554067234170996,0.4770203819966704,0.7772461507059525
36.80000000000025,2.7577958572585506,-2.3242450243239063,0.4770203819966704,0.7772461507059525
36.900000000000254,3.2037817109002464,-2.218983670093486,0.4770203819966704,0.7772461507059525
37.000000000000256,3.433716618245093,-1.6183714223443926,0.4770203819966704,0.7772461507059525
37.10000000000026,3.0923761404373544,-1.9166358593734216,0.4770203819966704,0.7772461507059525
37.20000000000026,2.9900520042701513,-2.249490734937327,0.4770203819966704,0.7772461507059525
37.30000000000026,3.056681987399458,-2.370189779308213,0.4770203819966704,0.7772461507059525
37.40000000000026,2.7344615964071557,-2.6943888472234767,0.4770203819966704,0.7772461507059525
37.50000000000026,2.7023878063285034,-2.36123426079554,0.4770203819966704,0.7772461507059525
37.600000000000264,2.598784491562472,-1.6423973550155915,0.4770203819966704,0.7772461507059525
37.700000000000266,2.635802667313125,-1.0032348721168056,0.4770203819966704,0.7772461507059525
37.80000000000027,2.301860541394757,-1.4401004760701719,0.4770203819966704,0.7772461507059525
37.90000000000027,2.9788088277207807,-1.5237402435551946,0.4770203819966704,0.7772461507059525
38.00000000000027,3.320520632520274,-1.143558306803273,0.4770203819966704,0.7772461507059525
38.10000000000027,3.476476399520378,-0.8018537051325226,0.4770203819966704,0.7772461507059525
38.20000000000027,3.1418155791703017,-0.4868376682740202,0.4770203819966704,0.7772461507059525
38.300000000000274,3.3770004698484333,-0.3923905777280656,0.4770203819966704,0.7772461507059525
38.400000000000276,3.3350501614650283,-0.03001163897360898,0.4770203819966704,0.7772461507059525
38.50000000000028,2.9979032927280826,-0.3278418217933783,0.4770203819966704,0.7772461507059525
38.60000000000028,3.2474850981384513,-0.6551429983245192,0.4770203819966704,0.7772461507059525
38.70000000000028,2.934873223837201,-1.2961659379032537,0.4770203819966704,0.7772461507059525
38.80000000000028,2.8893282669353817,-1.495659500983171,0.4770203819966704,0.7772461507059525
38.90000000000028,2.566403248738197,-1.8829056770648502,0.4770203819966704,0.7772461507059525
39.000000000000284,2.547216822908598,-2.5398546784587133,0.4770203819966704,0.7772461507059525
39.100000000000286,2.697055079701345,-2.407702272900599,0.4770203819966704,0.7772461507059525
39.20000000000029,3.266897376674676,-2.0797067195553485,0.4770203819966704,0.7772461507059525
39.30000000000029,3.2040965520365527,-1.9723971094935493,0.4770203819966704,0.7772461507059525
39.40000000000029,3.4316478388491385,-1.5595137417015035,0.4770203819966704,0.7772461507059525
39.50000000000029,3.7910315039744895,-0.9430873913002809,0.4770203819966704,0.7772461507059525
39.60000000000029,4.198771082594064,-0.7056846748072048,0.4770203819966704,0.7772461507059525
39.700000000000294,3.9861560803486547,-0.648526440743751,0.4770203819966704,0.7772461507059525
39.800000000000296,3.4603925135992046,-0.9222799671969631,0.4770203819966704,0.7772461507059525
39.9000000000003,3.1049941400697536,-1.2955004452706598,0.4770203819966704,0.7772461507059525
40.0000000000003,3.1448565858311417,-1.5102148463201615,0.4770203819966704,0.7772461507059525
40.1000000000003,3.0570912878458008,-1.4651256669985615,0.4770203819966704,0.7772461507059525
40.2000000000003,2.8471360074283245,-1.3668967785534483,0.4770203819966704,0.7772461507059525
40.3000000000003,2.4809107227625886,-1.202407064600406,0.4770203819966704,0.7772461507059525
40.400000000000304,2.621171979490895,-1.145532399666681,0.4770203819966704,0.7772461507059525
40.500000000000306,2.268031959865096,-1.425575693343378,0.4770203819966704,0.7772461507059525
40.60000000000031,2.2976035759021802,-1.2615680014564123,0.4770203819966704,0.7772461507059525
40.70000000000031,2.035694790860041,-1.3798351546899066,0.4770203819966704,0.7772461507059525
40.80000000000031,2.06780146964573,-1.6954469840696773,0.4770203819966704,0.7772461507059525
40.90000000000031,2.1856234600145474,-1.4082302185366102,0.4770203819966704,0.7772461507059525
41.00000000000031,2.0878069795094767,-1.4391073752148178,0.4770203819966704,0.7772461507059525
41.100000000000314,2.1647860167678483,-1.3666912755842224,0.4770203819966704,0.7772461507059525
41.200000000000315,2.1297366663099706,-1.2269418351032824,0.4770203819966704,0.7772461507059525
41.30000000000032,1.9726736055809047,-1.379012507224791,0.4770203819966704,0.7772461507059525
41.40000000000032,2.179300707343929,-1.3803938254098422,0.4770203819966704,0.7772461507059525
41.50000000000032,2.0987585771109964,-1.085447773294514,0.4770203819966704,0.7772461507059525
41.60000000000032,2.0869042083365885,-1.0113347852955565,0.4770203819966704,0.7772461507059525
41.70000000000032,1.6356929888845124,-1.498675554261545,0.4770203819966704,0.7772461507059525
41.800000000000324,1.4280656298247165,-1.224660366920473,0.4770203819966704,0.7772461507059525
41.900000000000325,1.728845462472508,-1.3478352949749508,0.4770203819966704,0.7772461507059525
42.00000000000033,2.1672821006029723,-1.4049963719262604,0.4770203819966704,0.7772461507059525
42.10000000000033,2.1941001855018127,-1.4078822981761987,0.4770203819966704,0.7772461507059525
42.20000000000033,1.8358736411074805,-1.9799018605063,0.4770203819966704,0.7772461507059525
42.30000000000033,1.458444160770997,-1.9611921004784538,0.4770203819966704,0.7772461507059525
42.40000000000033,1.4247997158654742,-1.9724732900343795,0.4770203819966704,0.7772461507059525
42.500000000000334,1.114816378655262,-2.210477080160518,0.4770203819966704,0.7772461507059525
42.600000000000335,1.58895172304508,-1.7713288156097,0.4770203819966704,0.7772461507059525
42.70000000000034,1.4232225719347307,-2.1614060953858556,0.4770203819966704,0.7772461507059525
42.80000000000034,1.4761452790996747,-2.530034130380449,0.4770203819966704,0.7772461507059525
42.90000000000034,1.9755425766354067,-2.3467062825188516,0.4770203819966704,0.7772461507059525
43.00000000000034,2.0490505398933143,-2.416887370842955,0.4770203819966704,0.7772461507059525
43.10000000000034,2.2802450436523247,-2.224874185558918,0.4770203819966704,0.7772461507059525
43.200000000000344,2.2761848451111466,-2.0611600012217277,0.4770203819966704,0.7772461507059525
43.300000000000345,2.1389543300775413,-1.6310892044403111,0.4770203819966704,0.7772461507059525
43.40000000000035,2.1312201626764855,-1.6420441869590583,0.4770203819966704,0.7772461507059525
43.50000000000035,1.820856740513794,-1.9319906739747208,0.4770203819966704,0.7772461507059525
43.60000000000035,1.7090061723104744,-2.8517262953612317,0.4770203819966704,0.7772461507059525
43.70000000000035,2.148982071950016,-2.6144731729045443,0.4770203819966704,0.7772461507059525
43.80000000000035,1.8642380442970667,-3.0221613262390163,0.4770203819966704,0.7772461507059525
43.900000000000354,1.7469080974803552,-3.07133009340094,0.4770203819966704,0.7772461507059525
44.000000000000355,2.010691043115246,-2.7892835260661415,0.4770203819966704,0.7772461507059525
44.10000000000036,1.3544932801804093,-3.701511718675587,0.4770203819966704,0.7772461507059525
44.20000000000036,1.3804802847860707,-4.066936633332399,0.4770203819966704,0.7772461507059525
44.30000000000036,1.5270709106200746,-4.200304158747969,0.4770203819966704,0.7772461507059525
44.40000000000036,1.4449826168712185,-4.801657921362671,0.4770203819966704,0.7772461507059525
44.50000000000036,1.032763413506351,-4.177032213829793,0.4770203819966704,0.7772461507059525
44.600000000000364,0.9051216501733619,-3.7988147157938603,0.4770203819966704,0.7772461507059525
44.700000000000365,1.0590989057343563,-3.4940845339068947,0.4770203819966704,0.7772461507059525
44.80000000000037,1.446665504536168,-3.05396826819913,0.4770203819966704,0.7772461507059525
44.90000000000037,0.9364139312164529,-3.2458256381016284,0.4770203819966704,0.7772461507059525
45.00000000000037,0.8688930957722798,-3.160079935148351,0.4770203819966704,0.7772461507059525
45.10000000000037,0.8002273009537892,-3.2971715103690804,0.4770203819966704,0.7772461507059525
45.20000000000037,0.7302749759369784,-3.4665601609985917,0.4770203819966704,0.7772461507059525
45.300000000000374,1.1183124606261858,-3.438352964497242,0.4770203819966704,0.7772461507059525
45.400000000000375,0.96070525979624,-3.5467936701299205,0.4770203819966704,0.7772461507059525
45.50000000000038,1.3955290939727187,-2.8965815467438825,0.4770203819966704,0.7772461507059525
45.60000000000038,1.2400556839806456,-2.962113111949196,0.4770203819966704,0.7772461507059525
45.70000000000038,1.3931647297848233,-3.1610322773776476,0.4770203819966704,0.7772461507059525
45.80000000000038,1.539843670994654,-3.0987117599730887,0.4770203819966704,0.7772461507059525
45.90000000000038,1.4663313887673293,-3.340641650563511,0.4770203819966704,0.7772461507059525
46.000000000000384,1.5351713988935125,-3.0129816622477166,0.4770203819966704,0.7772461507059525
46.100000000000385,1.862026616258393,-2.7986473751265613,0.4770203819966704,0.7772461507059525
46.20000000000039,1.7891451385030797,-2.7040942175997467,0.4770203819966704,0.7772461507059525
46.30000000000039,1.4898918787056374,-3.478454700725417,0.4770203819966704,0.7772461507059525
46.40000000000039,1.6639408571833485,-3.024097622180308,0.4770203819966704,0.7772461507059525
46.50000000000039,1.3973115758873809,-3.5778359367434875,0.4770203819966704,0.7772461507059525
46.60000000000039,1.303691106772237,-3.2875508871172805,0.4770203819966704,0.7772461507059525
46.700000000000394,1.283715556528164,-3.547641450818075,0.4770203819966704,0.7772461507059525
46.800000000000395,1.037207149017084,-3.6365316113968644,0.4770203819966704,0.7772461507059525
46.9000000000004,1.1936942316396566,-3.5285521521156067,0.4770203819966704,0.7772461507059525
47.0000000000004,1.0498827552075198,-3.155677696463068,0.4770203819966704,0.7772461507059525
47.1000000000004,1.2133634490872605,-3.065853102849777,0.4770203819966704,0.7772461507059525
47.2000000000004,0.5881390208561119,-3.717655981105585,0.4770203819966704,0.7772461507059525
47.3000000000004,0.7873000347574093,-3.4190822637157776,0.4770203819966704,0.7772461507059525
47.400000000000404,0.8485369310053943,-2.9123560092611602,0.4770203819966704,0.7772461507059525
47.500000000000405,0.49861614819171357,-2.9763783599697593,0.4770203819966704,0.7772461507059525
47.600000000000406,0.668256953691164,-3.0258716289360437,0.4770203819966704,0.7772461507059525
47.70000000000041,0.4600375294336473,-2.9108205082715366,0.4770203819966704,0.7772461507059525
47.80000000000041,0.7712049415888854,-2.9884091379957916,0.4770203819966704,0.7772461507059525
47.90000000000041,0.841577873626205,-2.487985834615809,0.4770203819966704,0.7772461507059525
48.00000000000041,0.22479719318451108,-2.4496866463587335,0.4770203819966704,0.7772461507059525
48.10000000000041,0.5802119458536957,-2.17138712781774,0.4770203819966704,0.7772461507059525
48.200000000000415,0.7353327153764746,-1.9748514282833958,0.4770203819966704,0.7772461507059525
48.300000000000416,0.2652200789253705,-1.9158795352907336,0.4770203819966704,0.7772461507059525
48.40000000000042,0.13888527925219002,-1.476640614472284,0.4770203819966704,0.7772461507059525
48.50000000000042,0.027344787505090923,-1.9114146088564299,0.4770203819966704,0.7772461507059525
48.60000000000042,-0.3403125779873061,-1.8751170945639175,0.4770203819966704,0.7772461507059525
48.70000000000042,-0.4938898743614385,-1.819207693659452,0.4770203819966704,0.7772461507059525
48.80000000000042,-0.6416778889631491,-2.0637754805453055,0.4770203819966704,0.7772461507059525
48.900000000000425,-0.9747331653833124,-2.4678533194420114,0.4770203819966704,0.7772461507059525
49.000000000000426,-0.8227560306269501,-1.5865622072024568,0.4770203819966704,0.7772461507059525
49.10000000000043,-0.5990295718432685,-1.4447398681916543,0.4770203819966704,0.7772461507059525
49.20000000000043,-0.4236858902193763,-1.4696030469880323,0.4770203819966704,0.7772461507059525
49.30000000000043,-0.0999551667692048,-1.610099341972764,0.4770203819966704,0.7772461507059525
49.40000000000043,0.14514267166151912,-1.9197837818388828,0.4770203819966704,0.7772461507059525
49.50000000000043,0.34158307050079495,-1.8128377530216528,0.4770203819966704,0.7772461507059525
49.600000000000435,0.42224216029713113,-1.570013872861908,0.4770203819966704,0.7772461507059525
49.700000000000436,-0.1240958455324811,-1.9029251860810623,0.4770203819966704,0.7772461507059525
49.80000000000044,0.005808363872445266,-1.3404617045278444,0.4770203819966704,0.7772461507059525
49.90000000000044,-0.6258887268704891,-1.7606383709210571,0.4770203819966704,0.7772461507059525
50.00000000000044,-0.38853396701187676,-1.6554498169117584,0.4770203819966704,0.7772461507059525
50.10000000000044,-0.9119964768351745,-2.0371209989441263,0.4770203819966704,0.7772461507059525
50.20000000000044,-1.445351078125991,-2.2536469369883636,0.4770203819966704,0.7772461507059525
50.300000000000445,-1.9115340009220392,-3.188143218104611,0.4770203819966704,0.7772461507059525
50.400000000000446,-1.8096981723456342,-2.5426242356787214,0.4770203819966704,0.7772461507059525
50.50000000000045,-2.106682231578419,-2.8085009511625394,0.4770203819966704,0.7772461507059525
50.60000000000045,-1.9118860855875575,-2.7370098122716557,0.4770203819966704,0.7772461507059525
50.70000000000045,-1.8949635338150495,-2.3703136494034536,0.4770203819966704,0.7772461507059525
50.80000000000045,-2.2028320878064647,-2.6857027089148358,0.4770203819966704,0.7772461507059525
50.90000000000045,-2.1596461684424715,-2.7239292092580967,0.4770203819966704,0.7772461507059525
51.000000000000455,-1.6861807199556533,-2.592633738599829,0.4770203819966704,0.7772461507059525
51.100000000000456,-1.7032517194578962,-2.2778511256693106,0.4770203819966704,0.7772461507059525
51.20000000000046,-1.6749014720705055,-2.1456420381181225,0.4770203819966704,0.7772461507059525
51.30000000000046,-2.018575888727424,-2.3984514713391523,0.4770203819966704,0.7772461507059525
51.40000000000046,-1.9561015640200126,-2.183374457791523,0.4770203819966704,0.7772461507059525
51.50000000000046,-1.556800654771238,-1.6867531482449925,0.4770203819966704,0.7772461507059525
51.60000000000046,-1.6119536900555018,-1.704381808733875,0.4770203819966704,0.7772461507059525
51.700000000000465,-1.3796535304878048,-1.2339070878532408,0.4770203819966704,0.7772461507059525
51.800000000000466,-1.3538758784595035,-0.6722980531283375,0.4770203819966704,0.7772461507059525
51.90000000000047,-1.4834652416786231,-0.4606226577216635,0.4770203819966704,0.7772461507059525
52.00000000000047,-1.5540179681996082,-0.549363079189038,0.4770203819966704,0.7772461507059525
52.10000000000047,-1.3273185336659328,-0.5392271773450766,0.4770203819966704,0.7772461507059525
52.20000000000047,-0.9616511079537383,-0.13042489844624616,0.4770203819966704,0.7772461507059525
52.30000000000047,-0.9331333784727416,-0.35256030304809616,0.4770203819966704,0.7772461507059525
52.400000000000475,-1.4248911880907729,-0.8873422258941404,0.4770203819966704,0.7772461507059525
52.500000000000476,-1.146783662347184,-0.5591115872204441,0.4770203819966704,0.7772461507059525
52.60000000000048,-0.6839037712731459,-0.13932401262740407,0.4770203819966704,0.7772461507059525
52.70000000000048,-0.7026811165586037,-0.16927891437437992,0.4770203819966704,0.7772461507059525
52.80000000000048,-0.5636054506973265,-0.033163919860113134,0.4770203819966704,0.7772461507059525
52.90000000000048,-0.7181410232133018,0.03980103944775,0.4770203819966704,0.7772461507059525
53.00000000000048,-0.8396690311217221,-0.007080213818251753,0.4770203819966704,0.7772461507059525
53.100000000000485,-0.9740135698321024,-0.06985573254774363,0.4770203819966704,0.7772461507059525
53.200000000000486,-1.115982709080239,-0.4023270283226221,0.4770203819966704,0.7772461507059525
53.30000000000049,-0.6494696159774184,0.5591155200798615,0.4770203819966704,0.7772461507059525
53.40000000000049,-1.0417583203357188,0.06040068244161945,0.4770203819966704,0.7772461507059525
53.50000000000049,-1.0374183074508418,0.4425846204074545,0.4770203819966704,0.7772461507059525
53.60000000000049,-0.5546775784590063,1.0595803256415937,0.4770203819966704,0.7772461507059525
53.70000000000049,0.2273058408542742,1.152267135274687,0.4770203819966704,0.7772461507059525
53.800000000000495,0.025839794537248495,1.1616089654262427,0.4770203819966704,0.7772461507059525
53.900000000000496,-0.13997629909144751,1.5653968269996694,0.4770203819966704,0.7772461507059525
54.0000000000005,-0.28363073999138416,1.8000660712605225,0.4770203819966704,0.7772461507059525
54.1000000000005,-0.241281972225525,1.9489516114929104,0.4770203819966704,0.7772461507059525
54.2000000000005,0.009734456933168989,1.7758191198771844,0.4770203819966704,0.7772461507059525
54.3000000000005,-0.04887531224386414,1.2637738925806068,0.4770203819966704,0.7772461507059525
54.4000000000005,-0.38135315153867133,1.5690865336251052,0.4770203819966704,0.7772461507059525
54.500000000000504,-0.48892130506700293,1.3321904576162602,0.4770203819966704,0.7772461507059525
54.600000000000506,-0.2512577171104634,1.4747961172986594,0.4770203819966704,0.7772461507059525
54.70000000000051,-0.3110561784486735,1.6032750518413397,0.4770203819966704,0.7772461507059525
54.80000000000051,-0.5219196656280783,1.20239036137218,0.4770203819966704,0.7772461507059525
54.90000000000051,-0.7617716713154461,1.3118022477313591,0.4770203819966704,0.7772461507059525
55.00000000000051,-1.0512607188423222,0.875802295606582,0.4770203819966704,0.7772461507059525
55.10000000000051,-0.5416531960761257,1.066280680817639,0.4770203819966704,0.7772461507059525
55.200000000000514,-0.9272354757703578,0.8062606374054895,0.4770203819966704,0.7772461507059525
55.300000000000516,-1.065894276510314,1.0031899100884578,0.4770203819966704,0.7772461507059525
55.40000000000052,-0.7665096833351609,1.5598579571391875,0.4770203819966704,0.7772461507059525
55.50000000000052,-0.8001280151170843,1.9677108754535526,0.4770203819966704,0.7772461507059525
55.60000000000052,-0.6139948519140251,1.8590699533794028,0.4770203819966704,0.7772461507059525
55.70000000000052,-0.9326284240136811,1.6293882888758648,0.4770203819966704,0.7772461507059525
55.80000000000052,-1.1995069588892937,1.1371963457567331,0.4770203819966704,0.7772461507059525
55.900000000000524,-1.5073784359961433,1.2817741948279626,0.4770203819966704,0.7772461507059525
56.000000000000526,-1.5812448138846238,1.457049054751313,0.4770203819966704,0.7772461507059525
56.10000000000053,-2.211564402317964,1.1972617107037615,0.4770203819966704,0.7772461507059525
56.20000000000053,-2.290490059108325,1.5475199500256749,0.4770203819966704,0.7772461507059525
56.30000000000053,-2.192959940038964,1.655664892076277,0.4770203819966704,0.7772461507059525
56.40000000000053,-2.678193818709572,1.678889366175651,0.4770203819966704,0.7772461507059525
56.50000000000053,-2.766710307073379,1.6167770327115847,0.4770203819966704,0.7772461507059525
56.600000000000534,-2.634606250085043,1.510502468279422,0.4770203819966704,0.7772461507059525
56.700000000000536,-2.572798333985562,0.9867824961940982,0.4770203819966704,0.7772461507059525
56.80000000000054,-2.7110716716656644,1.1664084178914553,0.4770203819966704,0.7772461507059525
56.90000000000054,-2.935604033215156,1.077660255351713,0.4770203819966704,0.7772461507059525
57.00000000000054,-3.1941004792084238,0.4125965543247079,0.4770203819966704,0.7772461507059525
57.10000000000054,-3.230683123632436,0.5437706338582871,0.4770203819966704,0.7772461507059525
57.20000000000054,-3.3985851834924414,0.5760077790364214,0.4770203819966704,0.7772461507059525
57.300000000000544,-3.6640577378623487,0.6479156952577154,0.4770203819966704,0.7772461507059525
57.400000000000546,-4.31162503522146,0.20654492935924235,0.4770203819966704,0.7772461507059525
57.50000000000055,-4.352383784353637,0.03586753062185741,0.4770203819966704,0.7772461507059525
57.60000000000055,-4.5099942497290595,-0.6264969866715143,0.4770203819966704,0.7772461507059525
57.70000000000055,-4.806241550936632,-1.3235496341175268,0.4770203819966704,0.7772461507059525
57.80000000000055,-4.320984116967886,-0.9725135271625067,0.4770203819966704,0.7772461507059525
57.90000000000055,-4.349995000138836,-0.9226834215516385,0.4770203819966704,0.7772461507059525
58.000000000000554,-4.572858685975722,-0.7814838278742893,0.4770203819966704,0.7772461507059525
58.100000000000556,-4.298937136445102,-1.334023216974547,0.4770203819966704,0.7772461507059525
58.20000000000056,-4.374850855189901,-0.5423760091276869,0.4770203819966704,0.7772461507059525
58.30000000000056,-4.1577137318175,-0.06016079329615348,0.4770203819966704,0.7772461507059525
58.40000000000056,-4.255841808750696,-0.12535606449760978,0.4770203819966704,0.7772461507059525
58.50000000000056,-4.207684962278769,-0.2892922384557989,0.4770203819966704,0.7772461507059525
58.60000000000056,-4.480981267675344,-0.6275180855521056,0.4770203819966704,0.7772461507059525
58.700000000000564,-4.6659999038890145,-0.6808877568006809,0.4770203819966704,0.7772461507059525
58.800000000000566,-4.301666660802944,-0.223455989310352,0.4770203819966704,0.7772461507059525
58.90000000000057,-4.122672875222715,0.1706424981168781,0.4770203819966704,0.7772461507059525
59.00000000000057,-3.9349522210544423,-0.018577428542908725,0.4770203819966704,0.7772461507059525
59.10000000000057,-4.145612694872323,0.022463584951814594,0.4770203819966704,0.7772461507059525
59.20000000000057,-4.2134431767085365,-0.3645347062915852,0.4770203819966704,0.7772461507059525
59.30000000000057,-4.060713111973787,-0.4497244206796223,0.4770203819966704,0.7772461507059525
59.400000000000574,-4.295738206186898,-0.6755482632200684,0.4770203819966704,0.7772461507059525
59.500000000000576,-4.826254123371111,-1.1692333867869058,0.4770203819966704,0.7772461507059525
59.60000000000058,-4.943390245673438,-1.409393704579995,0.4770203819966704,0.7772461507059525
59.70000000000058,-4.636150894371199,-0.6625629897250244,0.4770203819966704,0.7772461507059525
59.80000000000058,-4.613264498794211,-0.39436300913940514,0.4770203819966704,0.7772461507059525
59.90000000000058,-4.704115176450912,-0.5080009853333229,0.4770203819966704,0.7772461507059525
60.00000000000058,-4.336451995991032,-0.17444750804076542,0.4770203819966704,0.7772461507059525
60.100000000000584,-4.102859496935131,0.10761413247783957,0.4770203819966704,0.7772461507059525
60.200000000000585,-3.951955280150815,0.3731045783237452,0.4770203819966704,0.7772461507059525
60.30000000000059,-3.889281531816684,0.08712491527971694,0.4770203819966704,0.7772461507059525
60.40000000000059,-3.813185495245386,-0.006508107127116913,0.4770203819966704,0.7772461507059525
60.50000000000059,-3.572042768680374,-0.1465130030056484,0.4770203819966704,0.7772461507059525
60.60000000000059,-3.5840978293218275,-0.14434254754844766,0.4770203819966704,0.7772461507059525
60.70000000000059,-3.52278078986373,-0.8431169878554892,0.4770203819966704,0.7772461507059525
60.800000000000594,-3.6019161490831966,-1.428359978290814,0.4770203819966704,0.7772461507059525
60.900000000000595,-3.2765358925413643,-1.10878714012301,0.4770203819966704,0.7772461507059525
61.0000000000006,-3.1017668690970477,-1.3379346740707572,0.4770203819966704,0.7772461507059525
61.1000000000006,-2.964692147679534,-1.0379210449779146,0.4770203819966704,0.7772461507059525
61.2000000000006,-3.091606494260811,-1.5583575795441689,0.4770203819966704,0.7772461507059525
61.3000000000006,-3.185043370327798,-1.8501720246951343,0.4770203819966704,0.7772461507059525
61.4000000000006,-3.0013778608609636,-1.269268612723825,0.4770203819966704,0.7772461507059525
61.500000000000604,-3.1354193935243613,-0.9524088842052444,0.4770203819966704,0.7772461507059525
61.600000000000605,-2.8218651845669545,-0.7146386936190476,0.4770203819966704,0.7772461507059525
61.70000000000061,-2.7757984715509334,-0.6632134361419879,0.4770203819966704,0.7772461507059525
61.80000000000061,-2.339737513035903,-0.28988334384908887,0.4770203819966704,0.7772461507059525
61.90000000000061,-2.884584448798667,-0.8132752493401604,0.4770203819966704,0.7772461507059525
62.00000000000061,-3.2575039669427217,-1.1454743205762785,0.4770203819966704,0.7772461507059525
62.10000000000061,-2.9567050808118127,-1.3057299491915402,0.4770203819966704,0.7772461507059525
62.200000000000614,-2.6299470952866986,-1.0924951201332789,0.4770203819966704,0.7772461507059525
62.300000000000615,-2.2732521603498377,-1.4648168411025841,0.4770203819966704,0.7772461507059525
62.40000000000062,-2.446284440767959,-1.1774208579716439,0.4770203819966704,0.7772461507059525
62.50000000000062,-2.8588975297468067,-1.4049002991232604,0.4770203819966704,0.7772461507059525
62.60000000000062,-2.806890745919683,-1.1072576433078187,0.4770203819966704,0.7772461507059525
62.70000000000062,-3.1764339621023407,-1.0707724380813712,0.4770203819966704,0.7772461507059525
62.80000000000062,-3.365965915237711,-1.2563403256243675,0.4770203819966704,0.7772461507059525
62.900000000000624,-3.329810756082821,-0.8762234453625071,0.4770203819966704,0.7772461507059525
63.000000000000625,-3.4245089790474244,-0.5610386271356911,0.4770203819966704,0.7772461507059525
63.10000000000063,-3.843523888949735,-1.2637018558654218,0.4770203819966704,0.7772461507059525
63.20000000000063,-3.688726912980439,-1.2345617584362574,0.4770203819966704,0.7772461507059525
63.30000000000063,-3.821842999687418,-1.2570081241258653,0.4770203819966704,0.7772461507059525
63.40000000000063,-3.4929343420977106,-1.1894952478481393,0.4770203819966704,0.7772461507059525
63.50000000000063,-3.661323610674167,-1.4122198652202096,0.4770203819966704,0.7772461507059525
63.600000000000634,-3.428183433316972,-0.9693757342514744,0.4770203819966704,0.7772461507059525
63.700000000000635,-3.3432186200896687,-1.041198950371054,0.4770203819966704,0.7772461507059525
63.80000000000064,-3.467952084565665,-1.53534581638938,0.4770203819966704,0.7772461507059525
63.90000000000064,-3.6598173702814787,-1.2634762580364192,0.4770203819966704,0.7772461507059525
64.00000000000064,-3.7315754692662653,-1.5196130388270306,0.4770203819966704,0.7772461507059525
64.10000000000063,-3.3638996179068767,-1.396743159911443,0.4770203819966675,0.777246150705949
64.20000000000063,-3.274122760563797,-0.7956363989687446,0.4770203819966655,0.7772461507059464
64.30000000000062,-3.897380374072874,-1.0452351671273878,0.4770203819966648,0.7772461507059449
64.40000000000062,-3.7261975188187857,-1.1332696818697914,0.4770203819966644,0.7772461507059438
64.50000000000061,-3.7442798472615126,-1.1088061050332845,0.4770203819966639,0.7772461507059427
64.6000000000006,-3.616577498014487,-0.4862932960028732,0.4770203819966637,0.777246150705942
64.7000000000006,-4.180493468109115,-0.8126141788544303,0.4770203819966635,0.7772461507059418
64.8000000000006,-4.275811514535273,-1.1287415592464747,0.47702038199666325,0.7772461507059412
64.90000000000059,-4.33285391034966,-1.4300819637154347,0.4770203819966631,0.7772461507059408
65.00000000000058,-3.9751283876374695,-1.4382656582796443,0.47702038199666286,0.7772461507059406
65.10000000000058,-4.177654347977356,-1.5329549535683122,0.47702038199666263,0.7772461507059402
65.20000000000057,-4.5454886295634385,-2.0264813401584836,0.4770203819966627,0.7772461507059402
65.30000000000057,-4.431590941810628,-2.2039969905135774,0.47702038199666263,0.7772461507059399
65.40000000000056,-4.064088483309909,-1.5813466399348393,0.47702038199666275,0.7772461507059399
65.50000000000055,-4.341091843221767,-1.8238140468820936,0.47702038199666275,0.7772461507059399
65.60000000000055,-4.583471633109418,-2.3456611468324473,0.47702038199666275,0.7772461507059399
65.70000000000054,-3.990280657301978,-2.1904374374632183,0.47702038199666275,0.7772461507059399
65.80000000000054,-4.147478760403877,-2.3150373025623123,0.47702038199666275,0.7772461507059399
65.90000000000053,-4.266790240296211,-2.8194941837609386,0.47702038199666275,0.7772461507059399
66.00000000000053,-3.746195853098553,-1.9737132369382129,0.47702038199666275,0.7772461507059399
66.10000000000052,-4.101679864209441,-2.364545857056454,0.47702038199666275,0.7772461507059399
66.20000000000051,-4.049945509221663,-2.602363262852201,0.47702038199666275,0.7772461507059399
66.30000000000051,-4.1931518743382306,-2.7306730408084348,0.47702038199666275,0.7772461507059399
66.4000000000005,-4.0871939397031785,-2.593796686159087,0.47702038199666275,0.7772461507059399
66.5000000000005,-3.769605668609526,-2.4549599320989466,0.47702038199666275,0.7772461507059399
66.60000000000049,-4.232454575161414,-2.53187216192535,0.47702038199666275,0.7772461507059399
66.70000000000049,-3.9788360367487177,-2.801577558240204,0.47702038199666275,0.7772461507059399
66.80000000000048,-4.199044795224296,-3.208201048982727,0.47702038199666275,0.7772461507059399
66.90000000000047,-4.138810131814234,-3.581155371247889,0.47702038199666275,0.7772461507059399
67.00000000000047,-4.058018003984272,-3.5822448915472944,0.47702038199666275,0.7772461507059399
67.10000000000046,-4.2598846000871005,-3.813502128069288,0.47702038199666275,0.7772461507059399
67.20000000000046,-4.564157739069148,-3.8528669688574393,0.47702038199666275,0.7772461507059399
67.30000000000045,-4.963714432987747,-4.213186690364265,0.47702038199666275,0.7772461507059399
67.40000000000045,-4.980707118652781,-4.014002751015751,0.47702038199666275,0.7772461507059399
67.50000000000044,-4.4124111736048,-3.667221901310002,0.47702038199666275,0.7772461507059399
67.60000000000043,-4.514599024341529,-3.9776194316104823,0.47702038199666275,0.7772461507059399
67.70000000000043,-4.283752885377086,-3.536712593996216,0.47702038199666275,0.7772461507059399
67.80000000000042,-4.390602985664467,-3.70276981683709,0.47702038199666275,0.7772461507059399
67.90000000000042,-4.404360212967252,-3.8258695173970314,0.47702038199666275,0.7772461507059399
68.00000000000041,-4.5351556012513266,-3.983493766650623,0.47702038199666275,0.7772461507059399
68.1000000000004,-4.097400126367203,-4.773800443268605,0.47702038199666275,0.7772461507059399
68.2000000000004,-3.756272268333298,-4.733870278701989,0.47702038199666275,0.7772461507059399
68.3000000000004,-3.3809283319345935,-4.000802610528067,0.47702038199666275,0.7772461507059399
68.40000000000039,-3.5048633971517265,-4.31170484140529,0.47702038199666275,0.7772461507059399
68.50000000000038,-3.419983059139185,-4.508140927736314,0.47702038199666275,0.7772461507059399
68.60000000000038,-3.678851871086218,-4.695276222840135,0.47702038199666275,0.7772461507059399
68.70000000000037,-3.285189189432909,-4.6281944128037695,0.47702038199666275,0.7772461507059399
68.80000000000037,-3.3520689092302014,-4.669202620955781,0.47702038199666275,0.7772461507059399
68.90000000000036,-3.0878839667488265,-4.482013910566595,0.47702038199666275,0.7772461507059399
69.00000000000036,-3.4568072004639125,-4.691582266107394,0.47702038199666275,0.7772461507059399
69.10000000000035,-3.269264584155793,-4.571566670488759,0.47702038199666275,0.7772461507059399
69.20000000000034,-3.2634957803380487,-4.827327764089849,0.47702038199666275,0.7772461507059399
69.30000000000034,-3.3532834422023403,-5.118275808452168,0.47702038199666275,0.7772461507059399
69.40000000000033,-3.698926752963228,-5.085234213070323,0.47702038199666275,0.7772461507059399
69.50000000000033,-4.212416323879758,-5.237429111403106,0.47702038199666275,0.7772461507059399
69.60000000000032,-4.56914471604301,-5.5249452089914115,0.47702038199666275,0.7772461507059399
69.70000000000032,-4.77146703929473,-5.604715094790723,0.47702038199666275,0.7772461507059399
69.80000000000031,-4.97783009872776,-5.577437522117394,0.47702038199666275,0.7772461507059399
69.9000000000003,-4.731302641351333,-5.086768201038764,0.47702038199666275,0.7772461507059399
70.0000000000003,-4.741219115511579,-5.342349551458042,0.47702038199666275,0.7772461507059399
70.10000000000029,-4.810565683687866,-5.377300507195297,0.47702038199666275,0.7772461507059399
70.20000000000029,-4.8116153070597445,-5.411379622325264,0.47702038199666275,0.7772461507059399
70.30000000000028,-5.075841964995744,-5.5082001561476925,0.47702038199666275,0.7772461507059399
70.40000000000028,-5.299276171818063,-5.3523827244569215,0.47702038199666275,0.7772461507059399
70.50000000000027,-5.628109448567867,-5.34124748880645,0.47702038199666275,0.7772461507059399
70.60000000000026,-5.866678799763346,-5.319514921926407,0.47702038199666275,0.7772461507059399
70.70000000000026,-5.66351525377245,-5.564453476516517,0.47702038199666275,0.7772461507059399
70.80000000000025,-5.76493147826719,-5.510930020425848,0.47702038199666275,0.7772461507059399
70.90000000000025,-5.572802805514811,-5.333927623931073,0.47702038199666275,0.7772461507059399
71.00000000000024,-5.254264757888797,-5.44446612752526,0.47702038199666275,0.7772461507059399
71.10000000000024,-4.822115648120963,-5.262353826200858,0.47702038199666275,0.7772461507059399
71.20000000000023,-5.105502594170092,-5.888518586038422,0.47702038199666275,0.7772461507059399
71.30000000000022,-5.525853335752775,-6.117473634006905,0.47702038199666275,0.7772461507059399
71.40000000000022,-4.910744973251866,-5.743885141346236,0.47702038199666275,0.7772461507059399
71.50000000000021,-4.687065278989722,-5.335381202973259,0.47702038199666275,0.7772461507059399
71.60000000000021,-4.672584428505975,-4.941326436207205,0.47702038199666275,0.7772461507059399
71.7000000000002,-5.046349342141887,-4.604597522927275,0.47702038199666275,0.7772461507059399
71.8000000000002,-5.089485531189754,-4.58407863189691,0.47702038199666275,0.7772461507059399
71.90000000000019,-4.887860308834934,-4.225783911593606,0.47702038199666275,0.7772461507059399
72.00000000000018,-4.926982462426364,-3.7914814640695527,0.47702038199666275,0.7772461507059399
72.10000000000018,-4.925992255037613,-3.804518119277105,0.47702038199666275,0.7772461507059399
72.20000000000017,-4.80395081232103,-3.6470655419230744,0.47702038199666275,0.7772461507059399
72.30000000000017,-4.733144558901149,-3.1814850013606315,0.47702038199666275,0.7772461507059399
72.40000000000016,-5.291801359500924,-3.599297942563242,0.47702038199666275,0.7772461507059399
72.50000000000016,-4.970020497732024,-3.3230646795310284,0.47702038199666275,0.7772461507059399
72.60000000000015,-5.064583790730632,-3.3864868649439477,0.47702038199666275,0.7772461507059399
72.70000000000014,-5.403463002293858,-3.6058335845462723,0.47702038199666275,0.7772461507059399
72.80000000000014,-5.3812809372379125,-3.707377338587324,0.47702038199666275,0.7772461507059399
72.90000000000013,-5.552970571012867,-3.6361457808471402,0.47702038199666275,0.7772461507059399
73.00000000000013,-5.150669421554664,-3.170003010632594,0.47702038199666275,0.7772461507059399
73.10000000000012,-4.8374882292317904,-3.277578425361037,0.47702038199666275,0.7772461507059399
73.20000000000012,-4.6580173842140935,-2.858778182768768,0.47702038199666275,0.7772461507059399
73.30000000000011,-4.768634610792566,-3.1970956515381377,0.47702038199666275,0.7772461507059399
73.4000000000001,-4.837583588733027,-3.106619341507692,0.47702038199666275,0.7772461507059399
73.5000000000001,-4.71003626323954,-3.3059929171673668,0.47702038199666275,0.7772461507059399
73.6000000000001,-4.827535064092438,-3.0484546657555707,0.47702038199666275,0.7772461507059399
73.70000000000009,-4.859893847264551,-2.895096336326803,0.47702038199666275,0.7772461507059399
73.80000000000008,-4.904349333185776,-2.8000068974796775,0.47702038199666275,0.7772461507059399
73.90000000000008,-4.565962805768725,-2.5681731331254034,0.47702038199666275,0.7772461507059399
74.00000000000007,-4.513436214460075,-3.0365207446136964,0.47702038199666275,0.7772461507059399
74.10000000000007,-4.909973202680921,-3.58912767112979,0.47702038199666275,0.7772461507059399
74.20000000000006,-4.406306806836163,-3.2217214698847068,0.47702038199666275,0.7772461507059399
74.30000000000005,-4.313577280930867,-2.9601349954623375,0.47702038199666275,0.7772461507059399
74.40000000000005,-4.498389603756014,-3.0015528489074086,0.47702038199666275,0.7772461507059399
74.50000000000004,-4.579607821232209,-3.252858343794491,0.47702038199666275,0.7772461507059399
74.60000000000004,-4.309069672752429,-2.5001367639173053,0.47702038199666275,0.7772461507059399
74.70000000000003,-4.1971050781512425,-2.1444980404113885,0.47702038199666275,0.7772461507059399
74.80000000000003,-4.120026375738077,-1.929181998120518,0.47702038199666275,0.7772461507059399
74.90000000000002,-4.183642184649578,-1.9549883514078632,0.47702038199666275,0.7772461507059399
75.00000000000001,-4.126034788305223,-1.9827956516756717,0.47702038199666275,0.7772461507059399
75.10000000000001,-4.44079626792143,-2.2736040151510903,0.47702038199666275,0.7772461507059399
75.2,-4.392477535280814,-2.526754249845132,0.47702038199666275,0.7772461507059399
75.3,-4.3399899073171015,-2.5431677441752516,0.47702038199666275,0.7772461507059399
75.39999999999999,-4.563729664559717,-2.8989830341336678,0.47702038199666275,0.7772461507059399
75.49999999999999,-4.866959056386997,-2.854062693605751,0.47702038199666275,0.7772461507059399
75.59999999999998,-4.709167426728939,-3.2860538728606845,0.47702038199666275,0.7772461507059399
75.69999999999997,-5.135036843579861,-3.163447664266934,0.47702038199666275,0.7772461507059399
75.79999999999997,-5.4688967559469175,-2.7913419315268806,0.47702038199666275,0.7772461507059399
75.89999999999996,-5.070674984591343,-2.6338142589019684,0.47702038199666275,0.7772461507059399
75.99999999999996,-4.7191246532233535,-2.216921105232561,0.47702038199666275,0.7772461507059399
76.09999999999995,-4.539817563129739,-1.9894849596166548,0.47702038199666275,0.7772461507059399
76.19999999999995,-4.351524450591585,-1.949188769169856,0.47702038199666275,0.7772461507059399
76.29999999999994,-4.857651115576667,-2.4530673174478608,0.47702038199666275,0.7772461507059399
76.39999999999993,-4.891087750719486,-1.5716975508466866,0.47702038199666275,0.7772461507059399
76.49999999999993,-4.556889632072639,-1.2171626540633373,0.47702038199666275,0.7772461507059399
76.59999999999992,-4.874068684060357,-1.9765087127397165,0.47702038199666275,0.7772461507059399
76.69999999999992,-4.844389138352503,-1.7537997964321832,0.47702038199666275,0.7772461507059399
76.79999999999991,-4.807813611003688,-1.4753987649336933,0.47702038199666275,0.7772461507059399
76.8999999999999,-4.771533157842832,-1.1030906078495502,0.47702038199666275,0.7772461507059399
76.9999999999999,-4.9437878071076335,-1.0782694607066439,0.47702038199666275,0.7772461507059399
77.0999999999999,-5.027926133599582,-0.7422493831092243,0.47702038199666275,0.7772461507059399
77.19999999999989,-5.067998192481691,-0.3960134227859294,0.47702038199666275,0.7772461507059399
77.29999999999988,-5.256918089306147,-1.0714154825426538,0.47702038199666275,0.7772461507059399
77.39999999999988,-5.358741288788219,-1.2069769525835232,0.47702038199666275,0.7772461507059399
77.49999999999987,-4.756850242887343,-1.333589559043534,0.47702038199666275,0.7772461507059399
77.59999999999987,-4.958736916585584,-1.5369403976228173,0.47702038199666275,0.7772461507059399
77.69999999999986,-4.845974111497756,-1.9844402512326818,0.47702038199666275,0.7772461507059399
77.79999999999986,-5.020155513347575,-2.8624012596290114,0.47702038199666275,0.7772461507059399
77.89999999999985,-5.540652901503423,-3.416852876889677,0.47702038199666275,0.7772461507059399
77.99999999999984,-5.738038961083883,-3.441035808426882,0.47702038199666275,0.7772461507059399
78.09999999999984,-5.490730035545298,-3.1800163065392093,0.47702038199666275,0.7772461507059399
78.19999999999983,-5.492235813998274,-2.9790695329506294,0.47702038199666275,0.7772461507059399
78.29999999999983,-5.388535091614213,-2.2033126784464248,0.47702038199666275,0.7772461507059399
78.39999999999982,-5.646238729125367,-2.35743607516939,0.47702038199666275,0.7772461507059399
78.49999999999982,-5.4881338242511495,-1.9375992442384986,0.47702038199666275,0.7772461507059399
78.59999999999981,-5.495290007356756,-1.3085265279848628,0.47702038199666275,0.7772461507059399
78.6999999999998,-5.4976096347395575,-1.183916551497584,0.47702038199666275,0.7772461507059399
78.7999999999998,-5.9179080820974965,-0.9602019087798932,0.47702038199666275,0.7772461507059399
78.89999999999979,-5.6650789208939845,-0.7292700002431607,0.47702038199666275,0.7772461507059399
78.99999999999979,-5.575864970506162,-0.27928445369885263,0.47702038199666275,0.7772461507059399
79.09999999999978,-5.145574249226175,-0.2835841860386922,0.47702038199666275,0.7772461507059399
79.19999999999978,-4.895031880496095,-0.25868331212516954,0.47702038199666275,0.7772461507059399
79.29999999999977,-4.313443855674129,0.186052530862245,0.47702038199666275,0.7772461507059399
79.39999999999976,-4.1339548072925565,0.6150351284097748,0.47702038199666275,0.7772461507059399
79.49999999999976,-4.243735708404202,0.9996331336838296,0.47702038199666275,0.7772461507059399
79.59999999999975,-4.530091178093923,0.9058738984062473,0.47702038199666275,0.7772461507059399
79.69999999999975,-4.594119224262966,0.9848145924563565,0.47702038199666275,0.7772461507059399
79.79999999999974,-5.065533365842069,0.5199888126474332,0.47702038199666275,0.7772461507059399
79.89999999999974,-5.068423721533683,0.6852408689333029,0.47702038199666275,0.7772461507059399
79.99999999999973,-5.160093088034095,0.08770839317108203,0.47702038199666275,0.7772461507059399
80.09999999999972,-5.029981151329206,0.4393408340028388,0.47702038199666275,0.7772461507059399
80.19999999999972,-5.019943290903528,0.663046349182869,0.47702038199666275,0.7772461507059399
80.29999999999971,-5.630786235023353,0.17100995674209696,0.47702038199666275,0.7772461507059399
80.39999999999971,-5.667304373068732,0.1969419344615046,0.47702038199666275,0.7772461507059399
80.4999999999997,-5.988828427440271,-0.7697810451414175,0.47702038199666275,0.7772461507059399
80.5999999999997,-6.2364186087510545,-0.659219422228718,0.47702038199666275,0.7772461507059399
80.69999999999969,-5.956169447441403,-0.46746537302632957,0.47702038199666275,0.7772461507059399
80.79999999999968,-6.2234711866807215,-1.3306961563097113,0.47702038199666275,0.7772461507059399
80.89999999999968,-5.7787479995145645,-0.47318532535463687,0.47702038199666275,0.7772461507059399
80.99999999999967,-5.646451955500101,-0.9632581144770105,0.47702038199666275,0.7772461507059399
81.09999999999967,-5.5820766360497185,-0.6716706602927407,0.47702038199666275,0.7772461507059399
81.19999999999966,-5.396783786231891,0.04920202866971635,0.47702038199666275,0.7772461507059399
81.29999999999966,-5.762737099416421,0.00873713947755822,0.47702038199666275,0.7772461507059399
81.39999999999965,-5.910051501938583,-0.06596664560846904,0.47702038199666275,0.7772461507059399
81.49999999999964,-6.00257561262618,0.19253653520617603,0.47702038199666275,0.7772461507059399
81.59999999999964,-5.971417568794424,-0.13947133872179635,0.47702038199666275,0.7772461507059399
81.69999999999963,-5.596951667515896,0.1420072999122552,0.47702038199666275,0.7772461507059399
81.79999999999963,-5.705352740590851,0.3193257310686168,0.47702038199666275,0.7772461507059399
81.89999999999962,-5.659553727607886,0.3674084877929186,0.47702038199666275,0.7772461507059399
81.99999999999962,-6.286146552955146,0.05656031546969825,0.47702038199666275,0.7772461507059399
82.09999999999961,-6.418280902265178,-0.2676815240995188,0.47702038199666275,0.7772461507059399
82.1999999999996,-6.166234866347631,-0.32403079801272605,0.47702038199666275,0.7772461507059399
82.2999999999996,-6.33243350479313,-0.9527444420916155,0.47702038199666275,0.7772461507059399
82.3999999999996,-6.474706130969861,-1.385089214984898,0.47702038199666275,0.7772461507059399
82.49999999999959,-6.45711018678168,-1.0702680777164735,0.47702038199666275,0.7772461507059399
82.59999999999958,-6.630788085492896,-0.318635380781639,0.47702038199666275,0.7772461507059399
82.69999999999958,-6.446515541647949,0.06608495718092111,0.47702038199666275,0.7772461507059399
82.79999999999957,-6.463171732947181,0.24449134118429838,0.47702038199666275,0.7772461507059399
82.89999999999957,-6.531496103173951,0.22212080882017454,0.47702038199666275,0.7772461507059399
82.99999999999956,-6.8753969028270525,0.625547571488658,0.47702038199666275,0.7772461507059399
83.09999999999955,-6.788892839838819,0.8823642525389082,0.47702038199666275,0.7772461507059399
83.19999999999955,-6.258326362380754,1.276024020552871,0.47702038199666275,0.7772461507059399
83.29999999999954,-6.016071727630276,1.3453112860261016,0.47702038199666275,0.7772461507059399
83.39999999999954,-6.202665941431934,1.0360969826100925,0.47702038199666275,0.7772461507059399
83.49999999999953,-6.3588627886768645,0.8771736833654903,0.47702038199666275,0.7772461507059399
83.59999999999953,-5.914673300958074,1.128292491725433,0.47702038199666275,0.7772461507059399
83.69999999999952,-5.590606964947994,1.7556109282727554,0.47702038199666275,0.7772461507059399
83.79999999999951,-5.761454486329026,1.8706465359092856,0.47702038199666275,0.7772461507059399
83.89999999999951,-5.886353491238625,1.5183050379458787,0.47702038199666275,0.7772461507059399
83.9999999999995,-5.954230372435676,1.2756204997808138,0.47702038199666275,0.7772461507059399
84.0999999999995,-6.310437581183473,0.6050522833071692,0.47702038199666275,0.7772461507059399
84.19999999999949,-5.99262646309543,0.8379042328558679,0.47702038199666275,0.7772461507059399
84.29999999999949,-5.411801109699045,1.426241309011212,0.47702038199666275,0.7772461507059399
84.39999999999948,-5.5757352568259035,1.4126988063946537,0.47702038199666275,0.7772461507059399
84.49999999999947,-5.77889353608386,1.3515896500290854,0.47702038199666275,0.7772461507059399
84.59999999999947,-5.5024954961885975,1.2196217242865397,0.47702038199666275,0.7772461507059399
84.69999999999946,-5.406813736147205,0.8244817805346012,0.47702038199666275,0.7772461507059399
84.79999999999946,-5.689861197703065,0.12196758453342471,0.47702038199666275,0.7772461507059399
84.89999999999945,-5.071008585311249,1.2551369408725859,0.47702038199666275,0.7772461507059399
84.99999999999945,-5.391671080755321,0.8975531286616084,0.47702038199666275,0.7772461507059399
85.09999999999944,-5.46455575465748,1.1133778818707003,0.47702038199666275,0.7772461507059399
85.19999999999943,-5.649402618316648,1.1982434656080967,0.47702038199666275,0.7772461507059399
85.29999999999943,-5.763695542273365,0.6451251533805771,0.47702038199666275,0.7772461507059399
85.39999999999942,-5.676144690708001,0.14024602000680297,0.47702038199666275,0.7772461507059399
85.49999999999942,-5.9767276964487746,-0.6148891373984335,0.47702038199666275,0.7772461507059399
85.59999999999941,-5.780608431833161,-0.3640877250328892,0.47702038199666275,0.7772461507059399
85.6999999999994,-6.080515498851608,-0.5140067533803289,0.47702038199666275,0.7772461507059399
85.7999999999994,-6.165241371818722,-0.38584439629786393,0.47702038199666275,0.7772461507059399
85.8999999999994,-6.48441174843105,-0.9398210423778257,0.47702038199666275,0.7772461507059399
85.99999999999939,-6.407463888222087,-1.0155784412472135,0.47702038199666275,0.7772461507059399
86.09999999999938,-7.0274335970681046,-1.175264161390476,0.47702038199666275,0.7772461507059399
86.19999999999938,-7.1011724558695315,-1.1724164366409253,0.47702038199666275,0.7772461507059399
86.29999999999937,-7.278697458714415,-1.4738371103444854,0.47702038199666275,0.7772461507059399
86.39999999999937,-7.242321424463084,-1.3250040420657256,0.47702038199666275,0.7772461507059399
86.49999999999936,-7.516918385946224,-1.6677177371175675,0.47702038199666275,0.7772461507059399
86.59999999999935,-7.6488543725679365,-1.8036180327533968,0.47702038199666275,0.7772461507059399
86.69999999999935,-7.390163013341332,-1.3512256786202395,0.47702038199666275,0.7772461507059399
86.79999999999934,-7.89994459270782,-1.1822899220398175,0.47702038199666275,0.7772461507059399
86.89999999999934,-8.061531618517275,-0.7562309992021665,0.47702038199666275,0.7772461507059399
86.99999999999933,-8.233249771153194,-0.7788993332868773,0.47702038199666275,0.7772461507059399
87.09999999999933,-8.295942056134125,-0.45998259791723933,0.47702038199666275,0.7772461507059399
87.19999999999932,-8.526628099268212,-0.6204619753946798,0.47702038199666275,0.7772461507059399
87.29999999999932,-8.42892803399488,-0.3995701627350222,0.47702038199666275,0.7772461507059399
87.39999999999931,-8.524913994041441,-0.15057924538436016,0.47702038199666275,0.7772461507059399
87.4999999999993,-8.141803459693893,0.6420994035390357,0.47702038199666275,0.7772461507059399
87.5999999999993,-7.8350846926230036,0.8101282527201475,0.47702038199666275,0.7772461507059399
87.69999999999929,-7.720249214346896,0.8715538853734348,0.47702038199666275,0.7772461507059399
87.79999999999929,-7.938106549814423,0.43673018956574017,0.47702038199666275,0.7772461507059399
87.89999999999928,-7.980898472394402,0.31531874202643867,0.47702038199666275,0.7772461507059399
87.99999999999928,-8.235473397608267,0.4388242749781872,0.47702038199666275,0.7772461507059399
88.09999999999927,-8.39466438630626,0.05005605978538302,0.47702038199666275,0.7772461507059399
88.19999999999926,-8.654520709123274,-0.6827067312563202,0.47702038199666275,0.7772461507059399
88.29999999999926,-8.741991640370566,-1.3706154667495434,0.47702038199666275,0.7772461507059399
88.39999999999925,-9.075412141917091,-1.4816293678597856,0.47702038199666275,0.7772461507059399
88.49999999999925,-9.251950838700523,-1.306380425639075,0.47702038199666275,0.7772461507059399
88.59999999999924,-9.331394103862843,-1.3535796380947256,0.47702038199666275,0.7772461507059399
88.69999999999924,-9.424891863233006,-1.147956129229014,0.47702038199666275,0.7772461507059399
88.79999999999923,-9.186213294284457,-0.9040484772961266,0.47702038199666275,0.7772461507059399
88.89999999999922,-9.073602782065272,-0.42069004454893555,0.47702038199666275,0.7772461507059399
88.99999999999922,-9.406998156911298,-0.057790500695787395,0.47702038199666275,0.7772461507059399
89.09999999999921,-9.109812821163617,-0.2598999593416742,0.47702038199666275,0.7772461507059399
89.1999999999992,-9.433721413388426,-0.3932042649610536,0.47702038199666275,0.7772461507059399
89.2999999999992,-9.401112161396206,-0.5114144437085166,0.47702038199666275,0.7772461507059399
89.3999999999992,-9.475537709412345,-0.15306671100131053,0.47702038199666275,0.7772461507059399
89.49999999999919,-9.505174230273607,-0.23013507750289172,0.47702038199666275,0.7772461507059399
89.59999999999918,-9.439703829083186,-0.1803353079084904,0.47702038199666275,0.7772461507059399
89.69999999999918,-9.724586391446085,-0.3578576207392233,0.47702038199666275,0.7772461507059399
89.79999999999917,-9.814309838223112,0.08001671832258755,0.47702038199666275,0.7772461507059399
89.89999999999917,-9.806132163603063,0.15876059867087833,0.47702038199666275,0.7772461507059399
89.99999999999916,-9.991009958912269,0.49229582924843535,0.47702038199666275,0.7772461507059399
90.09999999999916,-9.945750172725823,0.5435492109771526,0.47702038199666275,0.7772461507059399
90.19999999999915,-10.141715533231029,0.6725106230230957,0.47702038199666275,0.7772461507059399
90.29999999999914,-9.742109762936021,0.7508889066689892,0.47702038199666275,0.7772461507059399
90.39999999999914,-9.551684843422764,0.4095626261808401,0.47702038199666275,0.7772461507059399
90.49999999999913,-9.378692189924681,0.8291651777254125,0.47702038199666275,0.7772461507059399
90.59999999999913,-9.558116171191848,0.5922669062591706,0.47702038199666275,0.7772461507059399
90.69999999999912,-9.109832974198778,0.7185741809993235,0.47702038199666275,0.7772461507059399
90.79999999999912,-8.651936717766532,0.5841323092014082,0.47702038199666275,0.7772461507059399
90.89999999999911,-8.286168125661197,0.5431687094875759,0.47702038199666275,0.7772461507059399
90.9999999999991,-8.556088353838922,0.6248165873649456,0.47702038199666275,0.7772461507059399
91.0999999999991,-8.316817973574244,1.0726211939343164,0.47702038199666275,0.7772461507059399
91.1999999999991,-7.900957214329727,1.2320194830071611,0.47702038199666275,0.7772461507059399
91.29999999999909,-7.905794068892593,1.040401206717744,0.47702038199666275,0.7772461507059399
91.39999999999908,-7.705757806349329,1.3797705464191128,0.47702038199666275,0.7772461507059399
91.49999999999908,-7.4728245104581115,2.0370153458241123,0.47702038199666275,0.7772461507059399
91.59999999999907,-7.327841852402322,2.8194352109059015,0.47702038199666275,0.7772461507059399
91.69999999999906,-6.80381432924869,3.4621261582858724,0.47702038199666275,0.7772461507059399
91.79999999999906,-7.059308484851654,3.8752101561116366,0.47702038199666275,0.7772461507059399
91.89999999999905,-6.826256900366168,4.363144535827405,0.47702038199666275,0.7772461507059399
91.99999999999905,-6.799310318133141,4.468727252578534,0.47702038199666275,0.7772461507059399
92.09999999999904,-6.736417568793604,4.0979802716259295,0.47702038199666275,0.7772461507059399
92.19999999999904,-6.943627140280898,4.5650854519842765,0.47702038199666275,0.7772461507059399
92.29999999999903,-7.475192570482764,3.8698615710713264,0.47702038199666275,0.7772461507059399
92.39999999999903,-7.657445605160467,3.9041365582516807,0.47702038199666275,0.7772461507059399
92.49999999999902,-7.570864464728146,4.122485223855891,0.47702038199666275,0.7772461507059399
92.59999999999901,-7.604153170432199,4.011344740729756,0.47702038199666275,0.7772461507059399
92.69999999999901,-7.058095090496273,4.3566079177373105,0.47702038199666275,0.7772461507059399
92.799999999999,-6.7431085258476,4.7197538343588175,0.47702038199666275,0.7772461507059399
92.899999999999,-7.094327558645124,4.3087483648085305,0.47702038199666275,0.7772461507059399
92.99999999999899,-6.961887301536182,4.072874251283155,0.47702038199666275,0.7772461507059399
93.09999999999899,-6.705489675147184,4.429723072822735,0.47702038199666275,0.7772461507059399
93.19999999999898,-6.846312524310608,4.305900608247366,0.47702038199666275,0.7772461507059399
93.29999999999897,-7.324195119039827,3.952632277222082,0.47702038199666275,0.7772461507059399
93.39999999999897,-7.279142526282125,4.018813245390349,0.47702038199666275,0.7772461507059399
93.49999999999896,-7.366038237230815,3.625453886084336,0.47702038199666275,0.7772461507059399
93.59999999999896,-7.1633493100977175,4.072024365228582,0.47702038199666275,0.7772461507059399
93.69999999999895,-7.270740412091447,3.7547283813943477,0.47702038199666275,0.7772461507059399
93.79999999999895,-7.579440248898971,3.715759395038567,0.47702038199666275,0.7772461507059399
93.89999999999894,-7.637114395214566,3.600111821655595,0.47702038199666275,0.7772461507059399
93.99999999999893,-7.895518861209947,3.5133512927568504,0.47702038199666275,0.7772461507059399
94.09999999999893,-8.311020211087309,3.3379180079910435,0.47702038199666275,0.7772461507059399
94.19999999999892,-7.929758724368087,3.5908243725513547,0.47702038199666275,0.7772461507059399
94.29999999999892,-8.258786275980738,3.0252718108489973,0.47702038199666275,0.7772461507059399
94.39999999999891,-8.44547902939308,3.284776851281208,0.47702038199666275,0.7772461507059399
94.4999999999989,-9.159510246653717,3.1049961481864243,0.47702038199666275,0.7772461507059399
94.5999999999989,-8.922936749280437,3.4864501262422225,0.47702038199666275,0.7772461507059399
94.6999999999989,-9.284583566205505,3.043218669384559,0.47702038199666275,0.7772461507059399
94.79999999999889,-8.814274599975679,3.3901537859250523,0.47702038199666275,0.7772461507059399
94.89999999999888,-8.86658367099768,2.8019137336678264,0.47702038199666275,0.7772461507059399
94.99999999999888,-8.58458692527363,3.6045922056564823,0.47702038199666275,0.7772461507059399
95.09999999999887,-9.12677535267162,3.418663464303768,0.47702038199666275,0.7772461507059399
95.19999999999887,-9.427131281516596,3.313332257764765,0.47702038199666275,0.7772461507059399
95.29999999999886,-9.217936978020457,3.844258614769371,0.47702038199666275,0.7772461507059399
95.39999999999885,-8.999451350082792,4.365232362896285,0.47702038199666275,0.7772461507059399
95.49999999999885,-9.123664346623912,4.661019857492991,0.47702038199666275,0.7772461507059399
95.59999999999884,-8.929420062845008,4.965878585567364,0.47702038199666275,0.7772461507059399
95.69999999999884,-8.671384299727885,4.877182400699901,0.47702038199666275,0.7772461507059399
95.79999999999883,-8.64565684643945,5.313952383599489,0.47702038199666275,0.7772461507059399
95.89999999999883,-8.59437712564946,5.8297340367549895,0.47702038199666275,0.7772461507059399
95.99999999999882,-8.592320526733989,5.7833341249856876,0.47702038199666275,0.7772461507059399
96.09999999999881,-8.99331437114444,5.081479542552256,0.47702038199666275,0.7772461507059399
96.19999999999881,-8.927347748505577,5.094699452414708,0.47702038199666275,0.7772461507059399
96.2999999999988,-9.051040927004355,4.838714922215268,0.47702038199666275,0.7772461507059399
96.3999999999988,-8.991645490160602,4.529149886162575,0.47702038199666275,0.7772461507059399
96.49999999999879,-8.97461502929492,4.118367813588067,0.47702038199666275,0.7772461507059399
96.59999999999879,-9.076417982998603,4.232200491674968,0.47702038199666275,0.7772461507059399
96.69999999999878,-9.209441407828859,3.755955625706255,0.47702038199666275,0.7772461507059399
96.79999999999878,-8.634078662838919,3.808398322694146,0.47702038199666275,0.7772461507059399
96.89999999999877,-8.920197168089338,3.354728297783886,0.47702038199666275,0.7772461507059399
96.99999999999876,-8.88597640526845,3.5245383430183277,0.47702038199666275,0.7772461507059399
97.09999999999876,-8.335832435395204,3.5892244671068507,0.47702038199666275,0.7772461507059399
97.19999999999875,-8.438708812472571,3.4469519724594244,0.47702038199666275,0.7772461507059399
97.29999999999875,-8.372829042616193,3.842506433006394,0.47702038199666275,0.7772461507059399
97.39999999999874,-8.788678746780304,3.127469476962296,0.47702038199666275,0.7772461507059399
97.49999999999874,-8.59077653482891,3.827310133657178,0.47702038199666275,0.7772461507059399
97.59999999999873,-8.39048604378976,4.368387139340426,0.47702038199666275,0.7772461507059399
97.69999999999872,-8.796997831613046,4.003791642961938,0.47702038199666275,0.7772461507059399
97.79999999999872,-8.876721400948519,4.5852922303328585,0.47702038199666275,0.7772461507059399
97.89999999999871,-9.077317857337347,4.685747000941954,0.47702038199666275,0.7772461507059399
97.9999999999987,-9.245292454404577,4.63957986080711,0.47702038199666275,0.7772461507059399
98.0999999999987,-9.341093342818834,4.656348803804584,0.47702038199666275,0.7772461507059399
98.1999999999987,-9.356505619585127,5.026606735045521,0.47702038199666275,0.7772461507059399
98.29999999999869,-9.459007624114786,5.15754775596195,0.47702038199666275,0.7772461507059399
98.39999999999868,-9.76016974597572,5.093257253006987,0.47702038199666275,0.7772461507059399
98.49999999999868,-9.932370485271758,4.845748183513918,0.47702038199666275,0.7772461507059399
98.59999999999867,-9.796812394320312,4.8268232760620275,0.47702038199666275,0.7772461507059399
98.69999999999867,-9.924982165118818,4.803192924236438,0.47702038199666275,0.7772461507059399
98.79999999999866,-9.828288044276752,4.5295407619975006,0.47702038199666275,0.7772461507059399
98.89999999999866,-9.917453341602311,4.712003483733543,0.47702038199666275,0.7772461507059399
98.99999999999865,-9.867921065438983,4.61944791373596,0.47702038199666275,0.7772461507059399
99.09999999999864,-9.335487590953134,5.548420176459148,0.47702038199666275,0.7772461507059399
99.19999999999864,-9.050804402451122,5.63908768453151,0.47702038199666275,0.7772461507059399
99.29999999999863,-8.676908211123985,5.897337093882346,0.47702038199666275,0.7772461507059399
99.39999999999863,-8.81436069504457,6.0248579276134056,0.47702038199666275,0.7772461507059399
99.49999999999862,-8.380464370031795,6.891228875243659,0.47702038199666275,0.7772461507059399
99.59999999999862,-8.177042832458287,7.062792797273366,0.47702038199666275,0.7772461507059399
99.69999999999861,-7.677195385911558,7.602388090612156,0.47702038199666275,0.7772461507059399
99.7999999999986,-7.610103999507311,7.769161059847374,0.47702038199666275,0.7772461507059399
99.8999999999986,-7.89698794962374,7.654675949392682,0.47702038199666275,0.7772461507059399
99.9999999999986,-7.968732313705254,7.349583537578645,0.47702038199666275,0.7772461507059399
