time,state_mean,state_variance,one_step_forecast,one_step_variance
0.0,0.0,10.0
1.0,-3.4162986096780896,1.7333333333333334,0.0,15.0
2.0,-8.108421139882466,1.4059405940594059,-3.4162986096780896,6.733333333333333
3.0,-6.5493044755030025,1.3755795981452859,-8.108421139882466,6.405940594059405
4.0,-7.612826793239746,1.3726060606060606,-6.5493044755030025,6.375579598145286
5.0,-6.223340612352296,1.3723133107619736,-7.612826793239746,6.372606060606061
6.0,-7.694191636353065,1.3722844742670544,-6.223340612352296,6.372313310761974
7.0,-10.021527812081699,1.372281633666381,-7.694191636353065,6.372284474267055
8.0,-10.780329320345567,1.3722813538455387,-10.021527812081699,6.372281633666381
9.0,-10.987705575587366,1.372281326281037,-10.780329320345567,6.372281353845539
10.0,-7.800128921819806,1.3722813235657216,-10.987705575587366,6.372281326281037
11.0,-9.739696900338926,1.3722813232982423,-7.800128921819806,6.372281323565722
12.0,-7.78800799934982,1.3722813232718936,-9.739696900338926,6.3722813232982425
13.0,-6.307714195092451,1.372281323269298,-7.78800799934982,6.372281323271894
14.0,-6.3743406829163565,1.3722813232690423,-6.307714195092451,6.3722813232692985
15.0,-9.484106509724494,1.3722813232690172,-6.3743406829163565,6.372281323269043
16.0,-9.968667077286094,1.3722813232690145,-9.484106509724494,6.372281323269017
17.0,-8.96254553991222,1.3722813232690143,-9.968667077286094,6.372281323269014
18.0,-6.982650737932482,1.3722813232690143,-8.96254553991222,6.372281323269014
19.0,-5.852057603223342,1.3722813232690143,-6.982650737932482,6.372281323269014
20.0,-6.192840450202277,1.3722813232690143,-5.852057603223342,6.372281323269014
21.0,-6.983054327008892,1.3722813232690143,-6.192840450202277,6.372281323269014
22.0,-3.7736415420644382,1.3722813232690143,-6.983054327008892,6.372281323269014
23.0,-4.505113711739451,1.3722813232690143,-3.7736415420644382,6.372281323269014
24.0,-3.5462834865078054,1.3722813232690143,-4.505113711739451,6.372281323269014
25.0,-4.118939218476648,1.3722813232690143,-3.5462834865078054,6.372281323269014
26.0,-6.955344360688693,1.3722813232690143,-4.118939218476648,6.372281323269014
27.0,-4.878115157308997,1.3722813232690143,-6.955344360688693,6.372281323269014
28.0,-6.569113535429862,1.3722813232690143,-4.878115157308997,6.372281323269014
29.0,-4.246486887375506,1.3722813232690143,-6.569113535429862,6.372281323269014
30.0,-1.4245332097080192,1.3722813232690143,-4.246486887375506,6.372281323269014
31.0,2.7330773011593594,1.3722813232690143,-1.4245332097080192,6.372281323269014
32.0,-0.80274897847714,1.3722813232690143,2.7330773011593594,6.372281323269014
33.0,-0.46612827064296325,1.3722813232690143,-0.80274897847714,6.372281323269014
34.0,-0.7758901637120317,1.3722813232690143,-0.46612827064296325,6.372281323269014
35.0,0.12686701104399745,1.3722813232690143,-0.7758901637120317,6.372281323269014
36.0,0.7861564869119703,1.3722813232690143,0.12686701104399745,6.372281323269014
37.0,2.2445863195495264,1.3722813232690143,0.7861564869119703,6.372281323269014
38.0,2.990078286865051,1.3722813232690143,2.2445863195495264,6.372281323269014
39.0,0.9259789398160136,1.3722813232690143,2.990078286865051,6.372281323269014
40.0,0.13973147281026044,1.3722813232690143,0.9259789398160136,6.372281323269014
41.0,-1.3248317978707154,1.3722813232690143,0.13973147281026044,6.372281323269014
42.0,-1.1308983088059916,1.3722813232690143,-1.3248317978707154,6.372281323269014
43.0,-0.6041586216786181,1.3722813232690143,-1.1308983088059916,6.372281323269014
44.0,-1.2729906945996898,1.3722813232690143,-0.6041586216786181,6.372281323269014
45.0,-2.448582455777484,1.3722813232690143,-1.2729906945996898,6.372281323269014
46.0,-3.641346072673785,1.3722813232690143,-2.448582455777484,6.372281323269014
47.0,-4.170937282371168,1.3722813232690143,-3.641346072673785,6.372281323269014
48.0,-5.425633163430282,1.3722813232690143,-4.170937282371168,6.372281323269014
49.0,-6.140488835075384,1.3722813232690143,-5.425633163430282,6.372281323269014
50.0,-6.996280825286183,1.3722813232690143,-6.140488835075384,6.372281323269014
51.0,-10.12791813178598,1.3722813232690143,-6.996280825286183,6.372281323269014
52.0,-10.432685579809691,1.3722813232690143,-10.12791813178598,6.372281323269014
53.0,-12.333700828194601,1.3722813232690143,-10.432685579809691,6.372281323269014
54.0,-11.943328175973782,1.3722813232690143,-12.333700828194601,6.372281323269014
55.0,-13.444913187676113,1.3722813232690143,-11.943328175973782,6.372281323269014
56.0,-14.474069786116745,1.3722813232690143,-13.444913187676113,6.372281323269014
57.0,-14.239003308471652,1.3722813232690143,-14.474069786116745,6.372281323269014
58.0,-13.643731207272868,1.3722813232690143,-14.239003308471652,6.372281323269014
59.0,-12.737527061335307,1.3722813232690143,-13.643731207272868,6.372281323269014
60.0,-12.287023643852073,1.3722813232690143,-12.737527061335307,6.372281323269014
61.0,-10.355803550545666,1.3722813232690143,-12.287023643852073,6.372281323269014
62.0,-8.537759062502886,1.3722813232690143,-10.355803550545666,6.372281323269014
63.0,-7.512872643782549,1.3722813232690143,-8.537759062502886,6.372281323269014
64.0,-8.474939293272982,1.3722813232690143,-7.512872643782549,6.372281323269014
65.0,-9.019957994665326,1.3722813232690143,-8.474939293272982,6.372281323269014
66.0,-8.623760541390654,1.3722813232690143,-9.019957994665326,6.372281323269014
67.0,-11.211463366260073,1.3722813232690143,-8.623760541390654,6.372281323269014
68.0,-9.45887747794201,1.3722813232690143,-11.211463366260073,6.372281323269014
69.0,-8.024211378487625,1.3722813232690143,-9.45887747794201,6.372281323269014
70.0,-7.958449692682398,1.3722813232690143,-8.024211378487625,6.372281323269014
71.0,-9.362182899793563,1.3722813232690143,-7.958449692682398,6.372281323269014
72.0,-7.986170089244673,1.3722813232690143,-9.362182899793563,6.372281323269014
73.0,-7.537977911072543,1.3722813232690143,-7.986170089244673,6.372281323269014
74.0,-7.966596618766316,1.3722813232690143,-7.537977911072543,6.372281323269014
75.0,-8.205861247198456,1.3722813232690143,-7.966596618766316,6.372281323269014
76.0,-6.205834438658648,1.3722813232690143,-8.205861247198456,6.372281323269014
77.0,-4.897366631668526,1.3722813232690143,-6.205834438658648,6.372281323269014
78.0,-6.024760901080624,1.3722813232690143,-4.897366631668526,6.372281323269014
79.0,-8.35407747572615,1.3722813232690143,-6.024760901080624,6.372281323269014
80.0,-9.202853870122523,1.3722813232690143,-8.35407747572615,6.372281323269014
81.0,-11.261174193215634,1.3722813232690143,-9.202853870122523,6.372281323269014
82.0,-8.787848541342477,1.3722813232690143,-11.261174193215634,6.372281323269014
83.0,-5.010781846683207,1.3722813232690143,-8.787848541342477,6.372281323269014
84.0,-5.158904510262087,1.3722813232690143,-5.010781846683207,6.372281323269014
85.0,-5.212228905951229,1.3722813232690143,-5.158904510262087,6.372281323269014
86.0,-5.557486945945972,1.3722813232690143,-5.212228905951229,6.372281323269014
87.0,-4.4861862903647785,1.3722813232690143,-5.557486945945972,6.372281323269014
88.0,-4.284371461860135,1.3722813232690143,-4.4861862903647785,6.372281323269014
89.0,-6.401704690593711,1.3722813232690143,-4.284371461860135,6.372281323269014
90.0,-5.326067911840444,1.3722813232690143,-6.401704690593711,6.372281323269014
91.0,-7.581363417164691,1.3722813232690143,-5.326067911840444,6.372281323269014
92.0,-4.2069812563561175,1.3722813232690143,-7.581363417164691,6.372281323269014
93.0,-3.6903613185706154,1.3722813232690143,-4.2069812563561175,6.372281323269014
94.0,-5.639964047216409,1.3722813232690143,-3.6903613185706154,6.372281323269014
95.0,-4.590611402025568,1.3722813232690143,-5.639964047216409,6.372281323269014
96.0,-2.8206462250774322,1.3722813232690143,-4.590611402025568,6.372281323269014
97.0,-1.0848347314255267,1.3722813232690143,-2.8206462250774322,6.372281323269014
98.0,-0.29759571261389206,1.3722813232690143,-1.0848347314255267,6.372281323269014
99.0,1.4639852919910394,1.3722813232690143,-0.29759571261389206,6.372281323269014
100.0,2.1351508423237706,1.3722813232690143,1.4639852919910394,6.372281323269014
101.0,-0.04691006491387428,1.3722813232690143,2.1351508423237706,6.372281323269014
102.0,3.7793352659199115,1.3722813232690143,-0.04691006491387428,6.372281323269014
103.0,6.023452699004945,1.3722813232690143,3.7793352659199115,6.372281323269014
104.0,3.719848467753226,1.3722813232690143,6.023452699004945,6.372281323269014
105.0,3.4744886470727563,1.3722813232690143,3.719848467753226,6.372281323269014
106.0,4.113790808785062,1.3722813232690143,3.4744886470727563,6.372281323269014
107.0,4.0449810029727296,1.3722813232690143,4.113790808785062,6.372281323269014
108.0,5.256570253295706,1.3722813232690143,4.0449810029727296,6.372281323269014
109.0,5.434662240482097,1.3722813232690143,5.256570253295706,6.372281323269014
110.0,4.1139922668889035,1.3722813232690143,5.434662240482097,6.372281323269014
111.0,6.303549442014238,1.3722813232690143,4.1139922668889035,6.372281323269014
112.0,5.633924824000403,1.3722813232690143,6.303549442014238,6.372281323269014
113.0,6.232621076708133,1.3722813232690143,5.633924824000403,6.372281323269014
114.0,7.691804264186326,1.3722813232690143,6.232621076708133,6.372281323269014
115.0,6.9365724192993365,1.3722813232690143,7.691804264186326,6.372281323269014
116.0,9.3857905281809,1.3722813232690143,6.9365724192993365,6.372281323269014
117.0,13.418577912177831,1.3722813232690143,9.3857905281809,6.372281323269014
118.0,14.043191748220494,1.3722813232690143,13.418577912177831,6.372281323269014
119.0,17.895898999005244,1.3722813232690143,14.043191748220494,6.372281323269014
120.0,16.861566800087296,1.3722813232690143,17.895898999005244,6.372281323269014
121.0,16.552435702066546,1.3722813232690143,16.861566800087296,6.372281323269014
122.0,16.147583344601685,1.3722813232690143,16.552435702066546,6.372281323269014
123.0,16.729864651965347,1.3722813232690143,16.147583344601685,6.372281323269014
124.0,20.681149006027717,1.3722813232690143,16.729864651965347,6.372281323269014
125.0,20.252573219681043,1.3722813232690143,20.681149006027717,6.372281323269014
126.0,19.659830994130367,1.3722813232690143,20.252573219681043,6.372281323269014
127.0,17.533702038500763,1.3722813232690143,19.659830994130367,6.372281323269014
128.0,19.259853503306072,1.3722813232690143,17.533702038500763,6.372281323269014
129.0,19.666447717307758,1.3722813232690143,19.259853503306072,6.372281323269014
130.0,18.562208924410733,1.3722813232690143,19.666447717307758,6.372281323269014
131.0,17.747983942484723,1.3722813232690143,18.562208924410733,6.372281323269014
132.0,16.636724585141067,1.3722813232690143,17.747983942484723,6.372281323269014
133.0,15.277446600289192,1.3722813232690143,16.636724585141067,6.372281323269014
134.0,14.831441697187097,1.3722813232690143,15.277446600289192,6.372281323269014
135.0,15.574484159788375,1.3722813232690143,14.831441697187097,6.372281323269014
136.0,14.39567695566482,1.3722813232690143,15.574484159788375,6.372281323269014
137.0,13.728436688743512,1.3722813232690143,14.39567695566482,6.372281323269014
138.0,11.3534520251158,1.3722813232690143,13.728436688743512,6.372281323269014
139.0,9.82657521503538,1.3722813232690143,11.3534520251158,6.372281323269014
140.0,7.146582422005734,1.3722813232690143,9.82657521503538,6.372281323269014
141.0,9.827966169779627,1.3722813232690143,7.146582422005734,6.372281323269014
142.0,9.445952471268345,1.3722813232690143,9.827966169779627,6.372281323269014
143.0,10.571274843391556,1.3722813232690143,9.445952471268345,6.372281323269014
144.0,14.224470207727673,1.3722813232690143,10.571274843391556,6.372281323269014
145.0,14.91486413016774,1.3722813232690143,14.224470207727673,6.372281323269014
146.0,10.97756722618206,1.3722813232690143,14.91486413016774,6.372281323269014
147.0,10.255486387972384,1.3722813232690143,10.97756722618206,6.372281323269014
148.0,8.67162685092461,1.3722813232690143,10.255486387972384,6.372281323269014
149.0,8.943472569883166,1.3722813232690143,8.67162685092461,6.372281323269014
150.0,9.845803143884376,1.3722813232690143,8.943472569883166,6.372281323269014
151.0,8.65411880514412,1.3722813232690143,9.845803143884376,6.372281323269014
152.0,9.022674379451656,1.3722813232690143,8.65411880514412,6.372281323269014
153.0,9.785080252981295,1.3722813232690143,9.022674379451656,6.372281323269014
154.0,8.725887400503257,1.3722813232690143,9.785080252981295,6.372281323269014
155.0,7.0742745035703445,1.3722813232690143,8.725887400503257,6.372281323269014
156.0,8.431419743169517,1.3722813232690143,7.0742745035703445,6.372281323269014
157.0,8.519245022215083,1.3722813232690143,8.431419743169517,6.372281323269014
158.0,10.033512327276195,1.3722813232690143,8.519245022215083,6.372281323269014
159.0,12.257025404533458,1.3722813232690143,10.033512327276195,6.372281323269014
160.0,11.211286301448387,1.3722813232690143,12.257025404533458,6.372281323269014
161.0,11.323194062098516,1.3722813232690143,11.211286301448387,6.372281323269014
162.0,11.169683166608403,1.3722813232690143,11.323194062098516,6.372281323269014
163.0,9.149832629648081,1.3722813232690143,11.169683166608403,6.372281323269014
164.0,10.062084475678985,1.3722813232690143,9.149832629648081,6.372281323269014
165.0,9.395737271945167,1.3722813232690143,10.062084475678985,6.372281323269014
166.0,10.16265427553261,1.3722813232690143,9.395737271945167,6.372281323269014
167.0,8.328497289407897,1.3722813232690143,10.16265427553261,6.372281323269014
168.0,8.278963984368705,1.3722813232690143,8.328497289407897,6.372281323269014
169.0,4.915816407876102,1.3722813232690143,8.278963984368705,6.372281323269014
170.0,6.4856303053408055,1.3722813232690143,4.915816407876102,6.372281323269014
171.0,7.01970432148184,1.3722813232690143,6.4856303053408055,6.372281323269014
172.0,7.267820724070028,1.3722813232690143,7.01970432148184,6.372281323269014
173.0,7.819160097046253,1.3722813232690143,7.267820724070028,6.372281323269014
174.0,7.880303552659666,1.3722813232690143,7.819160097046253,6.372281323269014
175.0,7.394023299984808,1.3722813232690143,7.880303552659666,6.372281323269014
176.0,7.156948201777225,1.3722813232690143,7.394023299984808,6.372281323269014
177.0,4.655170193129343,1.3722813232690143,7.156948201777225,6.372281323269014
178.0,7.710959727803614,1.3722813232690143,4.655170193129343,6.372281323269014
179.0,8.270233795781555,1.3722813232690143,7.710959727803614,6.372281323269014
180.0,9.958630799719007,1.3722813232690143,8.270233795781555,6.372281323269014
181.0,10.680823821981186,1.3722813232690143,9.958630799719007,6.372281323269014
182.0,11.774592961166555,1.3722813232690143,10.680823821981186,6.372281323269014
183.0,12.274378772466626,1.3722813232690143,11.774592961166555,6.372281323269014
184.0,12.937340634888958,1.3722813232690143,12.274378772466626,6.372281323269014
185.0,11.964594170921435,1.3722813232690143,12.937340634888958,6.372281323269014
186.0,11.892329227138283,1.3722813232690143,11.964594170921435,6.372281323269014
187.0,12.976881152591316,1.3722813232690143,11.892329227138283,6.372281323269014
188.0,13.74324105822081,1.3722813232690143,12.976881152591316,6.372281323269014
189.0,14.063443963988867,1.3722813232690143,13.74324105822081,6.372281323269014
190.0,15.228431051931894,1.3722813232690143,14.063443963988867,6.372281323269014
191.0,13.426788375624708,1.3722813232690143,15.228431051931894,6.372281323269014
192.0,10.984808711295313,1.3722813232690143,13.426788375624708,6.372281323269014
193.0,13.59515909787689,1.3722813232690143,10.984808711295313,6.372281323269014
194.0,12.363158307515661,1.3722813232690143,13.59515909787689,6.372281323269014
195.0,14.298139542068089,1.3722813232690143,12.363158307515661,6.372281323269014
196.0,15.179192607193158,1.3722813232690143,14.298139542068089,6.372281323269014
197.0,15.426417784535971,1.3722813232690143,15.179192607193158,6.372281323269014
198.0,14.307485596111643,1.3722813232690143,15.426417784535971,6.372281323269014
199.0,11.618617310783923,1.3722813232690143,14.307485596111643,6.372281323269014
200.0,9.605171519923202,1.3722813232690143,11.618617310783923,6.372281323269014
201.0,8.962312451724681,1.3722813232690143,9.605171519923202,6.372281323269014
202.0,7.234125048581062,1.3722813232690143,8.962312451724681,6.372281323269014
203.0,5.762248068501313,1.3722813232690143,7.234125048581062,6.372281323269014
204.0,3.5435246816216788,1.3722813232690143,5.762248068501313,6.372281323269014
205.0,4.806435882692073,1.3722813232690143,3.5435246816216788,6.372281323269014
206.0,7.6497097469716895,1.3722813232690143,4.806435882692073,6.372281323269014
207.0,8.774645092625653,1.3722813232690143,7.6497097469716895,6.372281323269014
208.0,10.108604339525751,1.3722813232690143,8.774645092625653,6.372281323269014
209.0,6.698761315450762,1.3722813232690143,10.108604339525751,6.372281323269014
210.0,6.134774389842679,1.3722813232690143,6.698761315450762,6.372281323269014
211.0,6.526649865558873,1.3722813232690143,6.134774389842679,6.372281323269014
212.0,7.9591729550419394,1.3722813232690143,6.526649865558873,6.372281323269014
213.0,9.364817822233102,1.3722813232690143,7.9591729550419394,6.372281323269014
214.0,9.882531400872999,1.3722813232690143,9.364817822233102,6.372281323269014
215.0,9.501888789249755,1.3722813232690143,9.882531400872999,6.372281323269014
216.0,7.9178125798856325,1.3722813232690143,9.501888789249755,6.372281323269014
217.0,8.398465915904936,1.3722813232690143,7.9178125798856325,6.372281323269014
218.0,8.487235727066011,1.3722813232690143,8.398465915904936,6.372281323269014
219.0,7.917653298808942,1.3722813232690143,8.487235727066011,6.372281323269014
220.0,7.236429348565023,1.3722813232690143,7.917653298808942,6.372281323269014
221.0,2.515471173860967,1.3722813232690143,7.236429348565023,6.372281323269014
222.0,3.99597871224315,1.3722813232690143,2.515471173860967,6.372281323269014
223.0,5.053632026184028,1.3722813232690143,3.99597871224315,6.372281323269014
224.0,3.0715759671236955,1.3722813232690143,5.053632026184028,6.372281323269014
225.0,2.566088339976257,1.3722813232690143,3.0715759671236955,6.372281323269014
226.0,1.81362285676184,1.3722813232690143,2.566088339976257,6.372281323269014
227.0,4.138513299122945,1.3722813232690143,1.81362285676184,6.372281323269014
228.0,4.6743602631390635,1.3722813232690143,4.138513299122945,6.372281323269014
229.0,6.028298266770536,1.3722813232690143,4.6743602631390635,6.372281323269014
230.0,7.166572387428788,1.3722813232690143,6.028298266770536,6.372281323269014
231.0,5.417030326602499,1.3722813232690143,7.166572387428788,6.372281323269014
232.0,3.6278364641061254,1.3722813232690143,5.417030326602499,6.372281323269014
233.0,4.143521481506012,1.3722813232690143,3.6278364641061254,6.372281323269014
234.0,8.616354650925064,1.3722813232690143,4.143521481506012,6.372281323269014
235.0,8.427426393568567,1.3722813232690143,8.616354650925064,6.372281323269014
236.0,8.488930229842508,1.3722813232690143,8.427426393568567,6.372281323269014
237.0,7.530612013863508,1.3722813232690143,8.488930229842508,6.372281323269014
238.0,7.958366120385957,1.3722813232690143,7.530612013863508,6.372281323269014
239.0,7.6221854748101965,1.3722813232690143,7.958366120385957,6.372281323269014
240.0,9.704684085333696,1.3722813232690143,7.6221854748101965,6.372281323269014
241.0,8.586194364028849,1.3722813232690143,9.704684085333696,6.372281323269014
242.0,9.285897486279389,1.3722813232690143,8.586194364028849,6.372281323269014
243.0,10.311650343454083,1.3722813232690143,9.285897486279389,6.372281323269014
244.0,8.339823465730289,1.3722813232690143,10.311650343454083,6.372281323269014
245.0,6.801054755504385,1.3722813232690143,8.339823465730289,6.372281323269014
246.0,5.389494168084747,1.3722813232690143,6.801054755504385,6.372281323269014
247.0,4.794197855216069,1.3722813232690143,5.389494168084747,6.372281323269014
248.0,4.732525444204637,1.3722813232690143,4.794197855216069,6.372281323269014
249.0,4.791073287677978,1.3722813232690143,4.732525444204637,6.372281323269014
250.0,5.160786328716375,1.3722813232690143,4.791073287677978,6.372281323269014
251.0,7.23209752082391,1.3722813232690143,5.160786328716375,6.372281323269014
252.0,9.02410542219663,1.3722813232690143,7.23209752082391,6.372281323269014
253.0,10.998672589406556,1.3722813232690143,9.02410542219663,6.372281323269014
254.0,12.3022130093013,1.3722813232690143,10.998672589406556,6.372281323269014
255.0,15.375492823336662,1.3722813232690143,12.3022130093013,6.372281323269014
256.0,14.578131488910314,1.3722813232690143,15.375492823336662,6.372281323269014
257.0,15.515434640405312,1.3722813232690143,14.578131488910314,6.372281323269014
258.0,16.141147574517372,1.3722813232690143,15.515434640405312,6.372281323269014
259.0,14.822464516431904,1.3722813232690143,16.141147574517372,6.372281323269014
260.0,17.044816046940994,1.3722813232690143,14.822464516431904,6.372281323269014
261.0,16.74928441715261,1.3722813232690143,17.044816046940994,6.372281323269014
262.0,20.249152727649985,1.3722813232690143,16.74928441715261,6.372281323269014
263.0,23.57648404242685,1.3722813232690143,20.249152727649985,6.372281323269014
264.0,21.51686073273644,1.3722813232690143,23.57648404242685,6.372281323269014
265.0,22.236595988937808,1.3722813232690143,21.51686073273644,6.372281323269014
266.0,21.855127265462812,1.3722813232690143,22.236595988937808,6.372281323269014
267.0,21.928721479266226,1.3722813232690143,21.855127265462812,6.372281323269014
268.0,22.284597269233682,1.3722813232690143,21.928721479266226,6.372281323269014
269.0,22.164154575045703,1.3722813232690143,22.284597269233682,6.372281323269014
270.0,23.778581138238465,1.3722813232690143,22.164154575045703,6.372281323269014
271.0,25.158369933384282,1.3722813232690143,23.778581138238465,6.372281323269014
272.0,24.565569106848518,1.3722813232690143,25.158369933384282,6.372281323269014
273.0,21.526438682445622,1.3722813232690143,24.565569106848518,6.372281323269014
274.0,16.9279063662128,1.3722813232690143,21.526438682445622,6.372281323269014
275.0,16.263064768993345,1.3722813232690143,16.9279063662128,6.372281323269014
276.0,14.657442511211293,1.3722813232690143,16.263064768993345,6.372281323269014
277.0,15.430355790541213,1.3722813232690143,14.657442511211293,6.372281323269014
278.0,15.969975566480256,1.3722813232690143,15.430355790541213,6.372281323269014
279.0,14.743868414739314,1.3722813232690143,15.969975566480256,6.372281323269014
280.0,17.58685430416421,1.3722813232690143,14.743868414739314,6.372281323269014
281.0,18.082822115460743,1.3722813232690143,17.58685430416421,6.372281323269014
282.0,16.696032029881035,1.3722813232690143,18.082822115460743,6.372281323269014
283.0,16.768107127487227,1.3722813232690143,16.696032029881035,6.372281323269014
284.0,18.782800246203283,1.3722813232690143,16.768107127487227,6.372281323269014
285.0,19.25922934949687,1.3722813232690143,18.782800246203283,6.372281323269014
286.0,20.696686357513173,1.3722813232690143,19.25922934949687,6.372281323269014
287.0,18.540413578315118,1.3722813232690143,20.696686357513173,6.372281323269014
288.0,16.157052769839588,1.3722813232690143,18.540413578315118,6.372281323269014
289.0,16.53689828814936,1.3722813232690143,16.157052769839588,6.372281323269014
290.0,15.000193930690607,1.3722813232690143,16.53689828814936,6.372281323269014
291.0,13.935620891054635,1.3722813232690143,15.000193930690607,6.372281323269014
292.0,11.777415040840584,1.3722813232690143,13.935620891054635,6.372281323269014
293.0,10.768739894992983,1.3722813232690143,11.777415040840584,6.372281323269014
294.0,9.679304194060995,1.3722813232690143,10.768739894992983,6.372281323269014
295.0,11.083291341078494,1.3722813232690143,9.679304194060995,6.372281323269014
296.0,7.410480270235439,1.3722813232690143,11.083291341078494,6.372281323269014
297.0,5.9437458561167364,1.3722813232690143,7.410480270235439,6.372281323269014
298.0,6.216627687977291,1.3722813232690143,5.9437458561167364,6.372281323269014
299.0,7.2607291069797615,1.3722813232690143,6.216627687977291,6.372281323269014
300.0,5.684505699399847,1.3722813232690143,7.2607291069797615,6.372281323269014
301.0,3.290967037906068,1.3722813232690143,5.684505699399847,6.372281323269014
302.0,4.353210573956101,1.3722813232690143,3.290967037906068,6.372281323269014
303.0,4.694806047612266,1.3722813232690143,4.353210573956101,6.372281323269014
304.0,0.6011524395047045,1.3722813232690143,4.694806047612266,6.372281323269014
305.0,1.1880935642327728,1.3722813232690143,0.6011524395047045,6.372281323269014
306.0,2.471320215417674,1.3722813232690143,1.1880935642327728,6.372281323269014
307.0,1.1710097305895912,1.3722813232690143,2.471320215417674,6.372281323269014
308.0,2.462170223776746,1.3722813232690143,1.1710097305895912,6.372281323269014
309.0,1.9330352280569825,1.3722813232690143,2.462170223776746,6.372281323269014
310.0,1.9145826465230427,1.3722813232690143,1.9330352280569825,6.372281323269014
311.0,4.461622164082073,1.3722813232690143,1.9145826465230427,6.372281323269014
312.0,3.712399058663782,1.3722813232690143,4.461622164082073,6.372281323269014
313.0,6.067300992924233,1.3722813232690143,3.712399058663782,6.372281323269014
314.0,7.305624068214144,1.3722813232690143,6.067300992924233,6.372281323269014
315.0,9.836654193748828,1.3722813232690143,7.305624068214144,6.372281323269014
316.0,7.85249153395282,1.3722813232690143,9.836654193748828,6.372281323269014
317.0,6.460164920653085,1.3722813232690143,7.85249153395282,6.372281323269014
318.0,6.628233980721003,1.3722813232690143,6.460164920653085,6.372281323269014
319.0,10.097715870820235,1.3722813232690143,6.628233980721003,6.372281323269014
320.0,8.0060488836469,1.3722813232690143,10.097715870820235,6.372281323269014
321.0,7.59963128500283,1.3722813232690143,8.0060488836469,6.372281323269014
322.0,8.647248427297239,1.3722813232690143,7.59963128500283,6.372281323269014
323.0,11.006960451966407,1.3722813232690143,8.647248427297239,6.372281323269014
324.0,11.488730914251168,1.3722813232690143,11.006960451966407,6.372281323269014
325.0,11.313482664003221,1.3722813232690143,11.488730914251168,6.372281323269014
326.0,11.189536617495735,1.3722813232690143,11.313482664003221,6.372281323269014
327.0,7.42653480156801,1.3722813232690143,11.189536617495735,6.372281323269014
328.0,7.376758922695606,1.3722813232690143,7.42653480156801,6.372281323269014
329.0,7.553487879226765,1.3722813232690143,7.376758922695606,6.372281323269014
330.0,11.389809744400605,1.3722813232690143,7.553487879226765,6.372281323269014
331.0,13.855749534505062,1.3722813232690143,11.389809744400605,6.372281323269014
332.0,13.368460903574968,1.3722813232690143,13.855749534505062,6.372281323269014
333.0,14.506306201497859,1.3722813232690143,13.368460903574968,6.372281323269014
334.0,16.226208375285694,1.3722813232690143,14.506306201497859,6.372281323269014
335.0,19.703042326465912,1.3722813232690143,16.226208375285694,6.372281323269014
336.0,18.557483633902443,1.3722813232690143,19.703042326465912,6.372281323269014
337.0,20.45153207492745,1.3722813232690143,18.557483633902443,6.372281323269014
338.0,20.71865598671032,1.3722813232690143,20.45153207492745,6.372281323269014
339.0,19.314930252759343,1.3722813232690143,20.71865598671032,6.372281323269014
340.0,19.34392132676479,1.3722813232690143,19.314930252759343,6.372281323269014
341.0,18.555459515186243,1.3722813232690143,19.34392132676479,6.372281323269014
342.0,19.057404732133403,1.3722813232690143,18.555459515186243,6.372281323269014
343.0,19.9936691192032,1.3722813232690143,19.057404732133403,6.372281323269014
344.0,20.429701794364053,1.3722813232690143,19.9936691192032,6.372281323269014
345.0,18.907646963601817,1.3722813232690143,20.429701794364053,6.372281323269014
346.0,17.073264996491936,1.3722813232690143,18.907646963601817,6.372281323269014
347.0,13.134708094684184,1.3722813232690143,17.073264996491936,6.372281323269014
348.0,13.22906624018733,1.3722813232690143,13.134708094684184,6.372281323269014
349.0,10.526412779984266,1.3722813232690143,13.22906624018733,6.372281323269014
350.0,13.339293338990192,1.3722813232690143,10.526412779984266,6.372281323269014
351.0,10.984202401109616,1.3722813232690143,13.339293338990192,6.372281323269014
352.0,11.488366898650792,1.3722813232690143,10.984202401109616,6.372281323269014
353.0,13.018822888678661,1.3722813232690143,11.488366898650792,6.372281323269014
354.0,12.303540555882053,1.3722813232690143,13.018822888678661,6.372281323269014
355.0,8.739438250417953,1.3722813232690143,12.303540555882053,6.372281323269014
356.0,7.694510692442581,1.3722813232690143,8.739438250417953,6.372281323269014
357.0,8.408973892916018,1.3722813232690143,7.694510692442581,6.372281323269014
358.0,12.096482810051587,1.3722813232690143,8.408973892916018,6.372281323269014
359.0,11.765053303052749,1.3722813232690143,12.096482810051587,6.372281323269014
360.0,12.762062543712075,1.3722813232690143,11.765053303052749,6.372281323269014
361.0,12.176347639254018,1.3722813232690143,12.762062543712075,6.372281323269014
362.0,10.653491988831291,1.3722813232690143,12.176347639254018,6.372281323269014
363.0,6.204461211787598,1.3722813232690143,10.653491988831291,6.372281323269014
364.0,4.39514922664101,1.3722813232690143,6.204461211787598,6.372281323269014
365.0,4.494656742367309,1.3722813232690143,4.39514922664101,6.372281323269014
366.0,4.689267075666251,1.3722813232690143,4.494656742367309,6.372281323269014
367.0,1.4984590396937598,1.3722813232690143,4.689267075666251,6.372281323269014
368.0,0.22492652878421926,1.3722813232690143,1.4984590396937598,6.372281323269014
369.0,-0.9501177481749459,1.3722813232690143,0.22492652878421926,6.372281323269014
370.0,-0.31049279528689677,1.3722813232690143,-0.9501177481749459,6.372281323269014
371.0,-0.8210759308838965,1.3722813232690143,-0.31049279528689677,6.372281323269014
372.0,-0.7260015900038411,1.3722813232690143,-0.8210759308838965,6.372281323269014
373.0,-0.42757739035746684,1.3722813232690143,-0.7260015900038411,6.372281323269014
374.0,-2.516008208083036,1.3722813232690143,-0.42757739035746684,6.372281323269014
375.0,-7.25071884456886,1.3722813232690143,-2.516008208083036,6.372281323269014
376.0,-5.424581565367477,1.3722813232690143,-7.25071884456886,6.372281323269014
377.0,-1.3728038666801492,1.3722813232690143,-5.424581565367477,6.372281323269014
378.0,2.1673390520495137,1.3722813232690143,-1.3728038666801492,6.372281323269014
379.0,0.59118818338898,1.3722813232690143,2.1673390520495137,6.372281323269014
380.0,0.46979627737470525,1.3722813232690143,0.59118818338898,6.372281323269014
381.0,0.06938433550171758,1.3722813232690143,0.46979627737470525,6.372281323269014
382.0,-1.4196916747500539,1.3722813232690143,0.06938433550171758,6.372281323269014
383.0,-1.712250492469667,1.3722813232690143,-1.4196916747500539,6.372281323269014
384.0,-2.7903583093820945,1.3722813232690143,-1.712250492469667,6.372281323269014
385.0,-1.5806835443039362,1.3722813232690143,-2.7903583093820945,6.372281323269014
386.0,-2.844073601157417,1.3722813232690143,-1.5806835443039362,6.372281323269014
387.0,0.36082432198141046,1.3722813232690143,-2.844073601157417,6.372281323269014
388.0,-1.190600337821392,1.3722813232690143,0.36082432198141046,6.372281323269014
389.0,-1.0530513131961057,1.3722813232690143,-1.190600337821392,6.372281323269014
390.0,2.414480589072997,1.3722813232690143,-1.0530513131961057,6.372281323269014
391.0,-0.38678356402115366,1.3722813232690143,2.414480589072997,6.372281323269014
392.0,-0.06636848748598789,1.3722813232690143,-0.38678356402115366,6.372281323269014
393.0,0.5188620119195467,1.3722813232690143,-0.06636848748598789,6.372281323269014
394.0,-0.6508015385676352,1.3722813232690143,0.5188620119195467,6.372281323269014
395.0,0.6096512816640139,1.3722813232690143,-0.6508015385676352,6.372281323269014
396.0,2.2182695455055272,1.3722813232690143,0.6096512816640139,6.372281323269014
397.0,5.315970045753977,1.3722813232690143,2.2182695455055272,6.372281323269014
398.0,2.296366599567952,1.3722813232690143,5.315970045753977,6.372281323269014
399.0,3.8098998475315686,1.3722813232690143,2.296366599567952,6.372281323269014
400.0,6.260551549786646,1.3722813232690143,3.8098998475315686,6.372281323269014
401.0,8.715225402278367,1.3722813232690143,6.260551549786646,6.372281323269014
402.0,7.694536064778383,1.3722813232690143,8.715225402278367,6.372281323269014
403.0,10.378218601280468,1.3722813232690143,7.694536064778383,6.372281323269014
404.0,10.371792300606359,1.3722813232690143,10.378218601280468,6.372281323269014
405.0,10.539089102546441,1.3722813232690143,10.371792300606359,6.372281323269014
406.0,7.97156614093568,1.3722813232690143,10.539089102546441,6.372281323269014
407.0,6.19462234220728,1.3722813232690143,7.97156614093568,6.372281323269014
408.0,6.299275198217243,1.3722813232690143,6.19462234220728,6.372281323269014
409.0,7.741465668302656,1.3722813232690143,6.299275198217243,6.372281323269014
410.0,9.986192502676769,1.3722813232690143,7.741465668302656,6.372281323269014
411.0,11.04411618569526,1.3722813232690143,9.986192502676769,6.372281323269014
412.0,11.081459125061853,1.3722813232690143,11.04411618569526,6.372281323269014
413.0,12.703474437503584,1.3722813232690143,11.081459125061853,6.372281323269014
414.0,13.53564631450172,1.3722813232690143,12.703474437503584,6.372281323269014
415.0,13.493945032763467,1.3722813232690143,13.53564631450172,6.372281323269014
416.0,9.851555713435223,1.3722813232690143,13.493945032763467,6.372281323269014
417.0,9.083173849612342,1.3722813232690143,9.851555713435223,6.372281323269014
418.0,6.212343860166097,1.3722813232690143,9.083173849612342,6.372281323269014
419.0,6.660586947633481,1.3722813232690143,6.212343860166097,6.372281323269014
420.0,5.8960259253406075,1.3722813232690143,6.660586947633481,6.372281323269014
421.0,3.253850988887221,1.3722813232690143,5.8960259253406075,6.372281323269014
422.0,4.691734443182725,1.3722813232690143,3.253850988887221,6.372281323269014
423.0,2.9898899206155276,1.3722813232690143,4.691734443182725,6.372281323269014
424.0,6.144273940355467,1.3722813232690143,2.9898899206155276,6.372281323269014
425.0,3.630395132967178,1.3722813232690143,6.144273940355467,6.372281323269014
426.0,3.9421999991916277,1.3722813232690143,3.630395132967178,6.372281323269014
427.0,1.8043393318494263,1.3722813232690143,3.9421999991916277,6.372281323269014
428.0,2.1115162049334044,1.3722813232690143,1.8043393318494263,6.372281323269014
429.0,2.0839737326712866,1.3722813232690143,2.1115162049334044,6.372281323269014
430.0,4.091162521752658,1.3722813232690143,2.0839737326712866,6.372281323269014
431.0,4.283758904388286,1.3722813232690143,4.091162521752658,6.372281323269014
432.0,6.824611730334132,1.3722813232690143,4.283758904388286,6.372281323269014
433.0,6.501044177848953,1.3722813232690143,6.824611730334132,6.372281323269014
434.0,6.797971389461289,1.3722813232690143,6.501044177848953,6.372281323269014
435.0,8.26113849729656,1.3722813232690143,6.797971389461289,6.372281323269014
436.0,7.6719712385092,1.3722813232690143,8.26113849729656,6.372281323269014
437.0,5.158218604374085,1.3722813232690143,7.6719712385092,6.372281323269014
438.0,5.717548376357725,1.3722813232690143,5.158218604374085,6.372281323269014
439.0,6.725899818350337,1.3722813232690143,5.717548376357725,6.372281323269014
440.0,6.235204256880094,1.3722813232690143,6.725899818350337,6.372281323269014
441.0,7.334709708034745,1.3722813232690143,6.235204256880094,6.372281323269014
442.0,4.653870454388856,1.3722813232690143,7.334709708034745,6.372281323269014
443.0,5.728320481067806,1.3722813232690143,4.653870454388856,6.372281323269014
444.0,5.736087990650158,1.3722813232690143,5.728320481067806,6.372281323269014
445.0,2.745264350573211,1.3722813232690143,5.736087990650158,6.372281323269014
446.0,1.4675093222601177,1.3722813232690143,2.745264350573211,6.372281323269014
447.0,-0.9317738966831819,1.3722813232690143,1.4675093222601177,6.372281323269014
448.0,-3.011134701026947,1.3722813232690143,-0.9317738966831819,6.372281323269014
449.0,-1.4600647005768543,1.3722813232690143,-3.011134701026947,6.372281323269014
450.0,-1.4664185677104113,1.3722813232690143,-1.4600647005768543,6.372281323269014
451.0,-3.518495258106263,1.3722813232690143,-1.4664185677104113,6.372281323269014
452.0,-4.71385043615902,1.3722813232690143,-3.518495258106263,6.372281323269014
453.0,-5.671565414234196,1.3722813232690143,-4.71385043615902,6.372281323269014
454.0,-5.7036154529073615,1.3722813232690143,-5.671565414234196,6.372281323269014
455.0,-4.084444973146335,1.3722813232690143,-5.7036154529073615,6.372281323269014
456.0,-5.044786898467999,1.3722813232690143,-4.084444973146335,6.372281323269014
457.0,-3.242556382666475,1.3722813232690143,-5.044786898467999,6.372281323269014
458.0,-6.183678110769467,1.3722813232690143,-3.242556382666475,6.372281323269014
459.0,-4.650431818238445,1.3722813232690143,-6.183678110769467,6.372281323269014
460.0,-0.6141963220097812,1.3722813232690143,-4.650431818238445,6.372281323269014
461.0,-1.1214003322533324,1.3722813232690143,-0.6141963220097812,6.372281323269014
462.0,-2.1530684477062914,1.3722813232690143,-1.1214003322533324,6.372281323269014
463.0,-4.685131645490441,1.3722813232690143,-2.1530684477062914,6.372281323269014
464.0,-3.9261430164860385,1.3722813232690143,-4.685131645490441,6.372281323269014
465.0,-8.047750317599643,1.3722813232690143,-3.9261430164860385,6.372281323269014
466.0,-7.202996354045563,1.3722813232690143,-8.047750317599643,6.372281323269014
467.0,-7.256587230623426,1.3722813232690143,-7.202996354045563,6.372281323269014
468.0,-6.961391848364796,1.3722813232690143,-7.256587230623426,6.372281323269014
469.0,-6.960553395651172,1.3722813232690143,-6.961391848364796,6.372281323269014
470.0,-9.39114920448974,1.3722813232690143,-6.960553395651172,6.372281323269014
471.0,-7.876769134918829,1.3722813232690143,-9.39114920448974,6.372281323269014
472.0,-8.265219146448006,1.3722813232690143,-7.876769134918829,6.372281323269014
473.0,-7.6741606173572645,1.3722813232690143,-8.265219146448006,6.372281323269014
474.0,-6.119061926063402,1.3722813232690143,-7.6741606173572645,6.372281323269014
475.0,-6.712687677970932,1.3722813232690143,-6.119061926063402,6.372281323269014
476.0,-4.502653348562472,1.3722813232690143,-6.712687677970932,6.372281323269014
477.0,-5.560200289168396,1.3722813232690143,-4.502653348562472,6.372281323269014
478.0,-7.208814396090661,1.3722813232690143,-5.560200289168396,6.372281323269014
479.0,-6.322831128554846,1.3722813232690143,-7.208814396090661,6.372281323269014
480.0,-7.025124360592131,1.3722813232690143,-6.322831128554846,6.372281323269014
481.0,-9.048396673001866,1.3722813232690143,-7.025124360592131,6.372281323269014
482.0,-9.371914202241383,1.3722813232690143,-9.048396673001866,6.372281323269014
483.0,-8.92341057067656,1.3722813232690143,-9.371914202241383,6.372281323269014
484.0,-8.699618446140246,1.3722813232690143,-8.92341057067656,6.372281323269014
485.0,-10.825474972304267,1.3722813232690143,-8.699618446140246,6.372281323269014
486.0,-12.688846421353285,1.3722813232690143,-10.825474972304267,6.372281323269014
487.0,-15.500513059127353,1.3722813232690143,-12.688846421353285,6.372281323269014
488.0,-17.78677689303032,1.3722813232690143,-15.500513059127353,6.372281323269014
489.0,-22.02411307745642,1.3722813232690143,-17.78677689303032,6.372281323269014
490.0,-18.7606278769393,1.3722813232690143,-22.02411307745642,6.372281323269014
491.0,-18.05750713634342,1.3722813232690143,-18.7606278769393,6.372281323269014
492.0,-20.64762153985868,1.3722813232690143,-18.05750713634342,6.372281323269014
493.0,-18.380238767869702,1.3722813232690143,-20.64762153985868,6.372281323269014
494.0,-18.820471270212227,1.3722813232690143,-18.380238767869702,6.372281323269014
495.0,-20.783789017100048,1.3722813232690143,-18.820471270212227,6.372281323269014
496.0,-21.43534432279124,1.3722813232690143,-20.783789017100048,6.372281323269014
497.0,-22.6245977675196,1.3722813232690143,-21.43534432279124,6.372281323269014
498.0,-24.1649087295561,1.3722813232690143,-22.6245977675196,6.372281323269014
499.0,-25.836309068871298,1.3722813232690143,-24.1649087295561,6.372281323269014
500.0,-27.797571512631485,1.3722813232690143,-25.836309068871298,6.372281323269014
501.0,-26.018877862720927,1.3722813232690143,-27.797571512631485,6.372281323269014
502.0,-25.773306216135254,1.3722813232690143,-26.018877862720927,6.372281323269014
503.0,-27.46747117683107,1.3722813232690143,-25.773306216135254,6.372281323269014
504.0,-27.068773369480535,1.3722813232690143,-27.46747117683107,6.372281323269014
505.0,-27.969241330324582,1.3722813232690143,-27.068773369480535,6.372281323269014
506.0,-25.6395434694552,1.3722813232690143,-27.969241330324582,6.372281323269014
507.0,-26.208245926446867,1.3722813232690143,-25.6395434694552,6.372281323269014
508.0,-26.786193297703335,1.3722813232690143,-26.208245926446867,6.372281323269014
509.0,-26.751085048604516,1.3722813232690143,-26.786193297703335,6.372281323269014
510.0,-26.922203926526876,1.3722813232690143,-26.751085048604516,6.372281323269014
511.0,-28.92828439318594,1.3722813232690143,-26.922203926526876,6.372281323269014
512.0,-27.19987009468044,1.3722813232690143,-28.92828439318594,6.372281323269014
513.0,-27.122279454263282,1.3722813232690143,-27.19987009468044,6.372281323269014
514.0,-28.16413528536924,1.3722813232690143,-27.122279454263282,6.372281323269014
515.0,-26.4421511392487,1.3722813232690143,-28.16413528536924,6.372281323269014
516.0,-23.667764232613873,1.3722813232690143,-26.4421511392487,6.372281323269014
517.0,-20.592299122842913,1.3722813232690143,-23.667764232613873,6.372281323269014
518.0,-18.69891406731686,1.3722813232690143,-20.592299122842913,6.372281323269014
519.0,-22.212452893048457,1.3722813232690143,-18.69891406731686,6.372281323269014
520.0,-22.533903394374025,1.3722813232690143,-22.212452893048457,6.372281323269014
521.0,-21.201880528617167,1.3722813232690143,-22.533903394374025,6.372281323269014
522.0,-19.877966916982665,1.3722813232690143,-21.201880528617167,6.372281323269014
523.0,-22.98450722596734,1.3722813232690143,-19.877966916982665,6.372281323269014
524.0,-22.07231559119318,1.3722813232690143,-22.98450722596734,6.372281323269014
525.0,-23.137799076136638,1.3722813232690143,-22.07231559119318,6.372281323269014
526.0,-23.90310337569512,1.3722813232690143,-23.137799076136638,6.372281323269014
527.0,-20.881669056565077,1.3722813232690143,-23.90310337569512,6.372281323269014
528.0,-23.288302710416147,1.3722813232690143,-20.881669056565077,6.372281323269014
529.0,-22.418331540027793,1.3722813232690143,-23.288302710416147,6.372281323269014
530.0,-22.061477092174048,1.3722813232690143,-22.418331540027793,6.372281323269014
531.0,-21.49110522400271,1.3722813232690143,-22.061477092174048,6.372281323269014
532.0,-22.543880316566828,1.3722813232690143,-21.49110522400271,6.372281323269014
533.0,-22.733772505555635,1.3722813232690143,-22.543880316566828,6.372281323269014
534.0,-22.847533473212135,1.3722813232690143,-22.733772505555635,6.372281323269014
535.0,-22.644394230756493,1.3722813232690143,-22.847533473212135,6.372281323269014
536.0,-21.538955845201052,1.3722813232690143,-22.644394230756493,6.372281323269014
537.0,-21.014099544377558,1.3722813232690143,-21.538955845201052,6.372281323269014
538.0,-19.55133129881442,1.3722813232690143,-21.014099544377558,6.372281323269014
539.0,-22.727004240803588,1.3722813232690143,-19.55133129881442,6.372281323269014
540.0,-18.835992484533264,1.3722813232690143,-22.727004240803588,6.372281323269014
541.0,-16.883346933440965,1.3722813232690143,-18.835992484533264,6.372281323269014
542.0,-18.52643765130605,1.3722813232690143,-16.883346933440965,6.372281323269014
543.0,-16.209641370750113,1.3722813232690143,-18.52643765130605,6.372281323269014
544.0,-14.848837111416366,1.3722813232690143,-16.209641370750113,6.372281323269014
545.0,-14.25472807404986,1.3722813232690143,-14.848837111416366,6.372281323269014
546.0,-15.276839230866786,1.3722813232690143,-14.25472807404986,6.372281323269014
547.0,-16.942090028436503,1.3722813232690143,-15.276839230866786,6.372281323269014
548.0,-15.120814138942972,1.3722813232690143,-16.942090028436503,6.372281323269014
549.0,-16.34020613143974,1.3722813232690143,-15.120814138942972,6.372281323269014
550.0,-16.314287151541492,1.3722813232690143,-16.34020613143974,6.372281323269014
551.0,-18.559673330940683,1.3722813232690143,-16.314287151541492,6.372281323269014
552.0,-17.40325396385219,1.3722813232690143,-18.559673330940683,6.372281323269014
553.0,-17.916450959646195,1.3722813232690143,-17.40325396385219,6.372281323269014
554.0,-21.75483881976524,1.3722813232690143,-17.916450959646195,6.372281323269014
555.0,-20.284343233630246,1.3722813232690143,-21.75483881976524,6.372281323269014
556.0,-23.112699367451178,1.3722813232690143,-20.284343233630246,6.372281323269014
557.0,-22.09435745367218,1.3722813232690143,-23.112699367451178,6.372281323269014
558.0,-21.059326578689454,1.3722813232690143,-22.09435745367218,6.372281323269014
559.0,-19.390558845094436,1.3722813232690143,-21.059326578689454,6.372281323269014
560.0,-22.50861822734227,1.3722813232690143,-19.390558845094436,6.372281323269014
561.0,-21.268610357151644,1.3722813232690143,-22.50861822734227,6.372281323269014
562.0,-21.113952609561444,1.3722813232690143,-21.268610357151644,6.372281323269014
563.0,-20.68452522383021,1.3722813232690143,-21.113952609561444,6.372281323269014
564.0,-20.205017234234056,1.3722813232690143,-20.68452522383021,6.372281323269014
565.0,-21.161728555191925,1.3722813232690143,-20.205017234234056,6.372281323269014
566.0,-20.84047960382332,1.3722813232690143,-21.161728555191925,6.372281323269014
567.0,-21.609458577519714,1.3722813232690143,-20.84047960382332,6.372281323269014
568.0,-24.230868416966082,1.3722813232690143,-21.609458577519714,6.372281323269014
569.0,-23.674585445574508,1.3722813232690143,-24.230868416966082,6.372281323269014
570.0,-22.43551258312812,1.3722813232690143,-23.674585445574508,6.372281323269014
571.0,-23.435314715270685,1.3722813232690143,-22.43551258312812,6.372281323269014
572.0,-23.6041039688002,1.3722813232690143,-23.435314715270685,6.372281323269014
573.0,-22.753982216227904,1.3722813232690143,-23.6041039688002,6.372281323269014
574.0,-23.479413263756822,1.3722813232690143,-22.753982216227904,6.372281323269014
575.0,-22.675499805547926,1.3722813232690143,-23.479413263756822,6.372281323269014
576.0,-23.556524074282176,1.3722813232690143,-22.675499805547926,6.372281323269014
577.0,-22.2575082344064,1.3722813232690143,-23.556524074282176,6.372281323269014
578.0,-21.75373527945922,1.3722813232690143,-22.2575082344064,6.372281323269014
579.0,-19.758695421145514,1.3722813232690143,-21.75373527945922,6.372281323269014
580.0,-17.831388367960884,1.3722813232690143,-19.758695421145514,6.372281323269014
581.0,-19.07174616942993,1.3722813232690143,-17.831388367960884,6.372281323269014
582.0,-19.342728269541606,1.3722813232690143,-19.07174616942993,6.372281323269014
583.0,-21.919105693659834,1.3722813232690143,-19.342728269541606,6.372281323269014
584.0,-21.30499633414208,1.3722813232690143,-21.919105693659834,6.372281323269014
585.0,-18.779957689153896,1.3722813232690143,-21.30499633414208,6.372281323269014
586.0,-15.774110533515852,1.3722813232690143,-18.779957689153896,6.372281323269014
587.0,-17.745020829513138,1.3722813232690143,-15.774110533515852,6.372281323269014
588.0,-17.32711867360718,1.3722813232690143,-17.745020829513138,6.372281323269014
589.0,-16.359314510372254,1.3722813232690143,-17.32711867360718,6.372281323269014
590.0,-13.629059856047506,1.3722813232690143,-16.359314510372254,6.372281323269014
591.0,-15.411573003241442,1.3722813232690143,-13.629059856047506,6.372281323269014
592.0,-16.77216413211169,1.3722813232690143,-15.411573003241442,6.372281323269014
593.0,-16.192784468461788,1.3722813232690143,-16.77216413211169,6.372281323269014
594.0,-13.710942227021967,1.3722813232690143,-16.192784468461788,6.372281323269014
595.0,-9.522776650538692,1.3722813232690143,-13.710942227021967,6.372281323269014
596.0,-9.106690600980668,1.3722813232690143,-9.522776650538692,6.372281323269014
597.0,-8.665253410415858,1.3722813232690143,-9.106690600980668,6.372281323269014
598.0,-6.534431508018786,1.3722813232690143,-8.665253410415858,6.372281323269014
599.0,-3.8163752473260435,1.3722813232690143,-6.534431508018786,6.372281323269014
600.0,-4.047915005884733,1.3722813232690143,-3.8163752473260435,6.372281323269014
601.0,-6.816567601583168,1.3722813232690143,-4.047915005884733,6.372281323269014
602.0,-5.371475145582255,1.3722813232690143,-6.816567601583168,6.372281323269014
603.0,-7.807708237996627,1.3722813232690143,-5.371475145582255,6.372281323269014
604.0,-7.189820201617231,1.3722813232690143,-7.807708237996627,6.372281323269014
605.0,-9.450316690184886,1.3722813232690143,-7.189820201617231,6.372281323269014
606.0,-8.921673627467618,1.3722813232690143,-9.450316690184886,6.372281323269014
607.0,-8.38280322031292,1.3722813232690143,-8.921673627467618,6.372281323269014
608.0,-9.325639193691124,1.3722813232690143,-8.38280322031292,6.372281323269014
609.0,-8.012868041796406,1.3722813232690143,-9.325639193691124,6.372281323269014
610.0,-8.862050709617165,1.3722813232690143,-8.012868041796406,6.372281323269014
611.0,-8.50451649713765,1.3722813232690143,-8.862050709617165,6.372281323269014
612.0,-7.705262141394269,1.3722813232690143,-8.50451649713765,6.372281323269014
613.0,-8.248012427468222,1.3722813232690143,-7.705262141394269,6.372281323269014
614.0,-7.844185133433744,1.3722813232690143,-8.248012427468222,6.372281323269014
615.0,-5.531422628386418,1.3722813232690143,-7.844185133433744,6.372281323269014
616.0,-7.766055074095409,1.3722813232690143,-5.531422628386418,6.372281323269014
617.0,-4.757070817258846,1.3722813232690143,-7.766055074095409,6.372281323269014
618.0,-3.438527536494046,1.3722813232690143,-4.757070817258846,6.372281323269014
619.0,0.4153844683851755,1.3722813232690143,-3.438527536494046,6.372281323269014
620.0,-0.7367054151344679,1.3722813232690143,0.4153844683851755,6.372281323269014
621.0,0.5379694050427426,1.3722813232690143,-0.7367054151344679,6.372281323269014
622.0,2.7204221820829044,1.3722813232690143,0.5379694050427426,6.372281323269014
623.0,3.169687897439288,1.3722813232690143,2.7204221820829044,6.372281323269014
624.0,4.397383595929055,1.3722813232690143,3.169687897439288,6.372281323269014
625.0,5.582867518978781,1.3722813232690143,4.397383595929055,6.372281323269014
626.0,4.272065185472839,1.3722813232690143,5.582867518978781,6.372281323269014
627.0,3.28818927784306,1.3722813232690143,4.272065185472839,6.372281323269014
628.0,1.1195094742379181,1.3722813232690143,3.28818927784306,6.372281323269014
629.0,0.3316865666273514,1.3722813232690143,1.1195094742379181,6.372281323269014
630.0,3.826599653119902,1.3722813232690143,0.3316865666273514,6.372281323269014
631.0,6.945162145809811,1.3722813232690143,3.826599653119902,6.372281323269014
632.0,8.949952773522492,1.3722813232690143,6.945162145809811,6.372281323269014
633.0,9.141992654626645,1.3722813232690143,8.949952773522492,6.372281323269014
634.0,10.546842730924064,1.3722813232690143,9.141992654626645,6.372281323269014
635.0,10.400798497432346,1.3722813232690143,10.546842730924064,6.372281323269014
636.0,10.077625781794215,1.3722813232690143,10.400798497432346,6.372281323269014
637.0,11.188121177430064,1.3722813232690143,10.077625781794215,6.372281323269014
638.0,8.06106500401542,1.3722813232690143,11.188121177430064,6.372281323269014
639.0,7.938036796205216,1.3722813232690143,8.06106500401542,6.372281323269014
640.0,7.8011570247560496,1.3722813232690143,7.938036796205216,6.372281323269014
641.0,6.567735092078948,1.3722813232690143,7.8011570247560496,6.372281323269014
642.0,5.216943838977817,1.3722813232690143,6.567735092078948,6.372281323269014
643.0,5.606979454663116,1.3722813232690143,5.216943838977817,6.372281323269014
644.0,6.67047717056485,1.3722813232690143,5.606979454663116,6.372281323269014
645.0,5.8946830768219645,1.3722813232690143,6.67047717056485,6.372281323269014
646.0,7.2432118787229784,1.3722813232690143,5.8946830768219645,6.372281323269014
647.0,3.4901802624567186,1.3722813232690143,7.2432118787229784,6.372281323269014
648.0,2.543877966889915,1.3722813232690143,3.4901802624567186,6.372281323269014
649.0,5.159636564401403,1.3722813232690143,2.543877966889915,6.372281323269014
650.0,6.0572101619021375,1.3722813232690143,5.159636564401403,6.372281323269014
651.0,6.018488526649074,1.3722813232690143,6.0572101619021375,6.372281323269014
652.0,7.529640805079353,1.3722813232690143,6.018488526649074,6.372281323269014
653.0,8.280186380799586,1.3722813232690143,7.529640805079353,6.372281323269014
654.0,5.6203672323183245,1.3722813232690143,8.280186380799586,6.372281323269014
655.0,2.9492547870740626,1.3722813232690143,5.6203672323183245,6.372281323269014
656.0,2.8324690217188335,1.3722813232690143,2.9492547870740626,6.372281323269014
657.0,4.977056579039132,1.3722813232690143,2.8324690217188335,6.372281323269014
658.0,7.762980323900268,1.3722813232690143,4.977056579039132,6.372281323269014
659.0,6.73654181328953,1.3722813232690143,7.762980323900268,6.372281323269014
660.0,7.183770900366318,1.3722813232690143,6.73654181328953,6.372281323269014
661.0,8.02315820776421,1.3722813232690143,7.183770900366318,6.372281323269014
662.0,10.203806065629863,1.3722813232690143,8.02315820776421,6.372281323269014
663.0,9.747746761292682,1.3722813232690143,10.203806065629863,6.372281323269014
664.0,8.532735812333057,1.3722813232690143,9.747746761292682,6.372281323269014
665.0,6.956644012976783,1.3722813232690143,8.532735812333057,6.372281323269014
666.0,9.908821186597507,1.3722813232690143,6.956644012976783,6.372281323269014
667.0,11.722718936889883,1.3722813232690143,9.908821186597507,6.372281323269014
668.0,10.401944565326083,1.3722813232690143,11.722718936889883,6.372281323269014
669.0,10.528107338077744,1.3722813232690143,10.401944565326083,6.372281323269014
670.0,9.307376545849547,1.3722813232690143,10.528107338077744,6.372281323269014
671.0,10.036923609035908,1.3722813232690143,9.307376545849547,6.372281323269014
672.0,9.355473919595163,1.3722813232690143,10.036923609035908,6.372281323269014
673.0,8.554329981381368,1.3722813232690143,9.355473919595163,6.372281323269014
674.0,10.827373808335905,1.3722813232690143,8.554329981381368,6.372281323269014
675.0,10.42727690346886,1.3722813232690143,10.827373808335905,6.372281323269014
676.0,12.44608221757883,1.3722813232690143,10.42727690346886,6.372281323269014
677.0,13.906586592073122,1.3722813232690143,12.44608221757883,6.372281323269014
678.0,17.195548200215406,1.3722813232690143,13.906586592073122,6.372281323269014
679.0,18.31632886132177,1.3722813232690143,17.195548200215406,6.372281323269014
680.0,19.957931809590377,1.3722813232690143,18.31632886132177,6.372281323269014
681.0,18.500994868644202,1.3722813232690143,19.957931809590377,6.372281323269014
682.0,18.25186159377516,1.3722813232690143,18.500994868644202,6.372281323269014
683.0,19.179177501662284,1.3722813232690143,18.25186159377516,6.372281323269014
684.0,17.74701248401311,1.3722813232690143,19.179177501662284,6.372281323269014
685.0,16.99120827705269,1.3722813232690143,17.74701248401311,6.372281323269014
686.0,14.50869699708439,1.3722813232690143,16.99120827705269,6.372281323269014
687.0,13.1472320357497,1.3722813232690143,14.50869699708439,6.372281323269014
688.0,15.115507590071928,1.3722813232690143,13.1472320357497,6.372281323269014
689.0,15.814236550783741,1.3722813232690143,15.115507590071928,6.372281323269014
690.0,16.805230752638963,1.3722813232690143,15.814236550783741,6.372281323269014
691.0,15.406381868082292,1.3722813232690143,16.805230752638963,6.372281323269014
692.0,15.252056328136918,1.3722813232690143,15.406381868082292,6.372281323269014
693.0,12.801547576490195,1.3722813232690143,15.252056328136918,6.372281323269014
694.0,16.099970783989367,1.3722813232690143,12.801547576490195,6.372281323269014
695.0,15.721957827613073,1.3722813232690143,16.099970783989367,6.372281323269014
696.0,15.876326981200013,1.3722813232690143,15.721957827613073,6.372281323269014
697.0,15.944373140456626,1.3722813232690143,15.876326981200013,6.372281323269014
698.0,15.767284573120316,1.3722813232690143,15.944373140456626,6.372281323269014
699.0,17.182552972445553,1.3722813232690143,15.767284573120316,6.372281323269014
700.0,17.789218367028965,1.3722813232690143,17.182552972445553,6.372281323269014
701.0,20.227867165784776,1.3722813232690143,17.789218367028965,6.372281323269014
702.0,23.49968528897161,1.3722813232690143,20.227867165784776,6.372281323269014
703.0,25.619039128276835,1.3722813232690143,23.49968528897161,6.372281323269014
704.0,23.841202721224903,1.3722813232690143,25.619039128276835,6.372281323269014
705.0,24.697098471969596,1.3722813232690143,23.841202721224903,6.372281323269014
706.0,27.433121171730292,1.3722813232690143,24.697098471969596,6.372281323269014
707.0,26.424767197103453,1.3722813232690143,27.433121171730292,6.372281323269014
708.0,28.13662300737803,1.3722813232690143,26.424767197103453,6.372281323269014
709.0,27.256983236154046,1.3722813232690143,28.13662300737803,6.372281323269014
710.0,27.314077176211338,1.3722813232690143,27.256983236154046,6.372281323269014
711.0,29.366768483306604,1.3722813232690143,27.314077176211338,6.372281323269014
712.0,29.97495414040148,1.3722813232690143,29.366768483306604,6.372281323269014
713.0,30.18553064760078,1.3722813232690143,29.97495414040148,6.372281323269014
714.0,31.888453619629892,1.3722813232690143,30.18553064760078,6.372281323269014
715.0,33.66520049010833,1.3722813232690143,31.888453619629892,6.372281323269014
716.0,34.95525060142005,1.3722813232690143,33.66520049010833,6.372281323269014
717.0,35.27218217586384,1.3722813232690143,34.95525060142005,6.372281323269014
718.0,34.141817827038366,1.3722813232690143,35.27218217586384,6.372281323269014
719.0,33.8706795217362,1.3722813232690143,34.141817827038366,6.372281323269014
720.0,35.62948860751327,1.3722813232690143,33.8706795217362,6.372281323269014
721.0,33.45440552591284,1.3722813232690143,35.62948860751327,6.372281323269014
722.0,34.0057976053559,1.3722813232690143,33.45440552591284,6.372281323269014
723.0,32.588569421269355,1.3722813232690143,34.0057976053559,6.372281323269014
724.0,32.46998510026511,1.3722813232690143,32.588569421269355,6.372281323269014
725.0,28.733670348102866,1.3722813232690143,32.46998510026511,6.372281323269014
726.0,31.637411987362682,1.3722813232690143,28.733670348102866,6.372281323269014
727.0,27.73889065395751,1.3722813232690143,31.637411987362682,6.372281323269014
728.0,28.50717668108328,1.3722813232690143,27.73889065395751,6.372281323269014
729.0,25.738771029685076,1.3722813232690143,28.50717668108328,6.372281323269014
730.0,24.977385689053694,1.3722813232690143,25.738771029685076,6.372281323269014
731.0,24.58462120923775,1.3722813232690143,24.977385689053694,6.372281323269014
732.0,24.221256702259417,1.3722813232690143,24.58462120923775,6.372281323269014
733.0,24.685655794380253,1.3722813232690143,24.221256702259417,6.372281323269014
734.0,27.242237767321544,1.3722813232690143,24.685655794380253,6.372281323269014
735.0,28.173052629937956,1.3722813232690143,27.242237767321544,6.372281323269014
736.0,30.041269026230832,1.3722813232690143,28.173052629937956,6.372281323269014
737.0,28.661751682212667,1.3722813232690143,30.041269026230832,6.372281323269014
738.0,27.040078475987475,1.3722813232690143,28.661751682212667,6.372281323269014
739.0,28.943573610505272,1.3722813232690143,27.040078475987475,6.372281323269014
740.0,27.349319770124588,1.3722813232690143,28.943573610505272,6.372281323269014
741.0,26.41863076685145,1.3722813232690143,27.349319770124588,6.372281323269014
742.0,28.468943643758006,1.3722813232690143,26.41863076685145,6.372281323269014
743.0,26.70524092483608,1.3722813232690143,28.468943643758006,6.372281323269014
744.0,25.111972112673072,1.3722813232690143,26.70524092483608,6.372281323269014
745.0,24.52910300068311,1.3722813232690143,25.111972112673072,6.372281323269014
746.0,23.523557534738433,1.3722813232690143,24.52910300068311,6.372281323269014
747.0,23.59421484058568,1.3722813232690143,23.523557534738433,6.372281323269014
748.0,24.461917381247265,1.3722813232690143,23.59421484058568,6.372281323269014
749.0,25.216625888701728,1.3722813232690143,24.461917381247265,6.372281323269014
750.0,25.244584865342087,1.3722813232690143,25.216625888701728,6.372281323269014
751.0,24.14954572328251,1.3722813232690143,25.244584865342087,6.372281323269014
752.0,24.82505486165161,1.3722813232690143,24.14954572328251,6.372281323269014
753.0,24.54197474146256,1.3722813232690143,24.82505486165161,6.372281323269014
754.0,28.288757871837323,1.3722813232690143,24.54197474146256,6.372281323269014
755.0,28.452640049536665,1.3722813232690143,28.288757871837323,6.372281323269014
756.0,28.83992217611505,1.3722813232690143,28.452640049536665,6.372281323269014
757.0,27.106441173368726,1.3722813232690143,28.83992217611505,6.372281323269014
758.0,26.109187493764654,1.3722813232690143,27.106441173368726,6.372281323269014
759.0,26.946980988102897,1.3722813232690143,26.109187493764654,6.372281323269014
760.0,27.692499516814976,1.3722813232690143,26.946980988102897,6.372281323269014
761.0,29.971853243377133,1.3722813232690143,27.692499516814976,6.372281323269014
762.0,30.13853424617637,1.3722813232690143,29.971853243377133,6.372281323269014
763.0,29.02769590487906,1.3722813232690143,30.13853424617637,6.372281323269014
764.0,27.53593224764173,1.3722813232690143,29.02769590487906,6.372281323269014
765.0,29.396600743743985,1.3722813232690143,27.53593224764173,6.372281323269014
766.0,25.697109265111706,1.3722813232690143,29.396600743743985,6.372281323269014
767.0,26.346637395693044,1.3722813232690143,25.697109265111706,6.372281323269014
768.0,27.999480052227206,1.3722813232690143,26.346637395693044,6.372281323269014
769.0,27.507940196028798,1.3722813232690143,27.999480052227206,6.372281323269014
770.0,28.17196017838246,1.3722813232690143,27.507940196028798,6.372281323269014
771.0,28.00813100039561,1.3722813232690143,28.17196017838246,6.372281323269014
772.0,24.705677963537603,1.3722813232690143,28.00813100039561,6.372281323269014
773.0,21.305346087838405,1.3722813232690143,24.705677963537603,6.372281323269014
774.0,18.756958958798705,1.3722813232690143,21.305346087838405,6.372281323269014
775.0,18.730094282080618,1.3722813232690143,18.756958958798705,6.372281323269014
776.0,17.74316621607184,1.3722813232690143,18.730094282080618,6.372281323269014
777.0,20.109010119193282,1.3722813232690143,17.74316621607184,6.372281323269014
778.0,18.379499771777255,1.3722813232690143,20.109010119193282,6.372281323269014
779.0,18.601912024558505,1.3722813232690143,18.379499771777255,6.372281323269014
780.0,17.20043730056992,1.3722813232690143,18.601912024558505,6.372281323269014
781.0,17.357149759139844,1.3722813232690143,17.20043730056992,6.372281323269014
782.0,14.712310170366656,1.3722813232690143,17.357149759139844,6.372281323269014
783.0,14.881870227846704,1.3722813232690143,14.712310170366656,6.372281323269014
784.0,15.995294491223481,1.3722813232690143,14.881870227846704,6.372281323269014
785.0,15.639497015308034,1.3722813232690143,15.995294491223481,6.372281323269014
786.0,16.319627594228034,1.3722813232690143,15.639497015308034,6.372281323269014
787.0,18.369577703654368,1.3722813232690143,16.319627594228034,6.372281323269014
788.0,17.87415639226817,1.3722813232690143,18.369577703654368,6.372281323269014
789.0,16.77193898918812,1.3722813232690143,17.87415639226817,6.372281323269014
790.0,17.758180764413677,1.3722813232690143,16.77193898918812,6.372281323269014
791.0,19.39947707156282,1.3722813232690143,17.758180764413677,6.372281323269014
792.0,17.220765760450796,1.3722813232690143,19.39947707156282,6.372281323269014
793.0,17.85644686889265,1.3722813232690143,17.220765760450796,6.372281323269014
794.0,17.690283504907473,1.3722813232690143,17.85644686889265,6.372281323269014
795.0,16.919948848770282,1.3722813232690143,17.690283504907473,6.372281323269014
796.0,19.296422219500855,1.3722813232690143,16.919948848770282,6.372281323269014
797.0,20.113885170711185,1.3722813232690143,19.296422219500855,6.372281323269014
798.0,15.451125169007161,1.3722813232690143,20.113885170711185,6.372281323269014
799.0,18.440681700957615,1.3722813232690143,15.451125169007161,6.372281323269014
800.0,19.908290848662332,1.3722813232690143,18.440681700957615,6.372281323269014
801.0,20.0968276245887,1.3722813232690143,19.908290848662332,6.372281323269014
802.0,22.965890895290375,1.3722813232690143,20.0968276245887,6.372281323269014
803.0,21.149699778001136,1.3722813232690143,22.965890895290375,6.372281323269014
804.0,24.305670446064013,1.3722813232690143,21.149699778001136,6.372281323269014
805.0,23.53927248522714,1.3722813232690143,24.305670446064013,6.372281323269014
806.0,22.653526369970965,1.3722813232690143,23.53927248522714,6.372281323269014
807.0,20.444847460801235,1.3722813232690143,22.653526369970965,6.372281323269014
808.0,18.703214551078677,1.3722813232690143,20.444847460801235,6.372281323269014
809.0,18.39528853701456,1.3722813232690143,18.703214551078677,6.372281323269014
810.0,19.373182462063887,1.3722813232690143,18.39528853701456,6.372281323269014
811.0,18.915960095254,1.3722813232690143,19.373182462063887,6.372281323269014
812.0,20.26548890747591,1.3722813232690143,18.915960095254,6.372281323269014
813.0,18.64008476483927,1.3722813232690143,20.26548890747591,6.372281323269014
814.0,20.983287886357623,1.3722813232690143,18.64008476483927,6.372281323269014
815.0,20.639522581279618,1.3722813232690143,20.983287886357623,6.372281323269014
816.0,21.680221273144582,1.3722813232690143,20.639522581279618,6.372281323269014
817.0,20.46008131861841,1.3722813232690143,21.680221273144582,6.372281323269014
818.0,22.35492788517718,1.3722813232690143,20.46008131861841,6.372281323269014
819.0,22.54711305417541,1.3722813232690143,22.35492788517718,6.372281323269014
820.0,21.292140295467235,1.3722813232690143,22.54711305417541,6.372281323269014
821.0,23.97479365278837,1.3722813232690143,21.292140295467235,6.372281323269014
822.0,26.127979389496808,1.3722813232690143,23.97479365278837,6.372281323269014
823.0,23.925858596601337,1.3722813232690143,26.127979389496808,6.372281323269014
824.0,22.177910067021607,1.3722813232690143,23.925858596601337,6.372281323269014
825.0,23.867215956044603,1.3722813232690143,22.177910067021607,6.372281323269014
826.0,23.322820473664997,1.3722813232690143,23.867215956044603,6.372281323269014
827.0,24.629678654063966,1.3722813232690143,23.322820473664997,6.372281323269014
828.0,23.2470578946472,1.3722813232690143,24.629678654063966,6.372281323269014
829.0,22.359274335848134,1.3722813232690143,23.2470578946472,6.372281323269014
830.0,22.570211982659508,1.3722813232690143,22.359274335848134,6.372281323269014
831.0,22.403623924999383,1.3722813232690143,22.570211982659508,6.372281323269014
832.0,20.287758220193272,1.3722813232690143,22.403623924999383,6.372281323269014
833.0,20.55098787173633,1.3722813232690143,20.287758220193272,6.372281323269014
834.0,23.78495003554272,1.3722813232690143,20.55098787173633,6.372281323269014
835.0,22.844802195991694,1.3722813232690143,23.78495003554272,6.372281323269014
836.0,21.635292701426543,1.3722813232690143,22.844802195991694,6.372281323269014
837.0,20.01386533118783,1.3722813232690143,21.635292701426543,6.372281323269014
838.0,20.73651815310968,1.3722813232690143,20.01386533118783,6.372281323269014
839.0,22.592097607086238,1.3722813232690143,20.73651815310968,6.372281323269014
840.0,22.71852128656691,1.3722813232690143,22.592097607086238,6.372281323269014
841.0,25.501235729877,1.3722813232690143,22.71852128656691,6.372281323269014
842.0,27.98085000731767,1.3722813232690143,25.501235729877,6.372281323269014
843.0,29.614708032930633,1.3722813232690143,27.98085000731767,6.372281323269014
844.0,31.359912075923898,1.3722813232690143,29.614708032930633,6.372281323269014
845.0,30.98046270186268,1.3722813232690143,31.359912075923898,6.372281323269014
846.0,31.795678727449875,1.3722813232690143,30.98046270186268,6.372281323269014
847.0,31.75418383595111,1.3722813232690143,31.795678727449875,6.372281323269014
848.0,31.66184816645604,1.3722813232690143,31.75418383595111,6.372281323269014
849.0,29.692189520846274,1.3722813232690143,31.66184816645604,6.372281323269014
850.0,30.616983345994115,1.3722813232690143,29.692189520846274,6.372281323269014
851.0,28.180055170729815,1.3722813232690143,30.616983345994115,6.372281323269014
852.0,28.850995563241963,1.3722813232690143,28.180055170729815,6.372281323269014
853.0,28.31724535887511,1.3722813232690143,28.850995563241963,6.372281323269014
854.0,26.880656327783274,1.3722813232690143,28.31724535887511,6.372281323269014
855.0,28.203046686500272,1.3722813232690143,26.880656327783274,6.372281323269014
856.0,27.40462556304185,1.3722813232690143,28.203046686500272,6.372281323269014
857.0,27.418860931421477,1.3722813232690143,27.40462556304185,6.372281323269014
858.0,28.73407593369409,1.3722813232690143,27.418860931421477,6.372281323269014
859.0,33.204545988964504,1.3722813232690143,28.73407593369409,6.372281323269014
860.0,33.36715090513591,1.3722813232690143,33.204545988964504,6.372281323269014
861.0,34.13510744519256,1.3722813232690143,33.36715090513591,6.372281323269014
862.0,34.06165797874903,1.3722813232690143,34.13510744519256,6.372281323269014
863.0,35.550919665056725,1.3722813232690143,34.06165797874903,6.372281323269014
864.0,37.05654851583918,1.3722813232690143,35.550919665056725,6.372281323269014
865.0,33.84118692642443,1.3722813232690143,37.05654851583918,6.372281323269014
866.0,30.50005657020312,1.3722813232690143,33.84118692642443,6.372281323269014
867.0,30.088773066981986,1.3722813232690143,30.50005657020312,6.372281323269014
868.0,27.33368220864798,1.3722813232690143,30.088773066981986,6.372281323269014
869.0,27.236061207825315,1.3722813232690143,27.33368220864798,6.372281323269014
870.0,28.43851277851474,1.3722813232690143,27.236061207825315,6.372281323269014
871.0,26.526632812725822,1.3722813232690143,28.43851277851474,6.372281323269014
872.0,27.215293391448693,1.3722813232690143,26.526632812725822,6.372281323269014
873.0,28.376980822338744,1.3722813232690143,27.215293391448693,6.372281323269014
874.0,24.3801369177965,1.3722813232690143,28.376980822338744,6.372281323269014
875.0,24.679259887932837,1.3722813232690143,24.3801369177965,6.372281323269014
876.0,24.623315505854315,1.3722813232690143,24.679259887932837,6.372281323269014
877.0,25.15406804666026,1.3722813232690143,24.623315505854315,6.372281323269014
878.0,26.943643625894065,1.3722813232690143,25.15406804666026,6.372281323269014
879.0,27.305328643496836,1.3722813232690143,26.943643625894065,6.372281323269014
880.0,27.882887436859246,1.3722813232690143,27.305328643496836,6.372281323269014
881.0,29.406926422826,1.3722813232690143,27.882887436859246,6.372281323269014
882.0,28.740896626453498,1.3722813232690143,29.406926422826,6.372281323269014
883.0,28.94297142262849,1.3722813232690143,28.740896626453498,6.372281323269014
884.0,30.214178155331133,1.3722813232690143,28.94297142262849,6.372281323269014
885.0,27.851858891864808,1.3722813232690143,30.214178155331133,6.372281323269014
886.0,26.713726991651935,1.3722813232690143,27.851858891864808,6.372281323269014
887.0,26.94016615057587,1.3722813232690143,26.713726991651935,6.372281323269014
888.0,26.222700281019417,1.3722813232690143,26.94016615057587,6.372281323269014
889.0,27.850543017781696,1.3722813232690143,26.222700281019417,6.372281323269014
890.0,27.299318063666686,1.3722813232690143,27.850543017781696,6.372281323269014
891.0,28.62761641993177,1.3722813232690143,27.299318063666686,6.372281323269014
892.0,25.548660019100122,1.3722813232690143,28.62761641993177,6.372281323269014
893.0,28.32919718272715,1.3722813232690143,25.548660019100122,6.372281323269014
894.0,27.384997306359026,1.3722813232690143,28.32919718272715,6.372281323269014
895.0,27.09073373998028,1.3722813232690143,27.384997306359026,6.372281323269014
896.0,31.22484065330461,1.3722813232690143,27.09073373998028,6.372281323269014
897.0,31.711712838766775,1.3722813232690143,31.22484065330461,6.372281323269014
898.0,32.00677529224479,1.3722813232690143,31.711712838766775,6.372281323269014
899.0,34.08301718876022,1.3722813232690143,32.00677529224479,6.372281323269014
900.0,34.8634613366282,1.3722813232690143,34.08301718876022,6.372281323269014
901.0,37.086635142023304,1.3722813232690143,34.8634613366282,6.372281323269014
902.0,39.54046805857543,1.3722813232690143,37.086635142023304,6.372281323269014
903.0,39.358742877078896,1.3722813232690143,39.54046805857543,6.372281323269014
904.0,40.876273659345884,1.3722813232690143,39.358742877078896,6.372281323269014
905.0,40.64929985867157,1.3722813232690143,40.876273659345884,6.372281323269014
906.0,43.159896842796904,1.3722813232690143,40.64929985867157,6.372281323269014
907.0,41.69941348782104,1.3722813232690143,43.159896842796904,6.372281323269014
908.0,39.90635029198196,1.3722813232690143,41.69941348782104,6.372281323269014
909.0,42.84638412994133,1.3722813232690143,39.90635029198196,6.372281323269014
910.0,41.65598958839737,1.3722813232690143,42.84638412994133,6.372281323269014
911.0,42.03489303692057,1.3722813232690143,41.65598958839737,6.372281323269014
912.0,41.83382549831048,1.3722813232690143,42.03489303692057,6.372281323269014
913.0,41.36309746532968,1.3722813232690143,41.83382549831048,6.372281323269014
914.0,38.54921911783166,1.3722813232690143,41.36309746532968,6.372281323269014
915.0,37.33133085868201,1.3722813232690143,38.54921911783166,6.372281323269014
916.0,36.79792921530496,1.3722813232690143,37.33133085868201,6.372281323269014
917.0,37.49297809791698,1.3722813232690143,36.79792921530496,6.372281323269014
918.0,38.15713669817743,1.3722813232690143,37.49297809791698,6.372281323269014
919.0,38.37639811039291,1.3722813232690143,38.15713669817743,6.372281323269014
920.0,36.6349688028214,1.3722813232690143,38.37639811039291,6.372281323269014
921.0,36.41198085590877,1.3722813232690143,36.6349688028214,6.372281323269014
922.0,39.52801196020878,1.3722813232690143,36.41198085590877,6.372281323269014
923.0,41.00379158136625,1.3722813232690143,39.52801196020878,6.372281323269014
924.0,44.100706396467544,1.3722813232690143,41.00379158136625,6.372281323269014
925.0,44.28871315300078,1.3722813232690143,44.100706396467544,6.372281323269014
926.0,44.690692701166476,1.3722813232690143,44.28871315300078,6.372281323269014
927.0,44.39067112520317,1.3722813232690143,44.690692701166476,6.372281323269014
928.0,41.968291997418156,1.3722813232690143,44.39067112520317,6.372281323269014
929.0,39.82841458861779,1.3722813232690143,41.968291997418156,6.372281323269014
930.0,41.24903598922797,1.3722813232690143,39.82841458861779,6.372281323269014
931.0,40.769102688576105,1.3722813232690143,41.24903598922797,6.372281323269014
932.0,40.151776541693145,1.3722813232690143,40.769102688576105,6.372281323269014
933.0,38.57439187535983,1.3722813232690143,40.151776541693145,6.372281323269014
934.0,37.509124097856045,1.3722813232690143,38.57439187535983,6.372281323269014
935.0,37.21587063510125,1.3722813232690143,37.509124097856045,6.372281323269014
936.0,40.188887120356284,1.3722813232690143,37.21587063510125,6.372281323269014
937.0,39.424939518749845,1.3722813232690143,40.188887120356284,6.372281323269014
938.0,39.65990821772606,1.3722813232690143,39.424939518749845,6.372281323269014
939.0,38.84693971256597,1.3722813232690143,39.65990821772606,6.372281323269014
940.0,40.82647970540571,1.3722813232690143,38.84693971256597,6.372281323269014
941.0,37.66315103606418,1.3722813232690143,40.82647970540571,6.372281323269014
942.0,38.50050664801177,1.3722813232690143,37.66315103606418,6.372281323269014
943.0,40.14930106357416,1.3722813232690143,38.50050664801177,6.372281323269014
944.0,40.906890786452934,1.3722813232690143,40.14930106357416,6.372281323269014
945.0,39.14167472343935,1.3722813232690143,40.906890786452934,6.372281323269014
946.0,36.64417267330451,1.3722813232690143,39.14167472343935,6.372281323269014
947.0,35.853274543033734,1.3722813232690143,36.64417267330451,6.372281323269014
948.0,32.253240511604595,1.3722813232690143,35.853274543033734,6.372281323269014
949.0,33.477196015103765,1.3722813232690143,32.253240511604595,6.372281323269014
950.0,33.53457529894585,1.3722813232690143,33.477196015103765,6.372281323269014
951.0,34.05210972183324,1.3722813232690143,33.53457529894585,6.372281323269014
952.0,31.25475375339466,1.3722813232690143,34.05210972183324,6.372281323269014
953.0,30.800954200876692,1.3722813232690143,31.25475375339466,6.372281323269014
954.0,31.03016436195567,1.3722813232690143,30.800954200876692,6.372281323269014
955.0,30.269902581475737,1.3722813232690143,31.03016436195567,6.372281323269014
956.0,29.953877037028498,1.3722813232690143,30.269902581475737,6.372281323269014
957.0,27.915497607355917,1.3722813232690143,29.953877037028498,6.372281323269014
958.0,29.043286267231984,1.3722813232690143,27.915497607355917,6.372281323269014
959.0,27.34333974008013,1.3722813232690143,29.043286267231984,6.372281323269014
960.0,28.45410722120912,1.3722813232690143,27.34333974008013,6.372281323269014
961.0,30.921637771222024,1.3722813232690143,28.45410722120912,6.372281323269014
962.0,33.36281015120521,1.3722813232690143,30.921637771222024,6.372281323269014
963.0,32.42984348292956,1.3722813232690143,33.36281015120521,6.372281323269014
964.0,35.61770390675543,1.3722813232690143,32.42984348292956,6.372281323269014
965.0,36.39306969675262,1.3722813232690143,35.61770390675543,6.372281323269014
966.0,38.601900540393125,1.3722813232690143,36.39306969675262,6.372281323269014
967.0,39.798835335977955,1.3722813232690143,38.601900540393125,6.372281323269014
968.0,40.93588448090402,1.3722813232690143,39.798835335977955,6.372281323269014
969.0,42.182140757539116,1.3722813232690143,40.93588448090402,6.372281323269014
970.0,45.00229490820624,1.3722813232690143,42.182140757539116,6.372281323269014
971.0,45.33108422926289,1.3722813232690143,45.00229490820624,6.372281323269014
972.0,43.89858033293732,1.3722813232690143,45.33108422926289,6.372281323269014
973.0,44.445600728174334,1.3722813232690143,43.89858033293732,6.372281323269014
974.0,42.778923197551435,1.3722813232690143,44.445600728174334,6.372281323269014
975.0,41.4017184577861,1.3722813232690143,42.778923197551435,6.372281323269014
976.0,41.00237836634214,1.3722813232690143,41.4017184577861,6.372281323269014
977.0,40.596320980464824,1.3722813232690143,41.00237836634214,6.372281323269014
978.0,40.79321493334636,1.3722813232690143,40.596320980464824,6.372281323269014
979.0,40.40953812609438,1.3722813232690143,40.79321493334636,6.372281323269014
980.0,41.329215798717996,1.3722813232690143,40.40953812609438,6.372281323269014
981.0,41.23315639126984,1.3722813232690143,41.329215798717996,6.372281323269014
982.0,41.38828697738105,1.3722813232690143,41.23315639126984,6.372281323269014
983.0,40.43240232976278,1.3722813232690143,41.38828697738105,6.372281323269014
984.0,39.17689340749679,1.3722813232690143,40.43240232976278,6.372281323269014
985.0,43.053667997257634,1.3722813232690143,39.17689340749679,6.372281323269014
986.0,43.67962937415216,1.3722813232690143,43.053667997257634,6.372281323269014
987.0,43.86251746473617,1.3722813232690143,43.67962937415216,6.372281323269014
988.0,44.925660017919036,1.3722813232690143,43.86251746473617,6.372281323269014
989.0,48.59090982614747,1.3722813232690143,44.925660017919036,6.372281323269014
990.0,47.83847738624283,1.3722813232690143,48.59090982614747,6.372281323269014
991.0,49.53034587160015,1.3722813232690143,47.83847738624283,6.372281323269014
992.0,50.22304819697416,1.3722813232690143,49.53034587160015,6.372281323269014
993.0,48.82359053915315,1.3722813232690143,50.22304819697416,6.372281323269014
994.0,49.52530106526867,1.3722813232690143,48.82359053915315,6.372281323269014
995.0,49.78836099806765,1.3722813232690143,49.52530106526867,6.372281323269014
996.0,51.53959200274767,1.3722813232690143,49.78836099806765,6.372281323269014
997.0,50.72346766173916,1.3722813232690143,51.53959200274767,6.372281323269014
998.0,51.88380297963301,1.3722813232690143,50.72346766173916,6.372281323269014
999.0,53.518136571119285,1.3722813232690143,51.88380297963301,6.372281323269014
1000.0,55.936165007052445,1.3722813232690143,53.518136571119285,6.372281323269014
