time,state_mean,state_variance,v_mean,v_variance
1.0,-2.175857239927519,1.0153723618567776,1.0233169982624635,0.5235888394664494
2.0,-3.7118259451979165,0.7728056325834061,0.9561047626291131,0.3047121057073576
3.0,-2.4801588815816604,0.702424721930073,0.8612565829069965,0.18544072540015905
4.0,-2.059644310561848,0.6098060970330634,0.7261643936165219,0.10546294531129018
5.0,-0.08890380474206183,0.6255699317298329,0.7564912999460894,0.09537984781568735
6.0,-0.3136223606919045,0.5622545477121129,0.6635217944457955,0.06289445310065264
7.0,-1.294260804849978,0.5237243444625177,0.6134066686435024,0.04703346764203994
8.0,-2.374803038328527,0.4952697712148029,0.5759291317049439,0.036854929416267834
9.0,-1.210953748322649,0.4732840897198382,0.5472055864251738,0.029943395381491836
10.0,-0.6808432278635109,0.44188354816393255,0.5058758346101022,0.023264578185678862
11.0,-4.65418055505906,0.5670904206583405,0.6716867930802001,0.03759692899986363
12.0,-2.616520487566385,0.5782687139884883,0.6900704210032271,0.036630552764890086
13.0,-2.8674427501195368,0.5468522244936042,0.6450313180472429,0.029718957232983102
14.0,-4.567759687248056,0.544718435893214,0.6435536751342672,0.027610755518588128
15.0,-1.993487648622696,0.5774491216356655,0.689318726282477,0.029697519150231038
16.0,-4.5071598149536385,0.6077451499809784,0.7316941459544976,0.03149272489553421
17.0,-3.066228558092585,0.6001272062153615,0.7198417346796128,0.02878734016591967
18.0,-1.7345507585442994,0.589671896940154,0.7051237029517494,0.026168391392862467
19.0,-0.7161351286124991,0.5740076596239106,0.6831536279365746,0.023334943968145193
20.0,0.527217721266326,0.5629170882040189,0.6681002195705369,0.021255138256676173
21.0,-0.35615675514286393,0.5473625845289426,0.6466074252231206,0.019004598288803343
22.0,0.2338538720181086,0.5298778657146599,0.6227912641840003,0.016863867771474143
23.0,-1.870892679782484,0.5379642499111392,0.6346594750134039,0.016783027051012058
24.0,-1.9226220666583769,0.5205937643731904,0.6102712695163552,0.014897240895884154
25.0,-4.958863695067294,0.5541374041848071,0.6571136321100012,0.01660762790403069
26.0,-2.7115087691759894,0.5660091905596478,0.6731608790668991,0.016783169226152604
27.0,-2.938867339577132,0.5501233420317,0.6503484344667567,0.015105467364762905
28.0,-0.7735842162754683,0.5583681739790357,0.6625440698600878,0.015136711879543756
29.0,-7.2931198026368556,0.7585757733826177,0.9439961452022164,0.029704290738554802
30.0,-6.732275168199432,0.7376261880953977,0.9175850970907826,0.02716007775493874
31.0,-8.819825524423717,0.7448257449054081,0.9301583432266729,0.027037329483568406
32.0,-7.8659472618333774,0.7328597267458223,0.9110988853670208,0.025154581179303873
33.0,-9.90471007919791,0.7388303971688348,0.921128332023234,0.024955217766350155
34.0,-12.342216069801776,0.7552020609619402,0.9462194451852528,0.025580892527048222
35.0,-11.104473272409203,0.7477990011330142,0.9337080624377974,0.024216965162815157
36.0,-12.216743410872203,0.7382295420343723,0.9192684707296714,0.02283931138588294
37.0,-12.012404959461728,0.7228555609977731,0.8960255030746902,0.02112793953053294
38.0,-11.88559732462018,0.7077292477382043,0.8737449081522088,0.01957513242363877
39.0,-12.786966295874489,0.6969324828075607,0.8582043146332108,0.018412866141376476
40.0,-10.134271262056417,0.7146218745433226,0.8856928237139079,0.019132970194593063
41.0,-10.919473986830257,0.7045022359424074,0.8693291770750438,0.017993648050332683
42.0,-8.313494967447486,0.7204740921139268,0.8942908766288091,0.0185989807446866
43.0,-6.232373358837901,0.7267214530974372,0.9031132741236161,0.018536672406779038
44.0,-8.329837744648458,0.732883504678756,0.9122732634118024,0.018494277936355996
45.0,-12.422177538232578,0.7905544143399701,1.0012264296499023,0.021792486161510666
46.0,-11.44761987933015,0.7831051473242889,0.9869744440002682,0.020725926661907205
47.0,-14.692662513180242,0.8145564322981412,1.0375256016862888,0.022426236961551986
48.0,-15.985142969367807,0.8099894766273288,1.028333998360942,0.021581036983367392
49.0,-17.19928912393385,0.8034128009626178,1.0180778407791886,0.0207296497977123
50.0,-18.722763478132823,0.8003479270172567,1.013644876193833,0.0201465869614512
51.0,-17.873680474809074,0.7911546348185534,0.9991153842756293,0.019196760598004584
52.0,-22.165578411569896,0.8502867555750777,1.0942026080251521,0.022590176366208397
53.0,-20.221789921873444,0.8551971658325529,1.099378825085225,0.02238210742677351
54.0,-23.927236126938777,0.8979541681217008,1.1696044238653671,0.024872263787735223
55.0,-20.729098835263382,0.9289315610764003,1.2190827327653888,0.026538619809405865
56.0,-23.325944687929244,0.9456867815270111,1.2453343634457592,0.02720802941717288
57.0,-25.34278347051435,0.9509214116380071,1.2528545335968424,0.027062835902657956
58.0,-25.33024264076894,0.9391827438601252,1.231974719475733,0.025724774736056114
59.0,-27.546304836392203,0.9459299871895425,1.2448314485512733,0.025826755588371025
60.0,-25.185983847634027,0.956246572832078,1.2620436021664685,0.026110722192939594
61.0,-22.25080317407741,0.9783769816059241,1.2995505219886754,0.027239218696790943
62.0,-24.536957993043,0.9881409580532025,1.3146346751435753,0.02743276712841038
63.0,-25.13992170932363,0.9786644074935574,1.2968610513547907,0.026278884164391458
64.0,-22.198965446130888,0.9990979976361398,1.333850924766988,0.0273716659923346
65.0,-20.75714049383183,0.9968002681191934,1.3277433950659105,0.02671064429001743
66.0,-22.262132505595716,0.993957661225056,1.3229588988316596,0.026122690268625032
67.0,-20.235341096241164,0.9977738320526949,1.3300379385030174,0.026014719380255236
68.0,-23.866905026797532,1.0343416624893345,1.394571883187447,0.028185952715608434
69.0,-23.983899201459586,1.0255388774706398,1.3750197021690342,0.02700970259075743
70.0,-24.07860863216483,1.0143510855100983,1.3559792954464538,0.02589689929126002
71.0,-26.563131765959756,1.024573652230461,1.375615076849872,0.02628217832856499
72.0,-26.46207440354686,1.014908505492558,1.3570889790506235,0.025228636946036487
73.0,-26.73107511150203,1.0043940086833816,1.3394308127671986,0.024244255435002676
74.0,-28.390866831119503,1.0028915981700293,1.3379872436039346,0.023869464853958064
75.0,-25.38960070434395,1.0223424261747789,1.372782526792883,0.024796471919313848
76.0,-25.010046078797302,1.0141669730660499,1.3560282226438871,0.02388068234554207
77.0,-25.290449498330293,1.0042780466129484,1.339313096007121,0.022996917553027938
78.0,-24.064563723836095,0.9989360532285118,1.3309561772730685,0.022423346149637213
79.0,-22.9168393732722,0.9934071776674693,1.3217387407910508,0.021837416236348904
80.0,-26.871258955601377,1.0313799927029668,1.3896288695989556,0.023840350558307053
81.0,-28.035691425025057,1.0283380494621133,1.3804585516742793,0.023239826986471326
82.0,-27.20887312864988,1.0210927496816777,1.3677691871920472,0.022539669270264982
83.0,-24.84345329302094,1.0283580547748956,1.3816845539725684,0.022726811984361606
84.0,-23.63688209550393,1.0242282290474662,1.373416053811099,0.02219143125724767
85.0,-24.109755160700296,1.0158331750020828,1.3588062142496329,0.021469236370737433
86.0,-24.921605855418804,1.0085485374402343,1.3467569951340719,0.020847751769454647
87.0,-24.822855643387726,0.9996226768065395,1.331674073696287,0.02015177089266891
88.0,-24.69303120489624,0.990761861322484,1.3169608069887475,0.019487480529712956
89.0,-23.62394155484306,0.9851293495202691,1.30800130797488,0.01900963801848886
90.0,-20.68431612583981,0.9999291111000985,1.3347318475034502,0.019577023129010693
91.0,-21.24782119189132,0.9935676285626145,1.3218994210327328,0.018993674775289942
92.0,-17.439509625969905,1.0235894932821927,1.3758125423702137,0.02035333496498055
93.0,-20.223236399299353,1.0379865976710263,1.3987592174208237,0.020814120726805475
94.0,-22.281746874398003,1.0422069889828314,1.4047755296567654,0.020772571460236273
95.0,-21.517518181501117,1.0360615387587722,1.3931129937912003,0.020216289723644594
96.0,-20.33710556451823,1.0314357927174997,1.3854991093420521,0.01978977094832597
97.0,-18.22442478602181,1.0349075564384196,1.3923237956398307,0.019781281141886785
98.0,-18.40916991475494,1.0275232538121186,1.3785589730820214,0.019196210527928866
99.0,-17.96614070891778,1.0199443810466535,1.3658027175973386,0.01865417063396275
100.0,-17.225864002688112,1.013343445435273,1.3548580746623382,0.018174657450274637
101.0,-18.74655226547194,1.0112253837957301,1.3518421323343948,0.017916442654454936
102.0,-20.366164643660824,1.010176199775242,1.3502087682506814,0.017699647746223516
103.0,-19.54177314766287,1.00454280549005,1.3402626855322133,0.017272154482980966
104.0,-19.278800607254144,0.9972443572212784,1.3279101256734045,0.016793764779675778
105.0,-16.747280169924004,1.00471777882588,1.342006629662984,0.016990394283579256
106.0,-19.44460047342418,1.015105840271884,1.3597204111471295,0.01727887473355251
107.0,-14.206533011463033,1.0724575467485902,1.4613590708221242,0.019773799387723168
108.0,-16.65851088203216,1.0826849102681466,1.4747247103439902,0.019952412580726293
109.0,-18.074609324113908,1.0810127658085955,1.4703218180305817,0.019653147714334133
110.0,-17.92418007785481,1.0738524052153393,1.4572929640882255,0.019132457506135552
111.0,-15.857868889427053,1.0762985315717462,1.462747762051373,0.019103848351663393
112.0,-14.708782779030738,1.0725758961657117,1.45556435631017,0.018749270755403884
113.0,-14.296744985318712,1.0658323286251439,1.443623498106374,0.018281129862148107
114.0,-15.99213590771605,1.065070967190691,1.4431003668928613,0.01810903190370705
115.0,-14.893307733159464,1.061004537060683,1.4357302860522365,0.017770012536962386
116.0,-15.586004936466308,1.0551428292698062,1.4255089580206848,0.017368169140147164
117.0,-14.130296930238876,1.05281000385539,1.4219903015340618,0.017136071336075694
118.0,-15.066167620752811,1.0480535109205555,1.4135997990326348,0.01679213774642946
119.0,-16.829729414043708,1.0479630156735749,1.414027433897024,0.01666227986511169
120.0,-20.061600480598564,1.063755250814993,1.442790797260243,0.01720368003850287
121.0,-24.67876007013391,1.103783129207784,1.5144427723702003,0.01879948287528146
122.0,-28.239631660799684,1.1272590928849933,1.5538918794514394,0.019630731488009156
123.0,-26.38650110005064,1.1298292873955773,1.5556983082759384,0.019517719567521102
124.0,-26.823510974047437,1.1239217874791758,1.5441375349642514,0.0190748858150838
125.0,-25.639967057323446,1.1200399152720948,1.5376552615089627,0.018764950025763463
126.0,-26.280486730009045,1.1142500722770898,1.5272850010163683,0.01836692499472101
127.0,-26.422730489641626,1.1075617718989919,1.5155254209726492,0.017943885168861914
128.0,-26.51899441678573,1.1008619693898734,1.5039035373578835,0.017532758524632208
129.0,-24.775606128199147,1.1004470189337678,1.5040524033930915,0.017401335631942575
130.0,-21.635291479882575,1.114367134119696,1.5301130656626245,0.017872106822225002
131.0,-21.743176441962785,1.1092390826660428,1.5186531051301524,0.017472024649404953
132.0,-24.18973719364232,1.1148652616545036,1.529929257629028,0.017599124310897055
133.0,-24.229583943581137,1.109247972042797,1.5186024470567165,0.01721009994184065
134.0,-23.079950686053273,1.1054964429561425,1.5123548544770054,0.016942349673038256
135.0,-22.622962318783895,1.0997358658171916,1.502084159014237,0.01659012368206991
136.0,-22.05413282418703,1.094110766822275,1.4923732984544158,0.01625677417474243
137.0,-21.243518398381536,1.089197163642875,1.4839881143597662,0.015958121185225032
138.0,-21.913156784165164,1.0839886612586287,1.4749724008587453,0.015651392685575617
139.0,-23.215779753124647,1.081161452022902,1.4704275853854802,0.015443980599018386
140.0,-24.495522675352067,1.078419874869526,1.4657250911320783,0.015236525126057722
141.0,-25.598550465037057,1.0749288800002716,1.4596318832034976,0.015003698834254854
142.0,-21.48028306563977,1.1002495703086785,1.506795340138714,0.015877148231214982
143.0,-19.756022145272397,1.1018235272247892,1.506707644288058,0.015765055037194924
144.0,-17.3452965644517,1.1071108100008644,1.516380218707741,0.01585799288060784
145.0,-20.770309630532502,1.1235026820926488,1.5464058693239657,0.016379254196435687
146.0,-22.35416584511716,1.123737023356809,1.5446976909668653,0.016231911268560304
147.0,-23.43399631222763,1.12040001301499,1.5383600779669524,0.015990214388395187
148.0,-21.73161456244239,1.119964655675371,1.5380109109474809,0.01587568833686913
149.0,-24.30313299317695,1.1264360242867593,1.5502764159302236,0.016022379771929728
150.0,-26.03353371447139,1.1268957219244975,1.550258584201636,0.015915905151595106
151.0,-29.394675645940605,1.141738783547841,1.5782828152586674,0.01638800424303174
152.0,-28.603158451790843,1.1385483197572444,1.570175227549781,0.016114053890268015
153.0,-27.442488153760905,1.1353676365292562,1.5645936581887414,0.015895800748340443
154.0,-27.750804315236373,1.1300133917515676,1.5548819818897432,0.015597793403905649
155.0,-30.07012116393991,1.1337486686367801,1.5627339628275083,0.015654727170349797
156.0,-30.025617436606844,1.128819309300437,1.5528497719376841,0.015358868880298839
157.0,-31.237422657869658,1.1258091432900945,1.5478633577922016,0.015163803635416135
158.0,-30.085907548725874,1.12272817273161,1.5424648201300022,0.014963507681375344
159.0,-30.29046666718868,1.1174941922673998,1.533017913579429,0.01468839952097141
160.0,-30.781037508809995,1.1124791305505985,1.5243138675139722,0.014431880538480768
161.0,-28.673374187613646,1.1144976939725733,1.5288079176627551,0.014427491661162526
162.0,-29.184475553744846,1.1101201288317442,1.520297669632043,0.014179785302384175
163.0,-28.516332909827373,1.1056150236253421,1.5124546724027796,0.013948287415079263
164.0,-29.195148731291788,1.1011644144980408,1.5047427933386992,0.013722732570331827
165.0,-30.338201738318446,1.0981159498146909,1.4996561865704794,0.013548004083850077
166.0,-29.859437352539764,1.0934760000720842,1.4914116435172633,0.013319213715083022
167.0,-30.798605072646478,1.0897916515747665,1.485181063689022,0.013129540428216993
168.0,-32.209874922901776,1.0879460916746406,1.4822442102904028,0.01300028342567704
169.0,-33.32265865932275,1.0850729094273066,1.4771538235947936,0.012835196579768933
170.0,-33.32721595797021,1.080235571617609,1.4685657794205373,0.012612195605175734
171.0,-35.23328665674367,1.0808578892600071,1.4703560343699122,0.012569458533767527
172.0,-32.7981349762548,1.085361437874703,1.4786093213770746,0.012637488585336261
173.0,-29.796970742767428,1.0947955353274708,1.4955300269089618,0.012854080812565054
174.0,-30.505267136747978,1.091647723278367,1.4884539953553981,0.012659973121653983
175.0,-30.850108727510715,1.0870768587696589,1.4803779597747613,0.012451811953334573
176.0,-32.5691806165632,1.0866802586309794,1.4802528870006801,0.012379370674993494
177.0,-32.95454485830393,1.082416337917722,1.4723926730820995,0.012179439234527249
178.0,-33.15667683447545,1.0777529395393666,1.4643241062307804,0.011979022838483651
179.0,-32.31001315036288,1.074087927146584,1.4581668260551675,0.011812502736710005
180.0,-34.463872739103,1.076203187086793,1.4625432279169381,0.011817860185224845
181.0,-32.60074012861678,1.07702906715879,1.4637991281298783,0.011773120261064793
182.0,-31.391312957212577,1.0748794351284452,1.4597226122792324,0.011643661774859596
183.0,-30.177526974705906,1.0725515515560562,1.4557069343411215,0.01151675368852623
184.0,-30.51456070437158,1.0683020958884508,1.4481768742937315,0.01133630410399547
185.0,-29.557690571301755,1.0650773075394635,1.4427959277503877,0.011191720909317752
186.0,-30.543732750663956,1.0620276432449698,1.4376085304435717,0.011051969448150406
187.0,-31.362080272025427,1.0585934352751862,1.4316999988918777,0.010903004717164908
188.0,-33.48324750520536,1.0604140747543869,1.4354651067499973,0.010902434247072917
189.0,-31.806359043447145,1.0602799291259117,1.4349943094010558,0.01083794035796533
190.0,-32.46713246613018,1.0567843867772926,1.4286081367410157,0.010685451352683962
191.0,-34.036043587206706,1.0558163712039454,1.4272789251406743,0.010610026719534992
192.0,-35.59556075784827,1.0549885215039663,1.425886078702151,0.010534461706925373
193.0,-36.17558557287646,1.051378662944111,1.4193938426296189,0.010384942682963272
194.0,-34.194470718792005,1.0523554893373217,1.4216255084561138,0.010364200442528738
195.0,-32.82042841178168,1.0509550077806904,1.4189507198662341,0.010272556864331145
196.0,-34.24944206836004,1.049604924700643,1.4166622806015947,0.010187472168930517
197.0,-31.66139824657134,1.0543296163574136,1.425436966338266,0.010261972449513329
198.0,-30.51826168307549,1.052439993839901,1.4214146142189859,0.010152861836760342
199.0,-33.17486572178906,1.0575528092604927,1.4309784989152978,0.010238497321789395
200.0,-32.92014177686847,1.054103619116748,1.4240476787982808,0.01008911339050135
201.0,-32.505505641216665,1.0502441191065472,1.4174346480794355,0.009946143473148875
202.0,-31.430858845087275,1.0476354558400802,1.4131609535692111,0.00983755606252533
203.0,-32.0463424246504,1.0441499217822336,1.4071378955838287,0.009706064005823951
204.0,-30.511079328567085,1.04310820333546,1.4056734875532721,0.009638624163952093
205.0,-28.57968130132595,1.0439487377559449,1.4073263691676228,0.009614405385216138
206.0,-26.686749274598014,1.0447284038892424,1.4086418094181663,0.009585853851405245
207.0,-29.623852283742718,1.0517343004845912,1.4212830176225473,0.00971175680856853
208.0,-29.321960233619173,1.0485947144347096,1.4147206441699178,0.009576241631772954
209.0,-31.069276210227713,1.0484449133136795,1.41483886076525,0.009532233342531001
210.0,-27.10779901593277,1.0639405739817833,1.443076127989691,0.009869519958169287
211.0,-27.350289528479948,1.0613106875805856,1.4364339602381757,0.00973274774587514
212.0,-28.16629596658903,1.0582768589976268,1.4312113944787601,0.009616742045473413
213.0,-29.71037391196578,1.0573210131222237,1.4298445559993513,0.009553530160378422
214.0,-30.212134370677525,1.053940416697736,1.423780422165761,0.009428607862988431
215.0,-31.72212488180109,1.0528458915550294,1.422205504704017,0.009364206007455592
216.0,-28.948702708236514,1.058362383694694,1.4324081560446535,0.009455267859461955
217.0,-27.03430045150069,1.0595203091794,1.4338588398456114,0.009430968681666983
218.0,-26.827380551087934,1.0560905901117539,1.4274343201017352,0.009303966841115539
219.0,-23.747625454166204,1.0634924175850315,1.441394636793007,0.009443720449889295
220.0,-23.753073320204017,1.0604434168867665,1.4349019324027599,0.00931648667698269
221.0,-26.984489622168738,1.0689451761062991,1.4508624037913909,0.009481989706015014
222.0,-27.041496726768194,1.0659924276565638,1.4443923572152393,0.009355467630411639
223.0,-28.164201067507122,1.0637587583145431,1.440669843800296,0.009265757137658792
224.0,-26.452206695355287,1.0635242646726244,1.4405227466749526,0.009222692371946443
225.0,-27.536905833444912,1.0614058533491568,1.4366656273371061,0.009132779313150092
226.0,-25.353512252335406,1.063284963579624,1.4403769619502331,0.0091395849890616
227.0,-26.876823896140664,1.06263590291147,1.4389524708562003,0.009081509707820894
228.0,-29.147319316909833,1.0650420547031951,1.4434467423931587,0.009098421389193983
229.0,-31.871132261253464,1.0702185079329247,1.4526522267300934,0.009174776051408257
230.0,-31.429973316014657,1.0673884589336313,1.4467970446281813,0.009061565750410559
231.0,-31.86216155175634,1.064022223839022,1.4409742026052166,0.00895002867488681
232.0,-31.625440862416912,1.0604949281076483,1.434931209037539,0.008837028217467525
233.0,-32.18213456238856,1.057261678450482,1.4294558426490376,0.00873223934223705
234.0,-30.112105051895945,1.0584577104195187,1.4320496683308825,0.008726664904538686
235.0,-30.278395452635177,1.0552673883690038,1.4260629620160084,0.00861718462556725
236.0,-32.144854573724054,1.0555764788159179,1.4270284803621192,0.008592448454703033
237.0,-31.212490024399496,1.0532769149665249,1.422787816834224,0.008505567948453353
238.0,-30.753908508861375,1.0500997004849653,1.4172750792145068,0.008404471339591995
239.0,-32.65437978412183,1.0505411023105977,1.4184738440623266,0.008383616859537306
240.0,-32.338062504849525,1.0474626470977095,1.4128078765222924,0.008282265958354476
241.0,-32.76313383405208,1.044251251814374,1.4073439981387832,0.008184368302054774
242.0,-34.44836255240222,1.0438648398696666,1.4070359792150944,0.008147120357225429
243.0,-36.40183506939102,1.0446988437836553,1.4085981186368994,0.008131756802571362
244.0,-35.523988341207065,1.042413435364428,1.4043429863332197,0.00804971111536043
245.0,-35.68947390483918,1.0391566189467216,1.3987092854777048,0.007952795387323379
246.0,-34.581543378066954,1.0370994739785562,1.3953768617932787,0.007882901159627767
247.0,-32.49085400021545,1.0383767839292786,1.397937448886043,0.007879956092733944
248.0,-32.39746157949327,1.0353838812939442,1.3923619568941585,0.007785830598418195
249.0,-34.20101034831102,1.0354420301204923,1.3928289830569054,0.0077598903041733325
250.0,-29.508874463149095,1.0548081907743012,1.4278637299880939,0.008122688571376543
251.0,-30.52665331966948,1.0539815935582104,1.4241695064687305,0.008048645964902332
252.0,-28.119890927850502,1.0567824841137299,1.4293884610941174,0.008075697125332053
253.0,-28.785146841123986,1.054357150392455,1.4246099932219711,0.007990211152708286
254.0,-29.317279545878858,1.0514313682972047,1.4195703417534147,0.007902666490925124
255.0,-32.07463282568707,1.0558790188099332,1.4280444802727532,0.007966058740771399
256.0,-31.574122594511138,1.053398848221667,1.4229716660922438,0.007878787402728935
257.0,-30.957120587770202,1.0506009451086387,1.4181747130687004,0.0077954244836724446
258.0,-32.390403716492806,1.049467160214844,1.4164550311069284,0.0077465052322321605
259.0,-33.1914747646352,1.0470491586076078,1.4121888394647204,0.007670297378110437
260.0,-35.46396355502142,1.0490222105339186,1.416076713507337,0.007683039304742304
261.0,-33.84510556177944,1.048779643864365,1.4153961632668348,0.0076463599198109775
262.0,-34.568948391290355,1.0463338500329575,1.4109711659056159,0.007569732437327198
263.0,-35.23300290648997,1.0436715805783572,1.406429336847922,0.0074925889376760806
264.0,-38.7216814675453,1.0523891065733384,1.4225912029167156,0.007636851813645388
265.0,-38.98772427870918,1.0501022308864645,1.4173888740318934,0.007552598572290971
266.0,-37.024408229728145,1.050772417217705,1.41889513009824,0.007540312322908246
267.0,-40.10242073839162,1.0570607298616344,1.4302784716307368,0.007633195919441629
268.0,-38.57208989444802,1.05684057408141,1.4291170083492724,0.007592473693506225
269.0,-39.608272140068294,1.0549737628666158,1.4257308417246053,0.007528549752017598
270.0,-37.9713034250547,1.054539849714216,1.4251709501570597,0.007494879103954156
271.0,-36.283030681875,1.0543677922781316,1.4249103421479516,0.007464593688088943
272.0,-32.65780813674942,1.0639821741280193,1.442491495262559,0.007621911039944371
273.0,-31.22440017681021,1.0637123979672232,1.4408393442731995,0.007576708087611764
274.0,-34.947541030196135,1.0739947706247714,1.4597402524564118,0.0077485149259691214
275.0,-35.47046945153851,1.0720804872277414,1.454950892599272,0.007669862680708038
276.0,-32.58106030178928,1.0770102606600396,1.4642812623247812,0.007740504025976371
277.0,-34.00719289843673,1.076431519143197,1.4625914467662766,0.007694869568898814
278.0,-35.534778320616624,1.0757623316689253,1.4614309250647548,0.007655126697977152
279.0,-37.86609342354107,1.0780026545096983,1.4656521641554539,0.007671915236762734
280.0,-38.00598214911668,1.0753634701341241,1.46048871985776,0.007590844486945761
281.0,-33.31117679659117,1.092928031718932,1.493241906990239,0.007906990754581011
282.0,-35.26495646381444,1.094852973933672,1.494676829602703,0.007894200794880521
283.0,-36.56450426839136,1.093760363197077,1.49238482030557,0.007842297365769326
284.0,-38.68566171267361,1.0950823511481687,1.4949924778958432,0.007842114066544396
285.0,-38.289732336658986,1.0925269261422719,1.4900556428553693,0.007763167198619329
286.0,-38.03615603083379,1.089621707984103,1.4849927252259154,0.007683635519072791
287.0,-40.645601841574674,1.0929241213144856,1.4915163037287855,0.007724378070447149
288.0,-41.47898152050839,1.0910326445038747,1.4875639146391406,0.007656907958949911
289.0,-40.89486435127462,1.0884601907979936,1.4830333664764415,0.007584096434767059
290.0,-39.55591363928908,1.0871753868903622,1.4809894196901696,0.007537215330701804
291.0,-39.710599410397045,1.0843824640269604,1.475975161800829,0.007460625610455422
292.0,-38.75627663649046,1.0822968002484405,1.4724787933689012,0.007399978829082373
293.0,-41.93499750581538,1.088532784625626,1.4842981709302525,0.007493677075601677
294.0,-41.30900532328762,1.086615652599623,1.479938750929636,0.007424470191536175
295.0,-41.45391594835346,1.0838115473697605,1.4749906697746487,0.007349991472710361
296.0,-43.57570984711242,1.0849490772771593,1.4774683071013046,0.0073498740689858415
297.0,-43.6131417727617,1.0823650226747388,1.4725292494502502,0.007276316746599052
298.0,-40.39568145273731,1.0886774324464463,1.4845572225567407,0.007370936946640082
299.0,-37.54964313316037,1.0936254141591515,1.4929435850513186,0.007429601827152946
300.0,-37.503545194571096,1.0913198167061706,1.4880035653456092,0.00735599538365862
301.0,-38.4531599896938,1.0893065393869936,1.484568746117932,0.007297829013080029
302.0,-35.30514115494143,1.0952165979292412,1.4958162218575197,0.007384376797267671
303.0,-37.50967269216963,1.0972597480947734,1.4988579202619667,0.007390049556355356
304.0,-38.63917832054426,1.0958964219630998,1.4960428184518282,0.007338177425053408
305.0,-41.92130991694457,1.1025712788361064,1.508667462142058,0.007438161801719471
306.0,-40.73888948967258,1.1016411749052823,1.5060523342562036,0.007388252877910616
307.0,-40.782717883055575,1.0989675917147659,1.5011814992509371,0.007316707447056142
308.0,-42.20595086488855,1.0979305520988696,1.4996084239839855,0.007277752185384248
309.0,-46.21393201993745,1.1091094892189712,1.5206053740841623,0.007458840979656887
310.0,-50.35442430532669,1.1221297057113664,1.5435900831073555,0.007661319436229495
311.0,-49.108800186484835,1.1217886298516668,1.5412098554027065,0.007613230187148819
312.0,-48.33504254533473,1.1196815298018394,1.5372810721851986,0.007550265478910139
313.0,-46.76083319437019,1.1190741893340101,1.5364319161942976,0.0075179077487276475
314.0,-49.003846575852556,1.1207754393344582,1.5397236304146187,0.007526186850975155
315.0,-50.14075864885794,1.11943532925825,1.5369592887722892,0.0074754552384285475
316.0,-48.2029357374104,1.1199808662473238,1.538175698485863,0.007463673436632404
317.0,-46.06659092806992,1.121353893211218,1.5406895473476083,0.007464541765113767
318.0,-45.32312109971313,1.1193740812545596,1.5367620183647805,0.007403252354509699
319.0,-44.60775151571194,1.1171203323176133,1.532791217563235,0.007342027864496827
320.0,-42.45475592488838,1.1183307655475747,1.5353857468247858,0.007343954490818395
321.0,-46.299662284515385,1.128326632034648,1.5540571495268733,0.0075002907577502815
322.0,-44.26291505457723,1.1300128922753219,1.5558947262833391,0.007494762846056677
323.0,-45.86689229320282,1.129779250022153,1.5552130864625184,0.007465085630568742
324.0,-47.283245759126736,1.1289276351153132,1.5536325024439848,0.007426996777385717
325.0,-46.802427439357935,1.1265487054477985,1.54924745996397,0.007362477583450348
326.0,-48.946362124026315,1.1276981472662218,1.5517605499401304,0.007363794508717113
327.0,-45.61540253622518,1.134506319142034,1.5644884563331827,0.007462268689023735
328.0,-45.21278946375684,1.1326445957210194,1.560003785751038,0.007396996387712982
329.0,-42.71664918398694,1.1351775988176067,1.565078781540283,0.007422641189174595
330.0,-43.55849956150098,1.1334715199132341,1.5614784036433285,0.007366207870225129
331.0,-42.56327642164203,1.131687380892301,1.5583373567748948,0.007314503968434235
332.0,-46.601890825766674,1.142466785183328,1.579036919918964,0.007487560343745253
333.0,-43.65031911831104,1.1479559784554452,1.5880147267464502,0.007550271773543721
334.0,-44.37313862766165,1.1463286820344811,1.5841117081082743,0.00749077583213646
335.0,-44.75466134613473,1.1438613981724528,1.5796391441679467,0.00742636852912989
336.0,-45.03003684399581,1.1412838472525795,1.5750837809137042,0.007361688180704478
337.0,-49.164162582312656,1.1525393446276926,1.5969055375518226,0.007544696141608508
338.0,-51.5348659959251,1.1555069681616175,1.601010185009894,0.0075611610988360325
339.0,-51.13389905928285,1.1534196084433879,1.5965667740694174,0.007497133717830664
340.0,-54.049125143243955,1.1577209968307867,1.6051223838215487,0.007555477615967658
341.0,-51.65939607301499,1.1602498568413042,1.6093519018481144,0.007573139017491647
342.0,-53.73286619639636,1.1614987810095665,1.6113784971853162,0.007570089391228012
343.0,-56.73856190099544,1.166477914183281,1.6207735323362455,0.007636357102097996
344.0,-55.168229826563234,1.1664288807312613,1.6199401262574378,0.007606394239591198
345.0,-55.32472993850705,1.1640243466739097,1.6153098242448507,0.007541115110699221
346.0,-56.19481879245298,1.162033079997575,1.611839394136764,0.007487107298245446
347.0,-56.15563223482496,1.1594783095149377,1.6072233070376296,0.007422892984726938
348.0,-55.27159672014226,1.1575112767870794,1.6038274226993885,0.007370379374792443
349.0,-55.04653133194365,1.155018611298665,1.599335261768375,0.007308209370102047
350.0,-55.1920264589929,1.1524721151292825,1.594823754269901,0.007246332783998694
351.0,-57.60370621341871,1.1544879143084128,1.5990642922920009,0.0072642233263730625
352.0,-56.75901151708966,1.1528470336775343,1.5956215547363068,0.0072124876655498835
353.0,-58.64994098564778,1.1531695414068155,1.5964837332489008,0.007199887882848438
354.0,-59.74351325422824,1.1517872322533929,1.5937869167401906,0.007155371087245642
355.0,-57.655763456915146,1.1527358771146643,1.595808606071127,0.00715338513261425
356.0,-60.988131495219505,1.159093249811804,1.607851383180894,0.0072414175641364546
357.0,-64.600264270472,1.167378242490864,1.6228544101331646,0.007356582224828662
358.0,-63.26860182672024,1.1670552199495543,1.6210117163943858,0.007319440068768447
359.0,-62.977525634811194,1.164767914281554,1.6166481932746266,0.007259864946716986
360.0,-63.005718673419224,1.1622705416338783,1.612183497447305,0.007199821688203394
361.0,-64.32653715547598,1.16110842886523,1.6103247450295957,0.007163386144902298
362.0,-65.03428805132486,1.1591019727085718,1.6066394256817689,0.007110992408140618
363.0,-63.43517376190228,1.1586068137903813,1.6059894816694025,0.00708572037151856
364.0,-65.87896128937777,1.1608306467511487,1.6103365074546732,0.007104612786962507
365.0,-67.27410444712584,1.1602012464070441,1.6087956972795674,0.00707164916826571
366.0,-70.07303715578392,1.163815261540643,1.6158398557948839,0.007114273677316707
367.0,-66.19500766225147,1.1732151215639703,1.6334148619418263,0.0072501198674250955
368.0,-69.58318810127423,1.1803799899130505,1.645897260011492,0.007341403226323407
369.0,-69.06923988351123,1.1788558715340423,1.6418515646443461,0.0072856123252029404
370.0,-70.01242412354227,1.1771328745249736,1.638746699951717,0.007238519532621679
371.0,-69.65616546478594,1.1748247822505715,1.63453914005115,0.0071820381730084756
372.0,-68.03994652836906,1.1743486525716251,1.6339739030966778,0.007157830337804266
373.0,-69.31630380812717,1.1732824934495463,1.6319827315044204,0.007121303839381361
374.0,-68.6445221457305,1.1712922607406138,1.6282952576634053,0.007070254523011028
375.0,-71.08920589150225,1.173350754365432,1.632580026353075,0.0070886104852314015
376.0,-69.35876192832988,1.1735079194834652,1.6325722481363152,0.007069740438686638
377.0,-72.54859609043744,1.1788435776237443,1.6428746608241749,0.007140309923751715
378.0,-73.54621341360694,1.1777709699827816,1.639985764169613,0.007096446719469628
379.0,-75.52447622927835,1.1783608449376615,1.6412963346737568,0.0070890885742460755
380.0,-75.85103435711879,1.1762715150744154,1.6371524794485837,0.0070348247794347635
381.0,-73.86549571992506,1.1767971401888278,1.6384948932167591,0.007027920196590048
382.0,-76.13105939694351,1.1784036477223683,1.6415284554313232,0.007035550052195159
383.0,-75.82129717089434,1.1764032448618333,1.6374011223461111,0.00698198550901121
384.0,-76.53438130069782,1.1744250976524406,1.6338781107867917,0.006933916054307054
385.0,-75.29917788394302,1.1731957923837406,1.6318032507242404,0.006898398572731082
386.0,-75.61032593378086,1.1709948836768553,1.6277332894351053,0.006846293699057437
387.0,-74.13487168890465,1.170226018155558,1.6265851424001734,0.006819018622363382
388.0,-69.66587303645483,1.182376426404367,1.6501797264098426,0.007000239407336923
389.0,-69.92381629546924,1.1811795873368127,1.6460529480154442,0.006947411045308552
390.0,-72.35290642068247,1.1831726261248032,1.6501124954396595,0.0069638650833915615
391.0,-74.26158199023817,1.1837936808036413,1.6510127576398674,0.006953681443595917
392.0,-77.23690796037216,1.1880465167873377,1.6591878006223122,0.007004845185073551
393.0,-77.8738505738559,1.1865198855536079,1.655555427501235,0.0069565070394131895
394.0,-76.4041009348637,1.1857950696957034,1.654384937154785,0.006929087393125676
395.0,-72.80382171118913,1.192845069234998,1.6682225387843972,0.00702769302754611
396.0,-71.17420690627853,1.1931542287151222,1.6677421016208065,0.007005953948409533
397.0,-74.09100693704447,1.1971071930542254,1.675415935263136,0.007052810442546856
398.0,-75.86015467890813,1.1975168883687637,1.6755977378785538,0.007036661100711095
399.0,-78.12940214161114,1.1990795536219128,1.678591725009769,0.00704417544817818
400.0,-78.0720006560087,1.197077437865655,1.674420710002914,0.006991732454081453
401.0,-77.9231199389763,1.1948058142895852,1.6702965165837371,0.0069400260032631
402.0,-80.44456867656461,1.1969869334062213,1.6749233348660417,0.006961211359004423
403.0,-78.69557643047527,1.1972042571046475,1.6750048795149044,0.006944656798016682
404.0,-78.71541919387394,1.1951145236323217,1.6708797932044144,0.00689343032923167
405.0,-80.23678924634216,1.1944637277815775,1.6699416303769272,0.006868731647453078
406.0,-79.5608615448207,1.192635905973591,1.666471958557278,0.006823412257144301
407.0,-78.17008340831353,1.191745804783318,1.6650243795851378,0.006794868099541354
408.0,-79.63317583191241,1.1910777701994077,1.6638610121424198,0.006768785984664052
409.0,-80.73100354951892,1.1897826968953158,1.6614390404278634,0.006732633378189901
410.0,-81.00428497393061,1.1876616102392168,1.6575068068960328,0.006684498333106283
411.0,-81.14499968612049,1.1854434133068457,1.653519960551195,0.006636233640634043
412.0,-79.9438167264157,1.1841989338197165,1.6514467424950716,0.0066035746811079505
413.0,-78.94071715023588,1.1827392565642767,1.648802007194743,0.006566541205143509
414.0,-79.51521647575633,1.1808072422763394,1.6452745704502678,0.006522719065470634
415.0,-81.05078304398015,1.1802172191663693,1.6444300261131266,0.006500360843226968
416.0,-84.75049020704849,1.1873888032500493,1.658445209821356,0.006595780609063313
417.0,-83.4993198879675,1.18697843943374,1.6565528667571776,0.006564993780768955
418.0,-85.8723783390797,1.1887212312272721,1.6600123590731481,0.006576708907578994
419.0,-86.07410053919408,1.186865641446912,1.6561228222787217,0.006530340005886757
420.0,-82.68401164763029,1.192419338487301,1.667231830885971,0.006602522512872654
421.0,-84.37923610729572,1.1927739438395237,1.6670665617799683,0.006585570903803045
422.0,-82.3256906804659,1.19361926212845,1.6686616629162587,0.006582580958124004
423.0,-83.93146827480187,1.1934052998302982,1.6681101281843664,0.006562715565451092
424.0,-84.505967202389,1.1916042882689175,1.6646251708603732,0.006519945786969238
425.0,-83.86913351163368,1.1897305689688389,1.6612537361638275,0.0064783191922964225
426.0,-82.50545379673996,1.1888219670443927,1.659778180774712,0.006451671216336797
427.0,-82.68712623919497,1.1867858459284597,1.655951797629285,0.006406954102971169
428.0,-78.4485169612148,1.1964851799537264,1.6751618934647328,0.006541182679059087
429.0,-77.65981944276304,1.195670064907309,1.6720813071201643,0.006501990459582971
430.0,-73.22528365491387,1.2065958582041212,1.6935818322567717,0.0066548014444320295
431.0,-74.93184580666886,1.2074000579672899,1.6934686545401496,0.006638509453495427
432.0,-75.95924385244685,1.2061805576415296,1.690939598344163,0.006603410450919906
433.0,-75.6401391794767,1.2041692991522328,1.6871843187013484,0.0065589652656030725
434.0,-75.37758103249521,1.202077829430444,1.683403546269502,0.0065145919530867485
435.0,-76.8270649985312,1.2013170219463065,1.6822490256410982,0.006490738037317487
436.0,-79.5912369609501,1.204284058191044,1.6881900122048787,0.0065217059892638644
437.0,-79.18814387143017,1.202673007673122,1.6845527729462775,0.006478808321554778
438.0,-78.52155704254217,1.2008779341780387,1.6812912724209832,0.006439044060863255
439.0,-78.08990362967482,1.1989066610175412,1.6777155935227546,0.0063971127562486565
440.0,-78.02827532586234,1.196809573411469,1.673924662089888,0.0063537954066955685
441.0,-78.08220650834222,1.194708749263334,1.6701497143594664,0.006310859883201373
442.0,-78.48224762907397,1.1927155960599678,1.6665887642644868,0.0062697925714957775
443.0,-77.19073804891978,1.1917018002111357,1.6649258042440305,0.006243193544228901
444.0,-80.29331449173753,1.195842993381492,1.6731704433780314,0.00629100973616593
445.0,-80.68247619481579,1.1943573389300326,1.6696163143561913,0.006250266002610654
446.0,-82.79333245086147,1.195160925082806,1.6714244860548766,0.006249798238442524
447.0,-80.26800487889841,1.1973689174137954,1.6756153532983422,0.006267158062966804
448.0,-79.31759170288096,1.1962179423431114,1.673012984738967,0.00623379164165966
449.0,-81.11225225200808,1.196263350026143,1.6732858917041893,0.006221968167502852
450.0,-79.0033590924255,1.197179939194009,1.6750720081763912,0.006221432888195317
451.0,-78.4740622222141,1.1955416275451174,1.6717195988278541,0.006182846055542392
452.0,-78.26197895152526,1.1935530771014349,1.6680926022395919,0.006142456798336541
453.0,-76.72180108685345,1.1929981545803066,1.6673251814631056,0.006123289120574841
454.0,-74.56845228896523,1.193974473626749,1.669320172052393,0.006124461179826441
455.0,-75.81694234731148,1.1931554270740694,1.6675653383325186,0.006098188942122912
456.0,-73.54533468767582,1.1944308421592562,1.6701869438454793,0.00610399218247681
457.0,-74.03623290529791,1.1928219151972073,1.6668404924219193,0.006066282155409055
458.0,-78.20873734819372,1.2016015978591306,1.6842445203949739,0.006180129857255982
459.0,-77.74543310942157,1.20056669874584,1.680852527990721,0.006141880914897386
460.0,-76.76303788752155,1.1992223614007693,1.6783846979621793,0.00611057525890151
461.0,-78.55427346976684,1.1992407780063976,1.6786365247083879,0.006099178749101849
462.0,-78.47590415233483,1.1973995976574772,1.6750261800221453,0.0060598546517485535
463.0,-77.8952626744716,1.1956151989294908,1.671828774263031,0.0060237315742539405
464.0,-77.10827746815771,1.1940137566849465,1.6689817809682486,0.005990322978933219
465.0,-76.65500740854169,1.192179797129366,1.6656526862564836,0.005953645646423689
466.0,-73.92407717455596,1.1947390724064713,1.6709410256306574,0.005978680751896431
467.0,-74.32957327679084,1.1932222209373753,1.6675735371429588,0.005941883550810853
468.0,-73.14838929480078,1.192126866053916,1.6656755049975986,0.005915724707780395
469.0,-71.20454030328047,1.1925079730646262,1.6665931436450574,0.005909644056265351
470.0,-72.92291856485225,1.1925103248654985,1.6665376542495522,0.005896704358878132
471.0,-72.07083191532034,1.1911430773440372,1.6638670267241051,0.0058653675479231225
472.0,-73.26357676125902,1.190086319539029,1.6620213133363808,0.005839989103561075
473.0,-77.49985111564875,1.198937018612662,1.6794527198197249,0.005950551557193821
474.0,-77.48234214519486,1.1978339756800347,1.6759248184331743,0.005913103151663723
475.0,-80.32023592479953,1.2007659633221635,1.681843136925628,0.005942429279882008
476.0,-78.03347556588935,1.2023362108787308,1.684458186760136,0.005948426379335944
477.0,-77.14195602648431,1.201146973010191,1.6818732889712735,0.005917777740910145
478.0,-78.61727642328175,1.2005587270253026,1.6809114669260838,0.005898670896959497
479.0,-78.93773757341657,1.198789070900426,1.6775364735924136,0.005862767958818481
480.0,-78.48037141864434,1.196990907107471,1.674298774459282,0.0058280174348354545
481.0,-78.23838756802436,1.1951070742688206,1.6708999748849909,0.005792337605955733
482.0,-80.24541122487366,1.1955582645215952,1.6720828816803244,0.005788532429002852
483.0,-76.77818224427776,1.2008955862290513,1.682450741509499,0.005848430780177403
484.0,-77.36435904942088,1.1997603029707156,1.6793854642169572,0.005815124819429289
485.0,-79.23185657125966,1.1999527881956433,1.6799457632806667,0.0058070324435486875
486.0,-77.05813526487835,1.2009784588921153,1.681925309726275,0.005808773608825105
487.0,-77.00823134567136,1.199309484901957,1.6784886450065444,0.005773205187327675
488.0,-79.37080015474596,1.2006769115006017,1.681436249570814,0.005781652068242873
489.0,-83.09019784246821,1.207095396254187,1.693803802289061,0.005855043511528327
490.0,-81.50859009794323,1.2073210330306312,1.693232216417686,0.005839175842596232
491.0,-80.60408956149553,1.2060695858808475,1.6907342996666188,0.00581012697575035
492.0,-79.92231796858223,1.2044946926110554,1.6878420219753376,0.005778520671695326
493.0,-78.69718852487007,1.2034972310026513,1.6861381280195002,0.005755185803160131
494.0,-79.02205202645635,1.2017445212862854,1.682858241946266,0.005721236085831268
495.0,-79.39871630228203,1.1999556287141124,1.6796323337992587,0.005687832211177307
496.0,-78.42977765104698,1.1986263394924166,1.6773150214690447,0.00566073577715433
497.0,-79.07912584705898,1.1970425669009948,1.674426093173364,0.005629925183734569
498.0,-78.59076336274326,1.1953379466964924,1.6713434609181748,0.005597973876460806
499.0,-79.30830901308312,1.1937855949512062,1.6685799594271036,0.0055683181620035105
500.0,-79.80340183690925,1.1920971585481657,1.6655276619803967,0.0055368910036365
501.0,-79.42751403340992,1.1903438367902277,1.6623724143875496,0.005504944310989423
502.0,-80.6732290690198,1.1893853333504805,1.6607801126823993,0.005483480283660761
503.0,-79.17936828156061,1.188875888153656,1.6599377326004527,0.005467050151013357
504.0,-78.87872291297053,1.1872028156126704,1.6567560610572196,0.005435328011583829
505.0,-80.82536890120942,1.1875088480895486,1.6576157657045019,0.005430217444095103
506.0,-79.13460422483574,1.1874545216448298,1.6574620866492764,0.0054185021078496515
507.0,-80.13512957174225,1.186336497297692,1.6552923521057608,0.005393686556968154
508.0,-79.89953479087032,1.1846102876254532,1.6521067292430882,0.005362390264853231
509.0,-80.45891228790796,1.1829826136224264,1.649210842283452,0.005333130200598614
510.0,-78.70247693728977,1.1828986666372872,1.6493020326700114,0.005323282181936265
511.0,-75.70030141551246,1.186206660555667,1.6557460322077189,0.00535448227181954
512.0,-78.49169904436738,1.189111313943911,1.6608921401020063,0.0053773152067302585
513.0,-77.30289839834334,1.1884686097384398,1.659186480458084,0.005355836141896662
514.0,-75.0042810569133,1.1896723071845865,1.6616340485986558,0.005361218857208466
515.0,-70.73932677384761,1.1981123625886756,1.6779080137815112,0.005456153687426775
516.0,-69.63508657146856,1.1977971792538198,1.6759856723604922,0.005433129543438397
517.0,-73.9046063709312,1.2061435990423997,1.6923780839782554,0.005529234708745001
518.0,-72.62477337031413,1.20605720766219,1.6909008717413865,0.005508951364269328
519.0,-72.48648929411944,1.204409335837223,1.6876760678603755,0.005477404826978191
520.0,-73.14202592265003,1.2028628499214709,1.6849060685155604,0.005448960575279389
521.0,-74.18447988693164,1.201688605792228,1.682851389637665,0.005425265899627241
522.0,-73.82935061657797,1.2000237214609124,1.6797748469167615,0.005395111924157227
523.0,-70.59001839793315,1.2039645482577215,1.6877660906986263,0.005436172475023136
524.0,-69.74261695067909,1.2030400476028709,1.6853255310424196,0.005410137420158883
525.0,-68.86849121235154,1.201749454435113,1.6829420654219698,0.005384589345183965
526.0,-71.5641005790275,1.20395418144491,1.6874745907741047,0.005403359572121882
527.0,-70.22034432770533,1.203486778764363,1.6862047727473188,0.005385012378098177
528.0,-69.97772836443474,1.2018595542959534,1.6830856775571803,0.005354966725894353
529.0,-72.68738209859347,1.2040643153178354,1.6876731115756898,0.00537403873874636
530.0,-74.84959276295632,1.2051455253643562,1.689444781489994,0.005375185818651174
531.0,-76.55675651316041,1.2051881087981084,1.6893544390979367,0.005364508309962226
532.0,-76.89290145883791,1.2036421590464013,1.6863100089159722,0.005335162187936559
533.0,-78.23994498142221,1.2028802020300362,1.6850643975309958,0.005317307160723779
534.0,-80.6339399699119,1.2042759234809366,1.6879263793784782,0.005325412078881753
535.0,-79.89932409025323,1.2030773492846492,1.6853485783929205,0.0052992534154683545
536.0,-79.9237377587865,1.2013828866432283,1.6822165825722102,0.005269744191212152
537.0,-76.80752819869356,1.2048032538697409,1.6891975328008892,0.005303695733867307
538.0,-75.4676706017517,1.20444086716945,1.6879414622871816,0.005285985862909442
539.0,-75.81995545013652,1.202888181423835,1.684950491770604,0.0052575151105888895
540.0,-77.27393532597274,1.2022924398207953,1.6840323360872698,0.005242079314209883
541.0,-76.55254636899775,1.2009371507903168,1.6814689613601543,0.005216490531397779
542.0,-78.94862041799763,1.2022661698992574,1.6842930027942407,0.005224388433262689
543.0,-80.07099415171258,1.2014607175507548,1.6825003054048904,0.005203689848690348
544.0,-79.62338322908387,1.1999283472486098,1.6796245971676613,0.0051764014447901446
545.0,-83.68007421180803,1.2068303607256956,1.6933973673882128,0.005252004842266172
546.0,-84.8666093005931,1.206549572960089,1.6917576611989662,0.0052322559126606865
547.0,-86.35894131514235,1.206122411483309,1.690963693261679,0.005217806956075142
548.0,-87.12611987364602,1.2048300023476683,1.688492381634526,0.005193090205533395
549.0,-85.15366859986108,1.2051864284554916,1.6894019262023217,0.0051892343059202085
550.0,-82.65087446163395,1.2069103311135494,1.6927318021632407,0.005200255814981511
551.0,-81.15190783857001,1.20666066559867,1.6919634983885026,0.005186124057751922
552.0,-81.06651192835464,1.2050905516917336,1.688916836534582,0.005158119494990922
553.0,-85.06928039618997,1.2116841737727566,1.7021253457082477,0.005229658289715563
554.0,-84.34372580458124,1.2109357688976345,1.6996012640339027,0.005204764786857008
555.0,-85.76337955133246,1.2103650173236284,1.6985997857629007,0.005189282791715418
556.0,-83.0921694042428,1.2124481381141174,1.7027958054405907,0.005205589865396893
557.0,-81.29068477270037,1.2127457417774403,1.7030451143000258,0.005197782547206429
558.0,-82.59464531099937,1.21210227969845,1.7017276133196484,0.005180459516877615
559.0,-83.68356683984102,1.2111182453663911,1.6998931539664972,0.005160065598039581
560.0,-83.45890624410548,1.2095272446585306,1.6969193199579675,0.005132861280653495
561.0,-83.29890884809126,1.207877290012723,1.6939309717334443,0.005105697752665144
562.0,-82.32426935445989,1.206697284643593,1.6918785109353662,0.005084285782886095
563.0,-77.77035835918868,1.2156047513767316,1.709583277838228,0.005182047843730674
564.0,-81.29921327846075,1.221139551942899,1.719103571149937,0.005230649713876932
565.0,-85.26869646586138,1.228107168081323,1.73199855945753,0.005300033586506996
566.0,-81.54349382205595,1.234247375354256,1.743057121184781,0.005358462306372091
567.0,-83.1346972905397,1.2345201316798637,1.742579604190928,0.005346098022785584
568.0,-81.27200155843114,1.2347835172875254,1.743058214565219,0.005339634339830033
569.0,-81.40170193426552,1.2332825162918108,1.740022690704798,0.005311717480995728
570.0,-82.21633088738314,1.2319645034337998,1.7376535747689776,0.005287985894759032
571.0,-82.45093983899817,1.230356291586724,1.7346766570944898,0.005260669763406493
572.0,-79.8853755918986,1.2320343291106812,1.738284844944799,0.005273358118961193
573.0,-76.99301568190663,1.2348925673209161,1.7436923111063554,0.005296973651239412
574.0,-77.91556489341903,1.234045386032399,1.741523962477165,0.005274618629360289
575.0,-78.17039616645032,1.232490518336131,1.7385710555859453,0.005247620339099355
576.0,-77.5776091700043,1.2310237068692167,1.7359154543741273,0.005222534600927093
577.0,-78.65371969635004,1.2299734185731408,1.7340745702299973,0.005202447431000606
578.0,-78.28954516492215,1.2284468952150378,1.7312169540167262,0.0051763594851035434
579.0,-78.77578086969626,1.226935625208827,1.7284720513896028,0.005151061435232728
580.0,-80.41921503264197,1.2266584832166563,1.728175816125504,0.005140433135010416
581.0,-80.84643465693742,1.2252325967921993,1.72539187723683,0.005115080979441292
582.0,-79.82456863848478,1.2241409985795415,1.723465749228371,0.005094912845220085
583.0,-82.26395609478008,1.2255105542075784,1.7263631639983663,0.005103304407552141
584.0,-83.0633904896284,1.2244565658456787,1.7240447699746924,0.005080906613465112
585.0,-80.58079551355833,1.2259293998824372,1.727141486294564,0.005090473914129345
586.0,-81.10245451721912,1.2247066876410324,1.7244706238234284,0.005066096988807435
587.0,-79.01419218768322,1.2252730336943063,1.7257985631883874,0.005065273266501874
588.0,-79.44785985233784,1.2239384146787846,1.7230568548926124,0.005040619567389509
589.0,-79.05548470791291,1.2224304484769355,1.720290976888909,0.0050159339748566045
590.0,-77.56635669631079,1.2219207757610362,1.7195329333610634,0.005003034702052966
591.0,-74.72216702560652,1.224361901564046,1.724452111751343,0.005023201158317004
592.0,-74.45155856379161,1.223136849399231,1.7216198626023882,0.004998271418730296
593.0,-72.55996585367393,1.2233147834461753,1.7221773391768074,0.00499308886796988
594.0,-72.2116053665375,1.2219306483229488,1.7194046679808634,0.004968659516427535
595.0,-71.6860172670921,1.220493696874467,1.7167897828835192,0.004945246910424902
596.0,-74.25255634020019,1.222107442932065,1.7202222694182587,0.004956724717257127
597.0,-71.91793855546246,1.2234260326255202,1.7225682468582202,0.004961942082080605
598.0,-69.66932986623324,1.224529138468924,1.7245362110439544,0.00496498354457736
599.0,-69.19723334420323,1.2232820628853858,1.7218799489413787,0.004941450930943941
600.0,-66.48121336175937,1.225282523326134,1.7260526055157164,0.004957167382708142
601.0,-68.011130648757,1.2251323220925363,1.7254236097068485,0.004945326632780417
602.0,-65.8698192424211,1.2258806625161596,1.726933065116025,0.004945767514744659
603.0,-67.25215810779503,1.2254212346152062,1.7258968108306423,0.004931655300720831
604.0,-68.8239227601807,1.2251290696328636,1.7253940529432852,0.004920635765176952
605.0,-70.67120641518008,1.2253014997155067,1.7257848285816881,0.004914741377166215
606.0,-70.0592948727331,1.2240636918301977,1.7233006422588402,0.0048925290010045
607.0,-68.33362672665851,1.2239487137929586,1.723279727684583,0.004884363519487912
608.0,-68.3525109390933,1.222514166856053,1.7204550147664126,0.004860370209909519
609.0,-68.02044028514541,1.221024071685212,1.7177427089661397,0.004837114777387429
610.0,-67.09633555048093,1.2198845025451126,1.7157348716108225,0.004817915138562039
611.0,-67.92300798417884,1.218696528514188,1.7135735173360351,0.004797931698227764
612.0,-69.7141648839902,1.2186949494236676,1.7137671424326548,0.004791187305843046
613.0,-70.88979384641829,1.2179348513469348,1.712264325066096,0.0047749985649740275
614.0,-68.30090095659169,1.219606671193438,1.7156946209460335,0.004786354524135209
615.0,-67.21030742896987,1.21889719469071,1.7140164187919837,0.004769240720598209
616.0,-66.05586294392856,1.2180583174981865,1.7124750203380876,0.004752950883763264
617.0,-68.2476076724869,1.2188295708379155,1.7141382814354293,0.004754482278126872
618.0,-68.44811966982785,1.2175144997348415,1.7114105952331375,0.004731706341641748
619.0,-68.72948340544566,1.2160465968355714,1.7087274218581552,0.004709273229370997
620.0,-72.08474796676433,1.2197527685731357,1.7162888061906172,0.004743393343406142
621.0,-69.1422488406325,1.2226840257643559,1.7214855908125304,0.004764489773915059
622.0,-69.84276618001351,1.2217632199354145,1.7191781052786228,0.004744098487430811
623.0,-68.47495412303549,1.2211628614989025,1.7181428038111963,0.004730792779308012
624.0,-69.06908330513784,1.219889290294041,1.7157211040018483,0.004709918250747714
625.0,-69.36603204348535,1.2184399646653103,1.713065134359392,0.004687846892264794
626.0,-67.91681903938496,1.2179046530096602,1.7122469123518067,0.004675900301209403
627.0,-69.32775913009017,1.2173966667691563,1.7113311027905493,0.004663462011748914
628.0,-67.01321397212048,1.2184342290193246,1.7134653260724477,0.004667668400083561
629.0,-67.20535841490312,1.2171640424584174,1.710783269073043,0.004645681577365473
630.0,-63.349541813815165,1.2224767011042892,1.721490818358736,0.00469656202487073
631.0,-66.17219128993588,1.2251858904145136,1.7259948954106124,0.00471369996674603
632.0,-65.26129431370617,1.22441946331832,1.7240255151674226,0.004695519710818795
633.0,-66.08467656251113,1.2232949026448239,1.721924053593923,0.004676691555749729
634.0,-67.74801215678171,1.223093916765606,1.7217134138860537,0.004668184377252235
635.0,-68.217745551063,1.2218133971900178,1.7192093598625817,0.004647296891570924
636.0,-67.49176346854142,1.2205839451658145,1.7169880686639607,0.00462801888215761
637.0,-69.84382585323611,1.2216266139545862,1.7192558965530182,0.004632979369643139
638.0,-74.16176141389052,1.228787685239026,1.7332652421170174,0.004701421595510114
639.0,-71.99067261131687,1.2301544524329682,1.734810626723953,0.004702449860303678
640.0,-67.65436943103755,1.2374291136778648,1.7490460258814415,0.00477248362036141
641.0,-70.69609274491214,1.2408748919667776,1.7547165491161292,0.004795997146015602
642.0,-71.47216399716908,1.2400780039840114,1.7525389071357849,0.004776660374843999
643.0,-71.19035239888984,1.2386852085785456,1.7498937199743818,0.004754857191313324
644.0,-71.26671620026994,1.2372113229235375,1.747190171376191,0.004732827123959014
645.0,-70.83077252114552,1.2358170670944086,1.7446607863053567,0.004711828574723878
646.0,-71.04683631050781,1.2343682815244277,1.742010303478383,0.004690262592619549
647.0,-73.22446346534723,1.2350269783779526,1.7435687760228988,0.00469140752580554
648.0,-74.22583539864817,1.234186721465388,1.7417829721175055,0.004674588477593977
649.0,-73.54552402595853,1.232979110711194,1.7395201815575367,0.004655277633916871
650.0,-72.13710345747528,1.2324221997261748,1.7386162540297732,0.004643297202421691
651.0,-72.59600214642144,1.231131089832917,1.7361406425948822,0.004622982102560998
652.0,-74.54207984093736,1.2313714668962739,1.7368371162155358,0.004619606689531239
653.0,-74.39818309736762,1.230068100783305,1.7342037586165897,0.004598566783486096
654.0,-72.10765614925121,1.2309530435362945,1.7361832182809813,0.00460203384342062
655.0,-70.76164441958394,1.230501446529813,1.735136569016812,0.00458948005051743
656.0,-71.49541521143689,1.2293750463508026,1.7329728455427802,0.004571072881870077
657.0,-69.0545415336395,1.230584039874476,1.735565445316059,0.0045777924239743615
658.0,-66.59119429060122,1.2320381375056464,1.7382549454480603,0.004585023149278663
659.0,-64.21199200394813,1.2333327903340419,1.7405873759201134,0.004590370323049191
660.0,-64.9919510882024,1.2323896750367473,1.7384912725847395,0.004572393199475501
661.0,-66.2644666995946,1.2317029833606221,1.7372844263075942,0.004559149815545176
662.0,-67.68394594471549,1.2312128809627783,1.7364252747786453,0.004547771847496371
663.0,-66.84656501203091,1.2301654623159317,1.7344244229325412,0.0045304639741940945
664.0,-67.65442515054148,1.2290516371409619,1.7323867074598216,0.004513028126591701
665.0,-66.32115191510809,1.2284246353917827,1.7313283686038183,0.004500747627526064
666.0,-68.57254199170669,1.2292712813880893,1.7331155657685522,0.004503282705111317
667.0,-69.45904900214501,1.2283805776104693,1.731203623549153,0.004486625727828919
668.0,-67.70164697075758,1.228343439927715,1.7312797484634337,0.004480313254767727
669.0,-66.44054154599957,1.227730028618955,1.7300674099123463,0.004467363049016141
670.0,-70.1741917329932,1.232405656321688,1.7394556883498062,0.004509249018975407
671.0,-72.78602740775311,1.234449414880601,1.7427489987914675,0.004519604274983128
672.0,-73.21159728880339,1.2334029530191113,1.7403194241049518,0.00450031455856908
673.0,-71.88562927692482,1.2327776550706808,1.7392521475101772,0.0044881276448349595
674.0,-72.58452371063963,1.2316424866878561,1.7370981890238126,0.004470385360458977
675.0,-71.05764722241183,1.2312584820427201,1.7365262353795297,0.004460833381895565
676.0,-72.35253640934665,1.2306580121168893,1.7353964857484367,0.004448450461961631
677.0,-75.56478803910846,1.2337422974379566,1.7416312920156722,0.004473863653876372
678.0,-74.97700452583331,1.2328634901615483,1.7393650534397667,0.004455656537743037
679.0,-73.97242498711023,1.2319370843315722,1.7376700918588142,0.004440437276677382
680.0,-77.12097411507268,1.2348090353699241,1.7435413966853284,0.004463930399347174
681.0,-74.77720144139298,1.2361152636592894,1.7456633542790294,0.004468241270487848
682.0,-76.55987285511308,1.2363021110534105,1.7458148108571732,0.004462473431637287
683.0,-74.71626495504954,1.2364879742406951,1.7461537012219044,0.0044576794565657244
684.0,-75.63364441411308,1.2355854719457038,1.744322352114033,0.004441840099393624
685.0,-77.30588462094384,1.2354219251170035,1.7441499642147487,0.004434488480568963
686.0,-77.69279519788068,1.2341995881243093,1.741741363336576,0.004415812193242437
687.0,-78.34152036858356,1.233004215319618,1.739568045694306,0.004398396781396377
688.0,-76.71551308451674,1.232752074436787,1.7392687139263,0.004390501682500501
689.0,-76.71410099714218,1.2314662614881917,1.7367516841753505,0.004371458568820169
690.0,-74.72941780958689,1.2317516766685466,1.7375370905770557,0.004369081246209812
691.0,-76.32024978647526,1.2315787187797915,1.737144925978429,0.0043607984015211
692.0,-75.50183237767229,1.230586841749868,1.7352006951725212,0.004344764000760752
693.0,-76.35497885758564,1.2295516958098625,1.7333097329463438,0.004329052781450325
694.0,-78.14909047531553,1.2295553027840607,1.7334913173503903,0.004323729708387326
695.0,-77.6141259074182,1.2284237244156841,1.731241498570693,0.004306317710306463
696.0,-73.78331404771282,1.233186727635251,1.7408936663228283,0.004348222033634059
697.0,-77.08927537881388,1.2368895249266536,1.747477703415257,0.004374897312225589
698.0,-76.28772624896159,1.236218495836909,1.7455159915142258,0.004358835588886826
699.0,-75.19824506770736,1.2354063000936417,1.744011134711344,0.0043451069114245
700.0,-74.80149135384801,1.234155950205531,1.7416571419145328,0.004327203423654636
701.0,-75.04516616006568,1.2328301247826623,1.739228711374068,0.004308997878159404
702.0,-68.56607433657231,1.2488416699317066,1.7713262520655535,0.004463153188131722
703.0,-68.54691788750897,1.2488939722608765,1.7688140400320673,0.004444180551441141
704.0,-68.64727057555895,1.2476531482599342,1.7663170480736015,0.0044253559068304135
705.0,-70.62039207100285,1.2479166312763663,1.767060774059448,0.004422809885580134
706.0,-69.86665004376127,1.2469302567951184,1.7650375821036886,0.004406446486900192
707.0,-70.1494677445272,1.2456357383471912,1.7626144797398524,0.004388149440944337
708.0,-71.6226675651584,1.245181000524943,1.7619278352958203,0.00437854682198902
709.0,-73.57832302896746,1.2454819929060623,1.7626089309885558,0.004375760906479746
710.0,-71.87322377767649,1.2454697019775236,1.7625325087927755,0.004369227629467448
711.0,-69.5660044415538,1.2464245500387008,1.7644468705710465,0.00437257409981455
712.0,-67.21703849414062,1.2475416318717336,1.7665208714524572,0.00437671246742938
713.0,-68.7121720302162,1.2473236140595971,1.7658912618837146,0.0043674677154023215
714.0,-67.75384582932793,1.2464509963814994,1.7641799449993332,0.004352910319353636
715.0,-68.34266790823018,1.2452894131832464,1.762003797236056,0.004336113661276928
716.0,-67.81643533354016,1.2440766583751084,1.7597762706155116,0.004319124857212605
717.0,-65.78290912712536,1.2444348215351708,1.7607023230427485,0.0043176499587299876
718.0,-67.53723879421464,1.2444971842527457,1.760765662757448,0.004311955103123332
719.0,-64.83624310533858,1.2462493170162054,1.7642622769679503,0.0043230852526835225
720.0,-64.3990592162535,1.2452574208689167,1.7619743882523584,0.004305899784822846
721.0,-65.49412702227936,1.2444410675709607,1.7605114695958382,0.004292798662851105
722.0,-62.99658399016239,1.2456817859761866,1.7631356813095815,0.004299650664878288
723.0,-62.68735539622176,1.2446126311303156,1.7607812877733986,0.0042822524079736855
724.0,-60.43204022329243,1.2453628636644438,1.762467927029248,0.004284542336285206
725.0,-63.128612664333126,1.2471508799276774,1.7659198581454816,0.004295417280155038
726.0,-63.31217131634136,1.2461075824285786,1.7635213892711823,0.004277864773613426
727.0,-65.42158789883736,1.246600775963183,1.7646902196257552,0.004277653257201643
728.0,-63.887536206723524,1.246383127536312,1.764169150801087,0.004269263090038723
729.0,-60.06211453539628,1.251035585538161,1.7735279831912951,0.00430876918789395
730.0,-58.98790000560435,1.250689565140056,1.7720371934354517,0.004295644069656077
731.0,-61.208456767553116,1.251434465790576,1.7735931233201967,0.004297312250121162
732.0,-60.98364026126829,1.2503159672531952,1.7712174940355658,0.00427996099751382
733.0,-60.0260931096795,1.2493850456320366,1.7695441689078701,0.004266057991438481
734.0,-62.31977641796525,1.250207484599699,1.7713560616288775,0.004268982717101181
735.0,-61.02205156373442,1.2497531837625906,1.7703018440786926,0.004258109536886439
736.0,-59.978787400040076,1.248952086914351,1.768773328229569,0.004244991976467173
737.0,-61.100149059685904,1.2481895909039924,1.7673830603353133,0.004232578430840404
738.0,-60.46952191219541,1.2470904031082166,1.7653113067278416,0.0042169472390543436
739.0,-60.89485641237493,1.2458782400218733,1.7630726281094793,0.004200574448633604
740.0,-58.82090226759328,1.2462880158570542,1.764103174646211,0.00419981108069749
741.0,-58.62607173161681,1.2451531436849463,1.761758919260256,0.004183011441500089
742.0,-58.535231221098876,1.2438756848403052,1.7593974769657859,0.004166190419856761
743.0,-58.620774234360226,1.2425881965558683,1.7570416298408866,0.004149456033593978
744.0,-54.238209527437604,1.2488396484215747,1.7697650008102472,0.004204118333010596
745.0,-53.69805816902406,1.2483014148844571,1.7676262898066213,0.0041883414214685276
746.0,-51.699819864468616,1.248644601064157,1.7684084045554904,0.0041864367942469815
747.0,-52.86919093258232,1.2480336038595516,1.7671235674562789,0.004174766982164981
748.0,-55.55692926147506,1.2496352547981828,1.7704408982344084,0.004184861113672975
749.0,-56.06371880670447,1.2486987428513625,1.7682852881574687,0.004169110480418856
750.0,-54.72527732819187,1.2481451433056505,1.7673379521010095,0.004159099117092664
751.0,-51.52096885278727,1.2509328676691072,1.7730236551222642,0.004180336278754141
752.0,-51.046582085529415,1.2500886716660555,1.7708485742347133,0.004164548038338801
753.0,-51.49706429876603,1.2489256210570858,1.7686617359416446,0.004148759066557177
754.0,-51.62287980425411,1.2476645568616562,1.766334580278181,0.004132368012564897
755.0,-51.81564520091038,1.2464057717232984,1.7640301453201095,0.004116140679362549
756.0,-50.369040129157625,1.2459455650918754,1.7633262323693852,0.004107423251997373
757.0,-48.52962197944782,1.246054133915479,1.7636231514135419,0.004103386042482629
758.0,-47.58345056777619,1.245250755541146,1.7619950821385468,0.004090417219341798
759.0,-47.62670628510432,1.2440258353283289,1.7596811581222422,0.004074312866118994
760.0,-50.31190433219715,1.245539605858527,1.7629218924247205,0.0040839600509728746
761.0,-52.89953681998193,1.2470903426194586,1.765768546010792,0.0040917828846208214
762.0,-52.40532236196737,1.2461642371642592,1.7636455088424055,0.004076599581729996
763.0,-52.44984189687472,1.2449340213085105,1.761341612940925,0.0040606338710436375
764.0,-53.697742918158504,1.244275438084267,1.7602357554733588,0.0040502351828063604
765.0,-55.25262755154778,1.2439961518074865,1.7597902425849714,0.004042900388899833
766.0,-55.41025571775333,1.2428366409343878,1.7575178266972913,0.004027208489124864
767.0,-56.451023509491215,1.242006629970803,1.7560575415741788,0.004015283970468162
768.0,-56.567349365930966,1.2407997707559337,1.7537872338957545,0.003999700470449574
769.0,-56.31689825479411,1.2395814531859901,1.7515601012243653,0.003984367257404037
770.0,-55.324671958404785,1.2387136168425663,1.7500357891975449,0.003972276606319421
771.0,-54.129844067613334,1.2380448821274581,1.7488491595354532,0.00396175308653868
772.0,-54.76153007204549,1.2370060609627946,1.74689019210212,0.003947768878735553
773.0,-52.93610913406227,1.2370423095502614,1.7471396877896421,0.003943794688177892
774.0,-51.876499584223424,1.2363391135097697,1.7457308489454482,0.003932356383173929
775.0,-50.31338987146309,1.2360699632997247,1.7453138979242098,0.0039254131472775755
776.0,-47.14949237944268,1.2386762372398095,1.7505559495854488,0.003943946116639655
777.0,-47.22347082220592,1.2377732099046517,1.7483128658521967,0.003928789044864166
778.0,-48.17422961298766,1.2369108960870807,1.7467467951363047,0.003916719340589154
779.0,-47.331354153114006,1.2359814054648357,1.7450398750576688,0.003904056622488826
780.0,-47.791583397890484,1.2348617519801097,1.7429659147700567,0.0038897953649810763
781.0,-47.34422229651889,1.2337235784274214,1.740888398518239,0.003875565749482607
782.0,-47.74674003158649,1.2325718022376986,1.7387877970483003,0.0038612809746667704
783.0,-47.05029945150317,1.2315408509221477,1.7369308851164031,0.003848123596519454
784.0,-48.01609877475042,1.2306878350931614,1.7354081175888496,0.0038364857765519414
785.0,-46.274238201705906,1.2306280449389853,1.7354331123734474,0.003831715124074034
786.0,-46.010287267920525,1.2295412749194592,1.7332819314299472,0.003817364998502578
787.0,-46.03273592513343,1.2283439732336912,1.7310854919085255,0.003802864188193124
788.0,-43.361690863058584,1.229762748276185,1.7341052066121585,0.0038113065495556362
789.0,-43.87890741037469,1.2288775512968615,1.7321084086458507,0.0037977209358248877
790.0,-42.740697926009474,1.228177107836154,1.730865816537556,0.0037874797406551456
791.0,-44.350549287317435,1.2279682871470419,1.7305686592894527,0.0037813988440844617
792.0,-43.98706198781016,1.2269016261397017,1.7284850911246037,0.003767541879243417
793.0,-42.51135976268921,1.2265111815694136,1.7278890946658163,0.0037602024225000686
794.0,-39.67294028458826,1.228321688183415,1.7315478613026358,0.0037713937056373993
795.0,-37.58280965964126,1.2289724029467548,1.7325391865796584,0.0037709698907463624
796.0,-36.05986108844329,1.2287794302408725,1.7320466466634996,0.0037640973478271942
797.0,-37.13196423629401,1.2280901072284487,1.7307094220439903,0.003753577823999803
798.0,-34.518900357088775,1.2294216126569055,1.7334698820525258,0.0037608483504170185
799.0,-38.22135162635473,1.2334199062460902,1.7411948649922995,0.0037896994473444402
800.0,-37.07161997536957,1.233145015727706,1.7399805374573962,0.003779690725006903
801.0,-39.41611747731325,1.2340272658490008,1.7417838084852881,0.0037828065280567516
802.0,-38.97065442612498,1.2330863388021385,1.7397607123444496,0.00376932420450469
803.0,-38.07640067779494,1.2322099949849539,1.7381755982764375,0.0037577791174672284
804.0,-39.26925892755623,1.2315658344221614,1.737041884729486,0.0037482167817448012
805.0,-40.35150776588388,1.2308516526949316,1.7357297696449054,0.003737912944456026
806.0,-40.90030017842651,1.2298193803043687,1.7337972429419295,0.003724972589384184
807.0,-47.271044126557015,1.2432391602980197,1.7606473071291107,0.00383648383675865
808.0,-45.00582935851645,1.2451072281898476,1.7621928173849501,0.003838471601536599
809.0,-46.18184202577479,1.2446830106787037,1.761021701435908,0.0038286388060842225
810.0,-49.056869748054154,1.246547961575458,1.7648283447423017,0.003840467430833357
811.0,-47.71071646328942,1.2462786540560715,1.7639688864119971,0.003832002749051208
812.0,-46.118574196055214,1.2460876986268052,1.7636329213796078,0.003825831588405867
813.0,-46.52341134470331,1.245050019593869,1.761587173709723,0.003812271954027777
814.0,-44.619532199580554,1.2451849445675134,1.7620366717233966,0.0038095377085865826
815.0,-46.05713119617436,1.244861463561922,1.7613657166710763,0.0038019720439512426
816.0,-44.62991309372207,1.2444883413507104,1.7606744722118202,0.003794338552139989
817.0,-45.92947169087596,1.2439868405053907,1.7597348972515126,0.00378565636748752
818.0,-41.57876740157279,1.2496373260586444,1.7711290773662363,0.003830156542969689
819.0,-43.21832802430024,1.250004407349804,1.7709051427916667,0.0038245183228853333
820.0,-44.70853171348683,1.2497573281739305,1.7703455271012185,0.003817446145343838
821.0,-43.60426872907446,1.2490996877340368,1.7690687760228834,0.003807304542942947
822.0,-45.59043445569475,1.2493797807489093,1.769744900513235,0.003805585677876792
823.0,-43.58497593540244,1.24976814637714,1.7704756058650741,0.00380410663951857
824.0,-42.19039713506182,1.249426031902497,1.7697217403374064,0.0037962606523913437
825.0,-40.1874850416414,1.2497560665186982,1.7704433368848937,0.003794757396029198
826.0,-39.89735991514476,1.2487489529834397,1.7683651139398624,0.003781275908342857
827.0,-38.63374168515754,1.24816412001047,1.7673672956523114,0.0037724482581417457
828.0,-36.344644847394974,1.2489064376657586,1.768957128435739,0.003774679520197365
829.0,-37.95086921853295,1.2488218176871708,1.7686591174997737,0.0037688615348374435
830.0,-38.177515038299184,1.2477728361029945,1.7665697246659944,0.003755437535627542
831.0,-37.22668983705741,1.2469429056113572,1.7650880690503634,0.003744634484980698
832.0,-37.835765173880006,1.245945675628768,1.7632333607148414,0.003732283174475095
833.0,-36.87671607751349,1.245128513425887,1.7617691018807624,0.0037216191466927437
834.0,-35.65202973893705,1.2445317379520202,1.760715286768472,0.0037127165521678835
835.0,-38.139965695398885,1.245597708436732,1.762951920590184,0.0037177027204696395
836.0,-40.26598697907045,1.2462212905409817,1.7640178993299447,0.0037177528663756647
837.0,-41.07869230766521,1.24545652187036,1.7623782820182194,0.003706416717099631
838.0,-37.9793367259005,1.2476974375033554,1.7669980864634305,0.003721432941079172
839.0,-37.40254313650288,1.2469574593185995,1.7651300354902766,0.0037091476692736962
840.0,-37.170299293436216,1.2458661076767723,1.7630713712134727,0.003696100665865107
841.0,-38.34871838839125,1.2452109606368595,1.7619480165346562,0.003687008091413788
842.0,-37.7040864171989,1.244256328769605,1.7601495648504786,0.003675120392222217
843.0,-38.96619756267949,1.2436858747826602,1.759172547036573,0.0036666920026624927
844.0,-40.53005826520703,1.2434447672345552,1.7587882879534589,0.0036607529489257502
845.0,-40.29494016759241,1.2424053116041112,1.7567500593803245,0.003647955994246778
846.0,-40.626864581992514,1.2413178955976596,1.7547544980239733,0.0036353758539968907
847.0,-41.479832403723805,1.2404411040646153,1.7531888818395798,0.003624612329488109
848.0,-42.51387748472125,1.2397014399477027,1.7518614238861514,0.0036148627190817594
849.0,-44.12032698520423,1.2394939736316226,1.7515736502713048,0.0036094238262644037
850.0,-42.56315898685928,1.2392788379826036,1.7511794487784917,0.003603559884634714
851.0,-43.92725618473281,1.2388700109121318,1.7503998350165473,0.0035961262704529997
852.0,-42.86020782158761,1.2381980199816094,1.7491280820424386,0.0035866929043252755
853.0,-42.80291682748831,1.237116594855447,1.7470845564024873,0.003574126987377138
854.0,-42.18458130408434,1.236131269536623,1.7453036778902546,0.0035626724304763154
855.0,-41.70941172674913,1.2351025492615326,1.7434204197309418,0.0035508349999238474
856.0,-41.28292839545284,1.2340569463921283,1.7415116539085413,0.0035389298024495483
857.0,-39.2099796379294,1.2344078973289268,1.7423881464725202,0.0035383641642983037
858.0,-35.89116639648438,1.2371544580522675,1.7478007811130478,0.0035562369854009084
859.0,-36.08620604451189,1.2363817888617727,1.7457965573226435,0.0035439600227437137
860.0,-38.3085983629859,1.2369720970996192,1.7471055123355286,0.0035451540897017296
861.0,-38.17911601707528,1.2360130439835404,1.7450923703352286,0.0035328855928100076
862.0,-40.41306685241963,1.2366032391860484,1.7464324289086355,0.003534213474789938
863.0,-36.8036346501689,1.240037382693065,1.7531814100730063,0.0035574595562796007
864.0,-36.91711619508209,1.2393186793478002,1.7511656423791564,0.003545180470577114
865.0,-37.08409636156778,1.238254808021781,1.7491646153613865,0.0035329986739403548
866.0,-36.13189210477094,1.237459124051807,1.747758476039664,0.00352325223825662
867.0,-35.73640930761115,1.2364355550025146,1.745852100669923,0.003511520227435004
868.0,-34.27423157358884,1.2360588945338118,1.7452754352826776,0.0035051626524754196
869.0,-32.41591584339958,1.2361786582258283,1.7455782037742917,0.0035023485810251526
870.0,-31.672147662703974,1.2353700221841097,1.743945522966674,0.0034917864375149325
871.0,-30.908613996887862,1.2344934884475793,1.7423360658412732,0.003481347438453263
872.0,-31.59801733004812,1.2335766688558834,1.740658363082352,0.003470666136275524
873.0,-33.87367679107273,1.2342240357657723,1.742102937943132,0.003472451540492097
874.0,-34.44121477113022,1.2333877861409932,1.740327759740289,0.0034614179557973185
875.0,-35.82141940918687,1.232952772038418,1.7396033968380649,0.0034545890163133943
876.0,-38.473137866656536,1.2342532528273293,1.7422659834593814,0.00346122093172142
877.0,-40.090748677646175,1.2342361038561014,1.7420127772003868,0.003456273936138274
878.0,-36.71466577481116,1.237016355300713,1.747554179370342,0.0034743408530543223
879.0,-36.43967347129807,1.2362817440378209,1.7456205808779282,0.0034627172868006762
880.0,-31.990968269065313,1.2417742936418699,1.7566976605542513,0.0035028225545933934
881.0,-31.287608449074785,1.2414047737116203,1.75503631868949,0.0034922363717904276
882.0,-32.80358044260539,1.2411405159322977,1.7545718473100402,0.0034864352971381283
883.0,-33.49884101443195,1.2402857076529805,1.7529087270607044,0.00347589254005156
884.0,-36.86562783494203,1.2429639417774458,1.758405511416079,0.0034937739464163194
885.0,-35.68518007349825,1.2426608373078074,1.7573439674927653,0.003485618307091663
886.0,-35.42039188557299,1.2416683651090805,1.7554112269915043,0.003474034471079841
887.0,-34.72172721746318,1.2407559505732335,1.7537579142426827,0.0034635887632532033
888.0,-33.47996444134871,1.2401983320420291,1.752800201195237,0.0034559151240833104
889.0,-32.04562282330786,1.239841111091749,1.752182034608559,0.003449597620679764
890.0,-30.671625569438454,1.2394459418541302,1.7514538243585718,0.0034428625127500188
891.0,-30.051774470962897,1.23855575206219,1.7497436961187791,0.003432290361106958
892.0,-33.35115622410673,1.2410569154537783,1.754888310103414,0.0034486371567050574
893.0,-32.70218018305789,1.2404257959823677,1.7532028328120839,0.0034381657415887197
894.0,-32.66421099562932,1.239392627392072,1.751247073502879,0.003426666270896533
895.0,-36.53934304373354,1.2432202049884615,1.7590669708352935,0.0034534783570130084
896.0,-33.619100185867694,1.2453481841252565,1.7626770013452466,0.0034638017960662995
897.0,-32.89484831755632,1.2447225301193052,1.7610591374544795,0.003453596086427522
898.0,-31.770396756035574,1.2441030300158649,1.759927082039758,0.0034453207275828438
899.0,-29.86461267294757,1.2442552971065828,1.7603385445322723,0.0034431019904066656
900.0,-32.269887341943104,1.2451736590958964,1.762150516710277,0.0034463645322334023
901.0,-29.71231195725036,1.2464027769537858,1.764454103148332,0.0034515502019035306
902.0,-28.207726325704897,1.2462692389093695,1.763975161554005,0.0034458564458244487
903.0,-29.551105007329813,1.2458700625115378,1.763198531272681,0.0034390144476572336
904.0,-29.88491710864118,1.2449001251346952,1.7613246814859567,0.0034279167222227695
905.0,-31.737422318828067,1.2449560105059287,1.7616041112274714,0.0034252196961297235
906.0,-30.732186419970517,1.2443182124381877,1.7603175069989867,0.003416447326843581
907.0,-30.43574875510764,1.2433240653700532,1.7584376878041987,0.0034053998919495337
908.0,-27.805654839852625,1.2444996773693533,1.7609608182482666,0.0034114224459907637
909.0,-27.278777536885514,1.2437240127537625,1.7592066931531487,0.003400888120038282
910.0,-26.160802247109437,1.2430947481860857,1.7580813672699054,0.0033928102019117673
911.0,-26.083716334524095,1.2420799161753582,1.7561595719605032,0.003381684695382125
912.0,-25.846326553637724,1.241049673878209,1.7542742637401814,0.003370731864645296
913.0,-23.018095929809267,1.2425597464061031,1.7574688019862155,0.003379317932116918
914.0,-22.007401890917603,1.2420558617276338,1.7562034924184364,0.003370765799762528
915.0,-23.429994757046916,1.2417008266958522,1.755580261211874,0.0033646965650182877
916.0,-21.887960718478904,1.241471979812233,1.7551836586985274,0.003359508915771373
917.0,-24.105176714148314,1.242062600712596,1.7564034474395531,0.003360515326990792
918.0,-25.51260467011088,1.2417887715435725,1.7557549061632443,0.0033543800767315587
919.0,-25.53179609784104,1.2408118110389657,1.7538487830869183,0.003343462558625504
920.0,-28.851428683944178,1.2432727597537094,1.7589338363697988,0.0033592271886282066
921.0,-30.421801951227902,1.2433125756208094,1.7585947821711327,0.003354290247157846
922.0,-31.009542736991722,1.2424742081765334,1.7569106926954394,0.0033442418007665967
923.0,-30.606684015268375,1.2415036632190573,1.7551140797767828,0.003333793758691237
924.0,-32.39697470368163,1.2414850800376414,1.7552436294680458,0.0033306812959871986
925.0,-31.942032015083523,1.2406015879146381,1.7534807947664663,0.0033204048570354625
926.0,-33.02024180785449,1.2399464819105945,1.7523234640371987,0.003312446086963676
927.0,-34.45737685725339,1.2395961297427853,1.7517357839845478,0.0033066576044094376
928.0,-34.23043642426546,1.2386391787888478,1.7498845329354669,0.003296120429070804
929.0,-31.92169329052595,1.2392885638095832,1.751344429835433,0.003298072378403869
930.0,-31.89024453590958,1.2384031884874727,1.7494659244221302,0.00328746618766292
931.0,-32.333923266414196,1.2374494987040088,1.74771386201165,0.0032773645316176783
932.0,-30.68372425378403,1.2372813566860161,1.7475411381991106,0.0032732047478009037
933.0,-29.944232995989935,1.236500907674756,1.7460127995918762,0.00326398361492362
934.0,-28.19156570599512,1.2364566239206134,1.7460574288544752,0.0032606594062651348
935.0,-26.501056500102745,1.2364085641005915,1.7459691121278356,0.0032568463039577594
936.0,-25.863501820246274,1.2355975120054077,1.7443599387743067,0.003247376303095734
937.0,-26.220242487128758,1.234635853071031,1.7425810637712624,0.0032373014539596855
938.0,-28.118578293441402,1.2347410686042946,1.7429540381291986,0.0032352383163268155
939.0,-27.727103075193515,1.2338679178782785,1.7411964225956182,0.0032252818958082756
940.0,-26.127112119735877,1.2336573739828478,1.7409252664185089,0.0032208509917687105
941.0,-26.054124627222464,1.232714127209534,1.7390823884960591,0.0032106237303366858
942.0,-24.297386774282202,1.2326604056057764,1.7391352274410758,0.0032074139335381995
943.0,-22.142369369572634,1.23316251736716,1.7401437988646595,0.003207733517719416
944.0,-23.36183939147744,1.2327391670984353,1.739216168684556,0.0032009236840357517
945.0,-21.04824455953821,1.2334267112006674,1.740656428749472,0.003202838058083367
946.0,-21.432443224368914,1.2326082476332711,1.738910638166326,0.0031930414018247295
947.0,-22.119367442015996,1.2317628170849724,1.7373664793664456,0.003184010847706918
948.0,-21.24917926170406,1.231003848814459,1.7359992690835075,0.0031756516989025
949.0,-18.274190661750687,1.2327292617576113,1.739559112477576,0.003185332532425023
950.0,-18.28402060152112,1.2319568204256153,1.7377319033600465,0.003175301964201188
951.0,-19.648035558827228,1.2315430277392565,1.7370393002192437,0.0031694385824644535
952.0,-17.448315500516888,1.2320688722494215,1.7381552731623027,0.0031701823227931994
953.0,-15.626907432446378,1.232210156034739,1.7383479423829045,0.0031675613928583623
954.0,-14.500912849059462,1.2316946050087116,1.7372980656049124,0.0031604236322037385
955.0,-15.503227963103729,1.2310439760693304,1.736090622834665,0.003152730806165748
956.0,-14.531033252911012,1.2303647197910084,1.7348493513638004,0.0031449344534246588
957.0,-13.366012452948485,1.2298089514914277,1.7338587610773344,0.003138064930443245
958.0,-15.210081539429973,1.2298832002273243,1.7340998983615514,0.0031356647106335167
959.0,-16.214194575674902,1.2292868445774314,1.7329018747840808,0.003128071778781439
960.0,-14.100916308485694,1.2296792404654286,1.7337820579587584,0.003127991908948707
961.0,-15.499855945886171,1.2293974782045591,1.7331561522565013,0.003122484665389357
962.0,-20.348971370226142,1.2355591642530628,1.7454498948285022,0.003163650400162855
963.0,-19.619205927560042,1.2353257033690346,1.7439622823155811,0.003154983861140426
964.0,-21.664030411150687,1.235662327568145,1.7446731540970348,0.0031542843674890113
965.0,-22.856894938925397,1.2352151564938285,1.7437247034330545,0.0031475940386777373
966.0,-22.916770804170703,1.2342742609242618,1.7419254876173778,0.0031378535722968344
967.0,-21.493659381383683,1.2339008322700922,1.741341365522799,0.003132510073637197
968.0,-24.721722010934695,1.2360984569787048,1.7457816532129353,0.0031452565332248605
969.0,-24.645584130804824,1.235384164065231,1.743987206224335,0.0031355581190455266
970.0,-23.99697525567187,1.2345491476177284,1.7424445819071657,0.0031267900319440134
971.0,-24.277952574908166,1.2336027804805754,1.740700911454572,0.0031173247563156146
972.0,-23.412212539449044,1.2328489552864856,1.7393602296157071,0.0031093258051066858
973.0,-21.997472559580547,1.2324865867996269,1.7387664366858584,0.0031040130609294014
974.0,-21.875986929303565,1.2315651775666467,1.7369936779633752,0.0030945097818304962
975.0,-22.776935825865237,1.2308350256700784,1.7356968220863045,0.0030867248547136236
976.0,-21.516294301703475,1.2303534468135504,1.734862211174738,0.003080600708047187
977.0,-22.477986077197762,1.229696185666283,1.733636430012366,0.0030731035495562583
978.0,-23.07407227819619,1.2288559575151052,1.7320769309730415,0.00306444381492236
979.0,-22.53282270373795,1.2279829734434338,1.7304837169128273,0.0030556876474494227
980.0,-23.140838493881866,1.2271312046604388,1.7289386605191868,0.0030471242526380012
981.0,-24.313219064094504,1.2265791985474284,1.7279856296806775,0.0030406663303288468
982.0,-23.437388252386306,1.2258741072046524,1.7266785582322424,0.0030329794948717958
983.0,-24.926073853905674,1.2255837973257866,1.7262205302408469,0.0030282899583587305
984.0,-26.181032788001477,1.2251401644070383,1.725388880080804,0.0030223013071131884
985.0,-26.789236965777345,1.2243301465513028,1.723856312711556,0.003013874834559312
986.0,-25.6193018278772,1.2237834040482,1.7229075619273964,0.0030075080718810596
987.0,-27.38635095730155,1.2237732996127815,1.7229786469820252,0.003004711961493937
988.0,-27.182058196096477,1.222906682022716,1.7212624764330864,0.002995697181776099
989.0,-28.020613657510488,1.2221626186329337,1.7199326857670383,0.0029880489328988056
990.0,-27.103972305974334,1.2214699358883827,1.7186844711292428,0.0029807026350159487
991.0,-26.32357888927922,1.220715137650778,1.717305024676731,0.0029729199070362374
992.0,-26.623418082305605,1.219805139906403,1.7156291271157011,0.0029641322273995796
993.0,-27.080858495694827,1.2189181453374363,1.7140251411389837,0.0029556158797349225
994.0,-26.7997905063584,1.217996619374645,1.712349548055262,0.0029468753514824723
995.0,-28.17767768211266,1.2176005524228997,1.7117189524649694,0.0029417487672969604
996.0,-23.342452635678132,1.2234625662605543,1.723370043520636,0.002978941130295205
997.0,-23.635858140961222,1.2230986470532816,1.7216944589585463,0.002970172154317196
998.0,-23.475469803797477,1.2222064862394246,1.7199875275445924,0.0029613184133222823
999.0,-23.48168199275179,1.2212639991067218,1.7182692803891637,0.0029524493199290947
1000.0,-23.76252055660527,1.2203414828126518,1.71659952290307,0.002943770151879168
