time,state_mean_1,state_mean_2,state_variance_1,state_variance_2
0.0,0.0,0.0,200.0,200.0
1.0,14.316202364164877,7.087228893150962,55.17560975609754,55.17560975609754
2.0,9.339254798535327,-3.688378762792504,10.407390228818798,10.407390228818798
3.0,6.382494753816795,-3.2663218467040807,6.135833270520841,6.135833270520841
4.0,3.775672935626801,-2.96590568870778,5.124509946042581,5.124509946042581
5.0,0.5803591006878943,-3.060848013591498,4.829596688566138,4.829596688566138
6.0,-5.677326447184273,-4.346391549814795,4.746886683911824,4.746886683911824
7.0,-10.735725651518395,-4.630896010867367,4.726662566720987,4.726662566720987
8.0,-18.243386911006375,-5.779312408609856,4.722563171649369,4.722563171649369
9.0,-26.510593944625832,-6.772456375380462,4.721908169876956,4.721908169876956
10.0,-33.987852252273285,-7.053814809810323,4.7218289756079095,4.7218289756079095
11.0,-36.24569158986037,-5.139234505007414,4.721817814089874,4.721817814089874
12.0,-43.28164348049042,-5.896414833570486,4.721812556886533,4.721812556886533
13.0,-52.81948129941483,-7.350090198876185,4.72180957263113,4.72180957263113
14.0,-60.960824576262425,-7.66596247058719,4.721808290538321,4.721808290538321
15.0,-72.6044670792675,-9.253872405641467,4.721807858853385,4.721807858853385
16.0,-78.54592086291623,-7.931538235388928,4.721807740563245,4.721807740563245
17.0,-84.24953141174933,-7.0421383064458,4.721807713991605,4.721807713991605
18.0,-95.13760883460122,-8.577456528400477,4.72180770920792,4.72180770920792
19.0,-102.82537666934343,-8.22228833098173,4.721807708550717,4.721807708550717
20.0,-110.6610001073655,-8.067929762615323,4.721807708475676,4.721807708475676
21.0,-117.06491825148773,-7.403647962393862,4.721807708455453,4.721807708455453
22.0,-124.24981385695312,-7.316320922217089,4.721807708443334,4.721807708443334
23.0,-131.61008018834363,-7.333864150396877,4.721807708437405,4.721807708437405
24.0,-139.47346199595435,-7.545250260128302,4.721807708435185,4.721807708435185
25.0,-148.96677809974955,-8.322927934485792,4.72180770843452,4.72180770843452
26.0,-154.13078825220427,-7.061872081469971,4.721807708434355,4.721807708434355
27.0,-166.8005102921041,-9.30055396586062,4.721807708434319,4.721807708434319
28.0,-175.44084122993831,-9.036989615270533,4.721807708434314,4.721807708434314
29.0,-183.61192982758766,-8.691317577645847,4.721807708434311,4.721807708434311
30.0,-194.935337885206,-9.742061324228072,4.72180770843431,4.72180770843431
31.0,-204.04285925387634,-9.488749785231969,4.72180770843431,4.72180770843431
32.0,-209.32746374538064,-7.810433856991711,4.72180770843431,4.72180770843431
33.0,-219.8549300393794,-8.895086859678775,4.72180770843431,4.72180770843431
34.0,-229.77239391510145,-9.30322490220841,4.72180770843431,4.72180770843431
35.0,-238.23757798992168,-8.968674792529843,4.72180770843431,4.72180770843431
36.0,-242.4082168666141,-7.053274743479963,4.72180770843431,4.72180770843431
37.0,-245.9628556968648,-5.656601705312967,4.72180770843431,4.72180770843431
38.0,-255.07188517386632,-7.034828221168313,4.72180770843431,4.72180770843431
39.0,-256.7304985933808,-4.888616255392892,4.72180770843431,4.72180770843431
40.0,-267.0435065661893,-7.05406068804263,4.72180770843431,4.72180770843431
41.0,-274.4901551057933,-7.210783731247645,4.72180770843431,4.72180770843431
42.0,-280.0797393894664,-6.563592764803624,4.72180770843431,4.72180770843431
43.0,-286.77722012046394,-6.617041513732028,4.72180770843431,4.72180770843431
44.0,-294.16206541466033,-6.923552641318164,4.72180770843431,4.72180770843431
45.0,-305.11647040223545,-8.53268915408348,4.72180770843431,4.72180770843431
46.0,-313.9124987626447,-8.637815488600523,4.72180770843431,4.72180770843431
47.0,-321.23220311848604,-8.111618900532777,4.72180770843431,4.72180770843431
48.0,-331.79680328459557,-9.090861348655235,4.72180770843431,4.72180770843431
49.0,-342.7414629660873,-9.830906958969068,4.72180770843431,4.72180770843431
50.0,-355.17433896200987,-10.869626074129574,4.72180770843431,4.72180770843431
51.0,-368.43204145156807,-11.822958179908218,4.72180770843431,4.72180770843431
52.0,-376.802094155151,-10.444540961961291,4.72180770843431,4.72180770843431
53.0,-388.9048980221449,-11.106527846876617,4.72180770843431,4.72180770843431
54.0,-401.0501260323612,-11.521182171835271,4.72180770843431,4.72180770843431
55.0,-412.2382506696173,-11.388223930325712,4.72180770843431,4.72180770843431
56.0,-422.2020754674812,-10.819596638650335,4.72180770843431,4.72180770843431
57.0,-434.5837307982821,-11.443178318330549,4.72180770843431,4.72180770843431
58.0,-447.5013318009299,-12.031775263288749,4.72180770843431,4.72180770843431
59.0,-458.58374140181775,-11.652783720035254,4.72180770843431,4.72180770843431
60.0,-472.2117669656564,-12.441310190214061,4.72180770843431,4.72180770843431
61.0,-481.55451138679956,-11.204347164057392,4.72180770843431,4.72180770843431
62.0,-493.3099440626536,-11.4243432697226,4.72180770843431,4.72180770843431
63.0,-506.41878804266526,-12.096804418348473,4.72180770843431,4.72180770843431
64.0,-516.5557155127829,-11.314411691695055,4.72180770843431,4.72180770843431
65.0,-527.7951098585061,-11.284464390200345,4.72180770843431,4.72180770843431
66.0,-542.9328065952701,-12.822694106498869,4.72180770843431,4.72180770843431
67.0,-554.4894935538485,-12.317297691015606,4.72180770843431,4.72180770843431
68.0,-566.4920849923166,-12.191665373513281,4.72180770843431,4.72180770843431
69.0,-580.6878714661817,-12.99172058803242,4.72180770843431,4.72180770843431
70.0,-592.1428806740814,-12.378257682686916,4.72180770843431,4.72180770843431
71.0,-605.4033745266942,-12.730450795200237,4.72180770843431,4.72180770843431
72.0,-614.7795272368979,-11.391398143400972,4.72180770843431,4.72180770843431
73.0,-628.7610572960467,-12.425391820291416,4.72180770843431,4.72180770843431
74.0,-645.6364807068006,-14.201866793834343,4.72180770843431,4.72180770843431
75.0,-655.9737853966551,-12.659114181440133,4.72180770843431,4.72180770843431
76.0,-667.3841654954791,-12.160613260428226,4.72180770843431,4.72180770843431
77.0,-678.2977317010432,-11.662785809372659,4.72180770843431,4.72180770843431
78.0,-692.2379931506397,-12.571965529890319,4.72180770843431,4.72180770843431
79.0,-703.8393399812496,-12.184489667512176,4.72180770843431,4.72180770843431
80.0,-714.0149462283993,-11.382533310912825,4.72180770843431,4.72180770843431
81.0,-727.3604493923939,-12.166160740725473,4.72180770843431,4.72180770843431
82.0,-738.1664786149936,-11.62318940365541,4.72180770843431,4.72180770843431
83.0,-752.1758295365834,-12.575757072731488,4.72180770843431,4.72180770843431
84.0,-764.9285837349099,-12.646415214728215,4.72180770843431,4.72180770843431
85.0,-775.9688936383442,-12.005249903339587,4.72180770843431,4.72180770843431
86.0,-787.5021155600715,-11.816813961009784,4.72180770843431,4.72180770843431
87.0,-801.1066987926738,-12.530500438260875,4.72180770843431,4.72180770843431
88.0,-815.8969039602983,-13.432585921859408,4.72180770843431,4.72180770843431
89.0,-829.9424832732288,-13.677295964035048,4.72180770843431,4.72180770843431
90.0,-841.0356734657661,-12.645707954212279,4.72180770843431,4.72180770843431
91.0,-854.77469384269,-13.082163767553796,4.72180770843431,4.72180770843431
92.0,-868.8383455033623,-13.473978666732815,4.72180770843431,4.72180770843431
93.0,-882.479128733755,-13.540567886784533,4.72180770843431,4.72180770843431
94.0,-896.6153137616697,-13.77834124266329,4.72180770843431,4.72180770843431
95.0,-907.9655731778572,-12.809038775756486,4.72180770843431,4.72180770843431
96.0,-920.1348262491274,-12.553633107426776,4.72180770843431,4.72180770843431
97.0,-934.255228304215,-13.17909514477707,4.72180770843431,4.72180770843431
98.0,-947.5074440869826,-13.20828527091414,4.72180770843431,4.72180770843431
99.0,-962.7333854938179,-14.01374373964981,4.72180770843431,4.72180770843431
100.0,-976.5943833062922,-13.952766797931151,4.72180770843431,4.72180770843431
101.0,-988.9854255851658,-13.329318521828917,4.72180770843431,4.72180770843431
102.0,-1001.4661255768326,-12.990545740047148,4.72180770843431,4.72180770843431
103.0,-1017.5466102720943,-14.224064898760247,4.72180770843431,4.72180770843431
104.0,-1030.9636212575372,-13.901884920896501,4.72180770843431,4.72180770843431
105.0,-1044.2468117135718,-13.65489898141414,4.72180770843431,4.72180770843431
106.0,-1054.8768008690765,-12.447339777908828,4.72180770843431,4.72180770843431
107.0,-1067.6522371539024,-12.578317552245112,4.72180770843431,4.72180770843431
108.0,-1081.3637406155267,-13.030691061839507,4.72180770843431,4.72180770843431
109.0,-1093.1081037630547,-12.51718249429551,4.72180770843431,4.72180770843431
110.0,-1107.6610987461922,-13.329889070357872,4.72180770843431,4.72180770843431
111.0,-1118.6633912982197,-12.400700843428933,4.72180770843431,4.72180770843431
112.0,-1132.9591425430615,-13.157214486821427,4.72180770843431,4.72180770843431
113.0,-1143.9838274883514,-12.305897977295684,4.72180770843431,4.72180770843431
114.0,-1156.4344222456803,-12.363661659025983,4.72180770843431,4.72180770843431
115.0,-1168.9332756671035,-12.417630889950683,4.72180770843431,4.72180770843431
116.0,-1179.9740711199101,-11.86799126446671,4.72180770843431,4.72180770843431
117.0,-1190.7944594521075,-11.449782909412445,4.72180770843431,4.72180770843431
118.0,-1203.7742982153072,-12.060588895194945,4.72180770843431,4.72180770843431
119.0,-1215.3759513465634,-11.877379431952383,4.72180770843431,4.72180770843431
120.0,-1225.8636128977212,-11.322597070225253,4.72180770843431,4.72180770843431
121.0,-1233.2708228668976,-9.759554863591534,4.72180770843431,4.72180770843431
122.0,-1243.7360510050391,-10.041263180993772,4.72180770843431,4.72180770843431
123.0,-1253.8121952291112,-10.055187868677468,4.72180770843431,4.72180770843431
124.0,-1260.454957132736,-8.692930275051205,4.72180770843431,4.72180770843431
125.0,-1268.7690956031392,-8.541714683102976,4.72180770843431,4.72180770843431
126.0,-1280.733833743526,-9.908202848883148,4.72180770843431,4.72180770843431
127.0,-1292.534966312334,-10.663869905568669,4.72180770843431,4.72180770843431
128.0,-1304.7602289661359,-11.287185737090493,4.72180770843431,4.72180770843431
129.0,-1313.9891484290133,-10.465515497071543,4.72180770843431,4.72180770843431
130.0,-1324.764383825342,-10.589157237282562,4.72180770843431,4.72180770843431
131.0,-1336.4977163169654,-11.045917748610167,4.72180770843431,4.72180770843431
132.0,-1343.8861052516443,-9.585813866002457,4.72180770843431,4.72180770843431
133.0,-1355.7392881800342,-10.49095898985955,4.72180770843431,4.72180770843431
134.0,-1367.9612852498822,-11.181998090332472,4.72180770843431,4.72180770843431
135.0,-1377.561710587317,-10.550626299538552,4.72180770843431,4.72180770843431
136.0,-1391.2672321614523,-11.810076347372322,4.72180770843431,4.72180770843431
137.0,-1405.6608197380822,-12.841427012945022,4.72180770843431,4.72180770843431
138.0,-1420.7995954784565,-13.758540169742698,4.72180770843431,4.72180770843431
139.0,-1434.9655527122986,-13.921183109113796,4.72180770843431,4.72180770843431
140.0,-1451.9713043382037,-15.152558361820436,4.72180770843431,4.72180770843431
141.0,-1468.5786123072503,-15.7333017155412,4.72180770843431,4.72180770843431
142.0,-1482.2337011352338,-14.903668687237914,4.72180770843431,4.72180770843431
143.0,-1497.2276271226092,-14.939699855020471,4.72180770843431,4.72180770843431
144.0,-1513.5754288792623,-15.50182121025076,4.72180770843431,4.72180770843431
145.0,-1527.1574958802166,-14.735445682607775,4.72180770843431,4.72180770843431
146.0,-1541.753806863807,-14.679902411569934,4.72180770843431,4.72180770843431
147.0,-1557.9518775809076,-15.285962828350256,4.72180770843431,4.72180770843431
148.0,-1575.2793497932912,-16.100943633601453,4.72180770843431,4.72180770843431
149.0,-1591.4164051239254,-16.1153596045281,4.72180770843431,4.72180770843431
150.0,-1607.9643443759844,-16.28804757365389,4.72180770843431,4.72180770843431
151.0,-1624.4063330845972,-16.349501648325965,4.72180770843431,4.72180770843431
152.0,-1640.3711646222596,-16.195939407076125,4.72180770843431,4.72180770843431
153.0,-1657.3177316454755,-16.495593723549,4.72180770843431,4.72180770843431
154.0,-1675.0481387336222,-16.988537423972506,4.72180770843431,4.72180770843431
155.0,-1685.7752199220613,-14.488932629211192,4.72180770843431,4.72180770843431
156.0,-1700.1053614837901,-14.425542437103527,4.72180770843431,4.72180770843431
157.0,-1715.3515944007934,-14.753166200874407,4.72180770843431,4.72180770843431
158.0,-1734.9489609309953,-16.686995315778383,4.72180770843431,4.72180770843431
159.0,-1749.2415435702246,-15.731133742718969,4.72180770843431,4.72180770843431
160.0,-1763.9823065380679,-15.335772752503544,4.72180770843431,4.72180770843431
161.0,-1776.8185371025504,-14.337942950159924,4.72180770843431,4.72180770843431
162.0,-1792.2449242138193,-14.77245532900537,4.72180770843431,4.72180770843431
163.0,-1805.5133996148652,-14.172058983851912,4.72180770843431,4.72180770843431
164.0,-1825.191983539188,-16.3702914118873,4.72180770843431,4.72180770843431
165.0,-1843.9811309890474,-17.335910897661314,4.72180770843431,4.72180770843431
166.0,-1861.5292115230282,-17.420610082690708,4.72180770843431,4.72180770843431
167.0,-1876.966972347914,-16.629046694613173,4.72180770843431,4.72180770843431
168.0,-1891.961324184603,-15.976468292539446,4.72180770843431,4.72180770843431
169.0,-1909.215592369265,-16.486572430770007,4.72180770843431,4.72180770843431
170.0,-1923.7120697477465,-15.692116485122503,4.72180770843431,4.72180770843431
171.0,-1940.34682124354,-16.068421118382066,4.72180770843431,4.72180770843431
172.0,-1955.400416804881,-15.663297656234203,4.72180770843431,4.72180770843431
173.0,-1972.608813722598,-16.280109045966082,4.72180770843431,4.72180770843431
174.0,-1986.8469562491396,-15.464945749969543,4.72180770843431,4.72180770843431
175.0,-2001.2268638238124,-15.03179305777642,4.72180770843431,4.72180770843431
176.0,-2018.4397825869269,-15.90250940010278,4.72180770843431,4.72180770843431
177.0,-2034.1135566896437,-15.811197119928616,4.72180770843431,4.72180770843431
178.0,-2049.072230624854,-15.470865580426038,4.72180770843431,4.72180770843431
179.0,-2062.7761663134743,-14.765498288309471,4.72180770843431,4.72180770843431
180.0,-2081.503988005637,-16.34727770289042,4.72180770843431,4.72180770843431
181.0,-2103.974422591847,-18.79167270125571,4.72180770843431,4.72180770843431
182.0,-2126.5608199248,-20.306545843762088,4.72180770843431,4.72180770843431
183.0,-2148.5672724229403,-20.98515712268731,4.72180770843431,4.72180770843431
184.0,-2171.2043754322262,-21.644622222099002,4.72180770843431,4.72180770843431
185.0,-2195.3945919338407,-22.66083625079172,4.72180770843431,4.72180770843431
186.0,-2220.6175998037834,-23.68366803677245,4.72180770843431,4.72180770843431
187.0,-2243.4503798206915,-23.3439892632968,4.72180770843431,4.72180770843431
188.0,-2265.421989719686,-22.796128524484182,4.72180770843431,4.72180770843431
189.0,-2286.249909988042,-22.0104098978511,4.72180770843431,4.72180770843431
190.0,-2309.8566149359717,-22.64765890366345,4.72180770843431,4.72180770843431
191.0,-2329.0958611071974,-21.287003412664763,4.72180770843431,4.72180770843431
192.0,-2349.4073846964575,-20.89758696510763,4.72180770843431,4.72180770843431
193.0,-2365.7452189682986,-19.07731077594667,4.72180770843431,4.72180770843431
194.0,-2380.309001885979,-17.27548777321031,4.72180770843431,4.72180770843431
195.0,-2393.4385906828493,-15.62042406757486,4.72180770843431,4.72180770843431
196.0,-2408.3708821683417,-15.345718082752429,4.72180770843431,4.72180770843431
197.0,-2423.7058356694233,-15.341420807654501,4.72180770843431,4.72180770843431
198.0,-2435.3464725091308,-13.86404925019465,4.72180770843431,4.72180770843431
199.0,-2447.952622828375,-13.361889675671803,4.72180770843431,4.72180770843431
200.0,-2462.83765309638,-13.969935054331087,4.72180770843431,4.72180770843431
201.0,-2477.9974140395357,-14.444919528351603,4.72180770843431,4.72180770843431
202.0,-2494.335492333422,-15.200678021195476,4.72180770843431,4.72180770843431
203.0,-2507.9504667535048,-14.567657175035446,4.72180770843431,4.72180770843431
204.0,-2525.173995785224,-15.627894566708752,4.72180770843431,4.72180770843431
205.0,-2539.102926921205,-14.949659827404588,4.72180770843431,4.72180770843431
206.0,-2558.319524463563,-16.653042805747333,4.72180770843431,4.72180770843431
207.0,-2574.345854588819,-16.402855954291972,4.72180770843431,4.72180770843431
208.0,-2585.6882255665373,-14.382684921317619,4.72180770843431,4.72180770843431
209.0,-2601.2379644215657,-14.848578716421343,4.72180770843431,4.72180770843431
210.0,-2613.3097097629384,-13.740052878751966,4.72180770843431,4.72180770843431
211.0,-2627.1812092711652,-13.792527033793638,4.72180770843431,4.72180770843431
212.0,-2643.0778069206635,-14.632482597115315,4.72180770843431,4.72180770843431
213.0,-2659.62672536706,-15.397533418764407,4.72180770843431,4.72180770843431
214.0,-2675.6675255652935,-15.654328749720673,4.72180770843431,4.72180770843431
215.0,-2689.7530900232564,-15.028070160979796,4.72180770843431,4.72180770843431
216.0,-2706.953115540088,-15.8951256537078,4.72180770843431,4.72180770843431
217.0,-2722.057212792747,-15.5793431408742,4.72180770843431,4.72180770843431
218.0,-2734.31236252304,-14.252308426385662,4.72180770843431,4.72180770843431
219.0,-2750.855595822722,-15.166857148331907,4.72180770843431,4.72180770843431
220.0,-2767.2401948581037,-15.652985829129399,4.72180770843431,4.72180770843431
221.0,-2784.5771299841467,-16.325226850764864,4.72180770843431,4.72180770843431
222.0,-2801.9553063187827,-16.745569576086396,4.72180770843431,4.72180770843431
223.0,-2818.811860575453,-16.789875218304044,4.72180770843431,4.72180770843431
224.0,-2834.548885512897,-16.36957209532298,4.72180770843431,4.72180770843431
225.0,-2854.766209767827,-17.905614093449095,4.72180770843431,4.72180770843431
226.0,-2871.107274795733,-17.281038244195653,4.72180770843431,4.72180770843431
227.0,-2885.473327515964,-16.11736137442644,4.72180770843431,4.72180770843431
228.0,-2904.2153541109524,-17.16514092013809,4.72180770843431,4.72180770843431
229.0,-2922.336223639001,-17.546672583214644,4.72180770843431,4.72180770843431
230.0,-2938.8181871605157,-17.121635375328633,4.72180770843431,4.72180770843431
231.0,-2952.897020935824,-15.90693368568721,4.72180770843431,4.72180770843431
232.0,-2966.3096208803026,-14.911183121484985,4.72180770843431,4.72180770843431
233.0,-2978.9643130566837,-14.01038059671317,4.72180770843431,4.72180770843431
234.0,-2991.4344128903535,-13.395492775772523,4.72180770843431,4.72180770843431
235.0,-3003.5654768396003,-12.890726434121424,4.72180770843431,4.72180770843431
236.0,-3017.309670136661,-13.231434694712163,4.72180770843431,4.72180770843431
237.0,-3029.9186830650015,-12.98296079773615,4.72180770843431,4.72180770843431
238.0,-3044.835715094402,-13.755051752655389,4.72180770843431,4.72180770843431
239.0,-3059.41373749818,-14.083585772237097,4.72180770843431,4.72180770843431
240.0,-3070.7261448465565,-12.977317419499498,4.72180770843431,4.72180770843431
241.0,-3087.925229328711,-14.662668046449792,4.72180770843431,4.72180770843431
242.0,-3101.6406934455836,-14.284539477802847,4.72180770843431,4.72180770843431
243.0,-3112.385114197708,-12.871306292443638,4.72180770843431,4.72180770843431
244.0,-3125.811713763928,-13.09298215783635,4.72180770843431,4.72180770843431
245.0,-3137.5199173268347,-12.540171583847867,4.72180770843431,4.72180770843431
246.0,-3153.2178998954873,-13.800785597848948,4.72180770843431,4.72180770843431
247.0,-3165.626568469658,-13.24504548622651,4.72180770843431,4.72180770843431
248.0,-3183.481241199886,-15.085231846674155,4.72180770843431,4.72180770843431
249.0,-3196.4411055112664,-14.236774446029552,4.72180770843431,4.72180770843431
250.0,-3209.841253795364,-13.902789077910263,4.72180770843431,4.72180770843431
251.0,-3220.0373431694643,-12.423055928965777,4.72180770843431,4.72180770843431
252.0,-3231.389701646317,-11.995628125533692,4.72180770843431,4.72180770843431
253.0,-3240.7334378880746,-10.9369795590457,4.72180770843431,4.72180770843431
254.0,-3250.8034752010285,-10.590891857783124,4.72180770843431,4.72180770843431
255.0,-3263.0161512059312,-11.238316239223913,4.72180770843431,4.72180770843431
256.0,-3273.001912765128,-10.73829011652593,4.72180770843431,4.72180770843431
257.0,-3285.7756283386766,-11.550842187540988,4.72180770843431,4.72180770843431
258.0,-3295.6179391549385,-10.868787878287135,4.72180770843431,4.72180770843431
259.0,-3307.8429146880085,-11.410184805291673,4.72180770843431,4.72180770843431
260.0,-3320.2097743983945,-11.792094234959434,4.72180770843431,4.72180770843431
261.0,-3330.758447252535,-11.29571417120274,4.72180770843431,4.72180770843431
262.0,-3340.8824973509536,-10.82797998541374,4.72180770843431,4.72180770843431
263.0,-3356.525251370144,-12.750061975258626,4.72180770843431,4.72180770843431
264.0,-3367.8156214919727,-12.167345652017088,4.72180770843431,4.72180770843431
265.0,-3380.2839604051287,-12.287503674437533,4.72180770843431,4.72180770843431
266.0,-3390.423753223905,-11.430126708020941,4.72180770843431,4.72180770843431
267.0,-3401.3201917347583,-11.217075697781967,4.72180770843431,4.72180770843431
268.0,-3410.1064599258802,-10.246685125648193,4.72180770843431,4.72180770843431
269.0,-3420.9474435316934,-10.483932065443033,4.72180770843431,4.72180770843431
270.0,-3430.141441087351,-9.968983726861604,4.72180770843431,4.72180770843431
271.0,-3446.2565629497217,-12.422552956588197,4.72180770843431,4.72180770843431
272.0,-3460.5372966655805,-13.16434805355737,4.72180770843431,4.72180770843431
273.0,-3473.16381269893,-12.949642808336973,4.72180770843431,4.72180770843431
274.0,-3489.4391009117594,-14.277257166091408,4.72180770843431,4.72180770843431
275.0,-3506.292130188694,-15.305518336702125,4.72180770843431,4.72180770843431
276.0,-3525.472272500757,-16.852287698715124,4.72180770843431,4.72180770843431
277.0,-3539.594973230814,-15.762622863903186,4.72180770843431,4.72180770843431
278.0,-3553.779860334845,-15.132782820006904,4.72180770843431,4.72180770843431
279.0,-3576.3088203557572,-18.085373926429018,4.72180770843431,4.72180770843431
280.0,-3597.6540180907573,-19.386711972320096,4.72180770843431,4.72180770843431
281.0,-3617.8466494453305,-19.708439039681746,4.72180770843431,4.72180770843431
282.0,-3637.4138269397536,-19.652046720936397,4.72180770843431,4.72180770843431
283.0,-3653.430363490088,-18.20073279139544,4.72180770843431,4.72180770843431
284.0,-3669.845401400487,-17.487874421294777,4.72180770843431,4.72180770843431
285.0,-3688.3552491966716,-17.895851328247524,4.72180770843431,4.72180770843431
286.0,-3705.91985121862,-17.763614940554273,4.72180770843431,4.72180770843431
287.0,-3723.4624346318615,-17.675378044106868,4.72180770843431,4.72180770843431
288.0,-3742.451390524875,-18.199764922479734,4.72180770843431,4.72180770843431
289.0,-3757.7792490392394,-17.05328545224215,4.72180770843431,4.72180770843431
290.0,-3772.737329181002,-16.21686896331701,4.72180770843431,4.72180770843431
291.0,-3793.932432355561,-18.204205077438118,4.72180770843431,4.72180770843431
292.0,-3809.3842618396598,-17.1054429091341,4.72180770843431,4.72180770843431
293.0,-3827.0659082845154,-17.335466256175085,4.72180770843431,4.72180770843431
294.0,-3845.9885494309983,-17.969074448375544,4.72180770843431,4.72180770843431
295.0,-3865.475057868303,-18.574841722278407,4.72180770843431,4.72180770843431
296.0,-3883.9487969818065,-18.534481052787147,4.72180770843431,4.72180770843431
297.0,-3900.3223488571543,-17.67182726589102,4.72180770843431,4.72180770843431
298.0,-3921.383868179111,-19.025009368805417,4.72180770843431,4.72180770843431
299.0,-3942.0669884138047,-19.686935558930262,4.72180770843431,4.72180770843431
300.0,-3962.143721083396,-19.84254452434374,4.72180770843431,4.72180770843431
301.0,-3981.9181506935447,-19.815352708300814,4.72180770843431,4.72180770843431
302.0,-4002.1315943755976,-19.97427262553896,4.72180770843431,4.72180770843431
303.0,-4020.389900310692,-19.289250099509893,4.72180770843431,4.72180770843431
304.0,-4036.396825846232,-17.978929638990966,4.72180770843431,4.72180770843431
305.0,-4054.776448633294,-18.13888835729406,4.72180770843431,4.72180770843431
306.0,-4072.9480509217888,-18.15194792302598,4.72180770843431,4.72180770843431
307.0,-4094.9889650965215,-19.704442793830335,4.72180770843431,4.72180770843431
308.0,-4117.268082961827,-20.73226602081233,4.72180770843431,4.72180770843431
309.0,-4136.16637932301,-20.00013611648777,4.72180770843431,4.72180770843431
310.0,-4157.860936990459,-20.676557714564858,4.72180770843431,4.72180770843431
311.0,-4178.069806002141,-20.489854034109847,4.72180770843431,4.72180770843431
312.0,-4201.111967286003,-21.508747914255178,4.72180770843431,4.72180770843431
313.0,-4221.900197545884,-21.221113645830265,4.72180770843431,4.72180770843431
314.0,-4243.854745635661,-21.51390436156335,4.72180770843431,4.72180770843431
315.0,-4266.690846590568,-22.04173188602698,4.72180770843431,4.72180770843431
316.0,-4292.304549781987,-23.467680781275455,4.72180770843431,4.72180770843431
317.0,-4316.682989630238,-23.831260377626396,4.72180770843431,4.72180770843431
318.0,-4338.108624834609,-22.870922719536107,4.72180770843431,4.72180770843431
319.0,-4364.008629867731,-24.080147601089628,4.72180770843431,4.72180770843431
320.0,-4387.633598516742,-23.898437876020957,4.72180770843431,4.72180770843431
321.0,-4415.476660618763,-25.473151689859993,4.72180770843431,4.72180770843431
322.0,-4440.527314795232,-25.304488559348375,4.72180770843431,4.72180770843431
323.0,-4459.841254286555,-22.913031267239354,4.72180770843431,4.72180770843431
324.0,-4483.775646948279,-23.32076386853889,4.72180770843431,4.72180770843431
325.0,-4504.420540448539,-22.252542970538922,4.72180770843431,4.72180770843431
326.0,-4526.522001062083,-22.192230134396226,4.72180770843431,4.72180770843431
327.0,-4548.192254783679,-21.983854527331555,4.72180770843431,4.72180770843431
328.0,-4572.0951344734,-22.749939015785724,4.72180770843431,4.72180770843431
329.0,-4594.8433586683295,-22.749254450682304,4.72180770843431,4.72180770843431
330.0,-4624.072869459537,-25.336205346887056,4.72180770843431,4.72180770843431
331.0,-4653.090414608024,-26.805814695428413,4.72180770843431,4.72180770843431
332.0,-4676.355555097032,-25.39235975936566,4.72180770843431,4.72180770843431
333.0,-4700.696381378386,-24.972582310698915,4.72180770843431,4.72180770843431
334.0,-4722.964101373716,-23.892787681728162,4.72180770843431,4.72180770843431
335.0,-4745.515447498003,-23.35727747088524,4.72180770843431,4.72180770843431
336.0,-4768.5933788116145,-23.245761081110484,4.72180770843431,4.72180770843431
337.0,-4793.843755041148,-24.046013522102367,4.72180770843431,4.72180770843431
338.0,-4820.367757266848,-25.03523906515201,4.72180770843431,4.72180770843431
339.0,-4844.959157537872,-24.858056388124137,4.72180770843431,4.72180770843431
340.0,-4866.669097338185,-23.60131242611972,4.72180770843431,4.72180770843431
341.0,-4887.2200534651565,-22.383594862621905,4.72180770843431,4.72180770843431
342.0,-4907.635183093761,-21.597773649123845,4.72180770843431,4.72180770843431
343.0,-4926.2591885642705,-20.410630448219546,4.72180770843431,4.72180770843431
344.0,-4951.57152420716,-22.36741579434613,4.72180770843431,4.72180770843431
345.0,-4976.217969350011,-23.27721576301743,4.72180770843431,4.72180770843431
346.0,-4999.991762697534,-23.47545203019067,4.72180770843431,4.72180770843431
347.0,-5026.8561257996835,-24.828322360325352,4.72180770843431,4.72180770843431
348.0,-5051.536123750836,-24.769110510812595,4.72180770843431,4.72180770843431
349.0,-5077.617188669388,-25.292849303313464,4.72180770843431,4.72180770843431
350.0,-5107.556862327599,-27.14788493735688,4.72180770843431,4.72180770843431
351.0,-5133.256399312447,-26.569697156368925,4.72180770843431,4.72180770843431
352.0,-5162.560771859151,-27.661393314685117,4.72180770843431,4.72180770843431
353.0,-5186.066767674138,-26.00253775079236,4.72180770843431,4.72180770843431
354.0,-5220.249256233397,-29.268015220030716,4.72180770843431,4.72180770843431
355.0,-5247.1729656122925,-28.332156547469072,4.72180770843431,4.72180770843431
356.0,-5272.348529954704,-27.072029076467807,4.72180770843431,4.72180770843431
357.0,-5301.669727104425,-27.969908273997568,4.72180770843431,4.72180770843431
358.0,-5329.811371172227,-28.038466065904103,4.72180770843431,4.72180770843431
359.0,-5358.415867171118,-28.264428059608594,4.72180770843431,4.72180770843431
360.0,-5382.782544255175,-26.708426282899392,4.72180770843431,4.72180770843431
361.0,-5410.286867752013,-27.026152450305553,4.72180770843431,4.72180770843431
362.0,-5439.104909410201,-27.74148362682748,4.72180770843431,4.72180770843431
363.0,-5464.618545548998,-26.852115714060496,4.72180770843431,4.72180770843431
364.0,-5492.7772516181185,-27.373713149775902,4.72180770843431,4.72180770843431
365.0,-5522.14968060493,-28.171610556016365,4.72180770843431,4.72180770843431
366.0,-5548.49663403331,-27.443198261260992,4.72180770843431,4.72180770843431
367.0,-5577.355237375941,-28.00823508254278,4.72180770843431,4.72180770843431
368.0,-5605.836529897011,-28.19708198924644,4.72180770843431,4.72180770843431
369.0,-5633.825833065532,-28.114135639866806,4.72180770843431,4.72180770843431
370.0,-5661.134976490968,-27.792778702559552,4.72180770843431,4.72180770843431
371.0,-5684.931677109229,-26.19752424991818,4.72180770843431,4.72180770843431
372.0,-5708.64330434855,-25.205141670973084,4.72180770843431,4.72180770843431
373.0,-5737.0589689103945,-26.486798542767655,4.72180770843431,4.72180770843431
374.0,-5764.597731572116,-26.906747905462513,4.72180770843431,4.72180770843431
375.0,-5791.507816937898,-26.90808023639336,4.72180770843431,4.72180770843431
376.0,-5813.827925308518,-25.076538811759026,4.72180770843431,4.72180770843431
377.0,-5840.821041883228,-25.841646286058133,4.72180770843431,4.72180770843431
378.0,-5868.089955838875,-26.411418712169915,4.72180770843431,4.72180770843431
379.0,-5893.967930061872,-26.19846499138749,4.72180770843431,4.72180770843431
380.0,-5920.409147182222,-26.29537286116541,4.72180770843431,4.72180770843431
381.0,-5947.685274878873,-26.68689512005346,4.72180770843431,4.72180770843431
382.0,-5974.88026999211,-26.889731190674343,4.72180770843431,4.72180770843431
383.0,-6001.053517754463,-26.60370740556283,4.72180770843431,4.72180770843431
384.0,-6028.3941862849715,-26.897905990072893,4.72180770843431,4.72180770843431
385.0,-6055.669478200609,-27.048560348025966,4.72180770843431,4.72180770843431
386.0,-6078.364724147767,-25.31069536259991,4.72180770843431,4.72180770843431
387.0,-6104.579867706307,-25.671755627519374,4.72180770843431,4.72180770843431
388.0,-6137.239225714715,-28.46124161259001,4.72180770843431,4.72180770843431
389.0,-6163.109368296062,-27.4268618583337,4.72180770843431,4.72180770843431
390.0,-6186.990824220897,-26.01151799304274,4.72180770843431,4.72180770843431
391.0,-6212.739208426811,-25.906473662901583,4.72180770843431,4.72180770843431
392.0,-6241.459205961596,-27.029646531287355,4.72180770843431,4.72180770843431
393.0,-6268.556544029211,-27.056669332757796,4.72180770843431,4.72180770843431
394.0,-6295.415484454778,-26.977734959365122,4.72180770843431,4.72180770843431
395.0,-6325.4193681365705,-28.185788736586115,4.72180770843431,4.72180770843431
396.0,-6354.107275379533,-28.386236967615126,4.72180770843431,4.72180770843431
397.0,-6385.761895577072,-29.6909919775235,4.72180770843431,4.72180770843431
398.0,-6417.636778155247,-30.562812079953446,4.72180770843431,4.72180770843431
399.0,-6450.180460420576,-31.353585412371906,4.72180770843431,4.72180770843431
400.0,-6480.949368843839,-31.12017942015699,4.72180770843431,4.72180770843431
401.0,-6510.164508633941,-30.359678026491988,4.72180770843431,4.72180770843431
402.0,-6540.137631128715,-30.205363115682662,4.72180770843431,4.72180770843431
403.0,-6572.260806818463,-30.970963532784168,4.72180770843431,4.72180770843431
404.0,-6603.194736446017,-30.95617941171052,4.72180770843431,4.72180770843431
405.0,-6632.587485741358,-30.33205025259064,4.72180770843431,4.72180770843431
406.0,-6663.003675715997,-30.36563925245737,4.72180770843431,4.72180770843431
407.0,-6693.791026682806,-30.5339886880438,4.72180770843431,4.72180770843431
408.0,-6724.937482824122,-30.7784887732072,4.72180770843431,4.72180770843431
409.0,-6757.8005632322265,-31.610668229503702,4.72180770843431,4.72180770843431
410.0,-6790.987981212826,-32.24011465374106,4.72180770843431,4.72180770843431
411.0,-6825.237122311522,-33.04212810647649,4.72180770843431,4.72180770843431
412.0,-6859.160511171106,-33.393931827694246,4.72180770843431,4.72180770843431
413.0,-6890.331049110875,-32.5063418144698,4.72180770843431,4.72180770843431
414.0,-6930.644351726052,-35.62291979823312,4.72180770843431,4.72180770843431
415.0,-6967.300614697246,-36.03543558571207,4.72180770843431,4.72180770843431
416.0,-7004.995415864327,-36.697862664562415,4.72180770843431,4.72180770843431
417.0,-7044.012554618377,-37.62372933448492,4.72180770843431,4.72180770843431
418.0,-7079.008786572844,-36.57481917648595,4.72180770843431,4.72180770843431
419.0,-7115.047324522863,-36.360733015920005,4.72180770843431,4.72180770843431
420.0,-7152.915060291399,-36.96233608786654,4.72180770843431,4.72180770843431
421.0,-7188.92699219242,-36.58292996043578,4.72180770843431,4.72180770843431
422.0,-7228.381060202985,-37.729102698304565,4.72180770843431,4.72180770843431
423.0,-7265.999755177292,-37.68502738005563,4.72180770843431,4.72180770843431
424.0,-7300.764764624582,-36.519341547404025,4.72180770843431,4.72180770843431
425.0,-7338.3525021939195,-36.94585060834306,4.72180770843431,4.72180770843431
426.0,-7373.588777050937,-36.2633793773266,4.72180770843431,4.72180770843431
427.0,-7409.304962030972,-36.044936624125675,4.72180770843431,4.72180770843431
428.0,-7442.924088891712,-35.07654117622224,4.72180770843431,4.72180770843431
429.0,-7480.788274845628,-36.189382980157546,4.72180770843431,4.72180770843431
430.0,-7518.7952769047815,-36.91498565052774,4.72180770843431,4.72180770843431
431.0,-7553.983875560042,-36.22580328644876,4.72180770843431,4.72180770843431
432.0,-7588.454246691396,-35.52502594860651,4.72180770843431,4.72180770843431
433.0,-7620.901628515522,-34.29641494810722,4.72180770843431,4.72180770843431
434.0,-7657.528931235105,-35.22691705983098,4.72180770843431,4.72180770843431
435.0,-7692.946598211035,-35.30306538490817,4.72180770843431,4.72180770843431
436.0,-7731.105389735,-36.44308561042753,4.72180770843431,4.72180770843431
437.0,-7765.196660150115,-35.50422916594182,4.72180770843431,4.72180770843431
438.0,-7801.211699781247,-35.70814727060851,4.72180770843431,4.72180770843431
439.0,-7837.103685222694,-35.781536392244476,4.72180770843431,4.72180770843431
440.0,-7873.961590866328,-36.21122840644994,4.72180770843431,4.72180770843431
441.0,-7905.605052353255,-34.387752897893876,4.72180770843431,4.72180770843431
442.0,-7937.5207088951065,-33.400879609599166,4.72180770843431,4.72180770843431
443.0,-7972.562080631547,-34.05577231055733,4.72180770843431,4.72180770843431
444.0,-8003.0846763889285,-32.645310475347266,4.72180770843431,4.72180770843431
445.0,-8035.430740486829,-32.52584981767512,4.72180770843431,4.72180770843431
446.0,-8065.434041512876,-31.5188356635571,4.72180770843431,4.72180770843431
447.0,-8094.730260067149,-30.631555744269583,4.72180770843431,4.72180770843431
448.0,-8125.8115250976925,-30.81108195126267,4.72180770843431,4.72180770843431
449.0,-8157.681851300595,-31.233937579510176,4.72180770843431,4.72180770843431
450.0,-8187.867551798565,-30.81547606888055,4.72180770843431,4.72180770843431
451.0,-8218.9386568025,-30.917524424359527,4.72180770843431,4.72180770843431
452.0,-8250.29519957027,-31.09278275323649,4.72180770843431,4.72180770843431
453.0,-8278.274191802338,-29.849741929534186,4.72180770843431,4.72180770843431
454.0,-8310.465866411472,-30.78465322408513,4.72180770843431,4.72180770843431
455.0,-8343.302842912448,-31.60395098970766,4.72180770843431,4.72180770843431
456.0,-8377.399686406938,-32.59912620508567,4.72180770843431,4.72180770843431
457.0,-8417.17913388277,-35.4655465394531,4.72180770843431,4.72180770843431
458.0,-8452.771148077147,-35.516033062833394,4.72180770843431,4.72180770843431
459.0,-8486.457835798403,-34.78574920951341,4.72180770843431,4.72180770843431
460.0,-8522.037041061601,-35.10250085347875,4.72180770843431,4.72180770843431
461.0,-8558.90032105834,-35.80541273586704,4.72180770843431,4.72180770843431
462.0,-8595.40241187373,-36.083530126212196,4.72180770843431,4.72180770843431
463.0,-8632.067868993632,-36.31583830643565,4.72180770843431,4.72180770843431
464.0,-8664.58851203131,-34.800777283249225,4.72180770843431,4.72180770843431
465.0,-8698.371272351864,-34.394379795926156,4.72180770843431,4.72180770843431
466.0,-8735.663709907649,-35.55129901719797,4.72180770843431,4.72180770843431
467.0,-8770.615577865903,-35.31200312616211,4.72180770843431,4.72180770843431
468.0,-8803.072056475876,-34.17206338950436,4.72180770843431,4.72180770843431
469.0,-8834.016341099714,-32.88351788577621,4.72180770843431,4.72180770843431
470.0,-8866.542454746203,-32.74084031739792,4.72180770843431,4.72180770843431
471.0,-8901.499432121851,-33.62553336774865,4.72180770843431,4.72180770843431
472.0,-8933.361788189817,-32.92166412922531,4.72180770843431,4.72180770843431
473.0,-8964.714680326671,-32.29540246636088,4.72180770843431,4.72180770843431
474.0,-8996.90642451293,-32.254021560032754,4.72180770843431,4.72180770843431
475.0,-9028.650413056896,-32.05041381696282,4.72180770843431,4.72180770843431
476.0,-9061.130822491092,-32.222070228207826,4.72180770843431,4.72180770843431
477.0,-9088.628254510757,-30.335970912753098,4.72180770843431,4.72180770843431
478.0,-9121.643654122989,-31.40561231444975,4.72180770843431,4.72180770843431
479.0,-9149.017320988887,-29.79603942975555,4.72180770843431,4.72180770843431
480.0,-9180.217875834773,-30.3567290419503,4.72180770843431,4.72180770843431
481.0,-9210.069678821967,-30.155160023499405,4.72180770843431,4.72180770843431
482.0,-9239.435018197582,-29.839859651798484,4.72180770843431,4.72180770843431
483.0,-9272.790070955692,-31.24314240464855,4.72180770843431,4.72180770843431
484.0,-9306.84872352655,-32.36710821171033,4.72180770843431,4.72180770843431
485.0,-9340.391665718309,-32.83650704543477,4.72180770843431,4.72180770843431
486.0,-9372.102105798303,-32.38697545403514,4.72180770843431,4.72180770843431
487.0,-9405.323225992866,-32.719970226259775,4.72180770843431,4.72180770843431
488.0,-9436.925458739252,-32.273763807356126,4.72180770843431,4.72180770843431
489.0,-9473.06012463562,-33.81505532338264,4.72180770843431,4.72180770843431
490.0,-9511.412801261862,-35.62649655027656,4.72180770843431,4.72180770843431
491.0,-9547.729310512243,-35.90195308766116,4.72180770843431,4.72180770843431
492.0,-9588.95618353836,-38.02768788627721,4.72180770843431,4.72180770843431
493.0,-9630.9693528908,-39.61871211570774,4.72180770843431,4.72180770843431
494.0,-9673.203554226113,-40.662828555725966,4.72180770843431,4.72180770843431
495.0,-9714.678797021405,-40.98714840276551,4.72180770843431,4.72180770843431
496.0,-9754.138164090564,-40.37725041686894,4.72180770843431,4.72180770843431
497.0,-9795.406954448965,-40.73315764176191,4.72180770843431,4.72180770843431
498.0,-9836.022983445493,-40.686399297981005,4.72180770843431,4.72180770843431
499.0,-9875.75349442142,-40.30480387621553,4.72180770843431,4.72180770843431
500.0,-9915.51510508201,-40.0879584148429,4.72180770843431,4.72180770843431
501.0,-9956.319062824941,-40.37378894470969,4.72180770843431,4.72180770843431
502.0,-9996.516810969744,-40.30351257273406,4.72180770843431,4.72180770843431
503.0,-10035.34367123048,-39.71402554920049,4.72180770843431,4.72180770843431
504.0,-10076.992270922272,-40.48631726868918,4.72180770843431,4.72180770843431
505.0,-10115.123815875897,-39.546280327138305,4.72180770843431,4.72180770843431
506.0,-10153.883354988247,-39.232209280604074,4.72180770843431,4.72180770843431
507.0,-10188.55490183694,-37.41156991920427,4.72180770843431,4.72180770843431
508.0,-10230.301323998705,-39.142064718257,4.72180770843431,4.72180770843431
509.0,-10270.62109288104,-39.61221013884358,4.72180770843431,4.72180770843431
510.0,-10313.145414546287,-40.77473969434408,4.72180770843431,4.72180770843431
511.0,-10355.117046598858,-41.25254513846103,4.72180770843431,4.72180770843431
512.0,-10392.95477995059,-39.889335112832356,4.72180770843431,4.72180770843431
513.0,-10432.684501994194,-39.825616773496975,4.72180770843431,4.72180770843431
514.0,-10470.580206896686,-39.05518625625525,4.72180770843431,4.72180770843431
515.0,-10511.01297297188,-39.605123042692206,4.72180770843431,4.72180770843431
516.0,-10549.387940128518,-39.11403863110858,4.72180770843431,4.72180770843431
517.0,-10587.389512923806,-38.669936679002845,4.72180770843431,4.72180770843431
518.0,-10626.257862776429,-38.74914421499231,4.72180770843431,4.72180770843431
519.0,-10666.095890954388,-39.183832164949415,4.72180770843431,4.72180770843431
520.0,-10710.586171885567,-41.30219317878967,4.72180770843431,4.72180770843431
521.0,-10750.922116933123,-40.916462069139286,4.72180770843431,4.72180770843431
522.0,-10791.160831467314,-40.645901847320395,4.72180770843431,4.72180770843431
523.0,-10831.295428325164,-40.441786326075906,4.72180770843431,4.72180770843431
524.0,-10872.933411532866,-40.919314132438764,4.72180770843431,4.72180770843431
525.0,-10913.273456170979,-40.688066839315276,4.72180770843431,4.72180770843431
526.0,-10950.653555990493,-39.36750978156865,4.72180770843431,4.72180770843431
527.0,-10990.988192845722,-39.75359176945289,4.72180770843431,4.72180770843431
528.0,-11028.344551316537,-38.796604189881116,4.72180770843431,4.72180770843431
529.0,-11064.905723416869,-37.904208466072454,4.72180770843431,4.72180770843431
530.0,-11105.326853894683,-38.90897638138426,4.72180770843431,4.72180770843431
531.0,-11147.507056119088,-40.2148661767259,4.72180770843431,4.72180770843431
532.0,-11186.81820935106,-39.85409942777509,4.72180770843431,4.72180770843431
533.0,-11225.989371842197,-39.58146757072327,4.72180770843431,4.72180770843431
534.0,-11269.878618441173,-41.30115460657401,4.72180770843431,4.72180770843431
535.0,-11308.611526962271,-40.27589786311057,4.72180770843431,4.72180770843431
536.0,-11344.665072964533,-38.590313781782974,4.72180770843431,4.72180770843431
537.0,-11381.108409404567,-37.73322963780649,4.72180770843431,4.72180770843431
538.0,-11418.73282097429,-37.68978891818698,4.72180770843431,4.72180770843431
539.0,-11454.997662660493,-37.12094282242756,4.72180770843431,4.72180770843431
540.0,-11491.707422904596,-36.956796670854686,4.72180770843431,4.72180770843431
541.0,-11528.676850640788,-36.96183905561179,4.72180770843431,4.72180770843431
542.0,-11568.392660487587,-38.06123803491305,4.72180770843431,4.72180770843431
543.0,-11603.973759188155,-37.071153949261365,4.72180770843431,4.72180770843431
544.0,-11639.954433622284,-36.63582904686125,4.72180770843431,4.72180770843431
545.0,-11678.745647722611,-37.496269591606584,4.72180770843431,4.72180770843431
546.0,-11712.856160146473,-36.144658315883106,4.72180770843431,4.72180770843431
547.0,-11748.104764031315,-35.786948884092126,4.72180770843431,4.72180770843431
548.0,-11779.952035899112,-34.214210021228496,4.72180770843431,4.72180770843431
549.0,-11815.57634450447,-34.77712846214605,4.72180770843431,4.72180770843431
550.0,-11853.652873097088,-36.094265574621126,4.72180770843431,4.72180770843431
551.0,-11891.794583444182,-36.91161581676438,4.72180770843431,4.72180770843431
552.0,-11930.032286555279,-37.44099652861481,4.72180770843431,4.72180770843431
553.0,-11965.460761132208,-36.63758765202682,4.72180770843431,4.72180770843431
554.0,-12004.331446327666,-37.52905141329259,4.72180770843431,4.72180770843431
555.0,-12044.736535094395,-38.67717997766167,4.72180770843431,4.72180770843431
556.0,-12083.672731550032,-38.78058065729884,4.72180770843431,4.72180770843431
557.0,-12123.974700660132,-39.38792657305121,4.72180770843431,4.72180770843431
558.0,-12162.47852260978,-39.03498756451934,4.72180770843431,4.72180770843431
559.0,-12200.399196107443,-38.590147789296594,4.72180770843431,4.72180770843431
560.0,-12237.887815415483,-38.15041208409614,4.72180770843431,4.72180770843431
561.0,-12279.080448683768,-39.36488206882062,4.72180770843431,4.72180770843431
562.0,-12315.620633813249,-38.237248855758345,4.72180770843431,4.72180770843431
563.0,-12355.217669279182,-38.780082503841456,4.72180770843431,4.72180770843431
564.0,-12394.612889176056,-39.02564844237483,4.72180770843431,4.72180770843431
565.0,-12437.396030900207,-40.52565864289462,4.72180770843431,4.72180770843431
566.0,-12476.47689694572,-39.948890177540584,4.72180770843431,4.72180770843431
567.0,-12515.775610607116,-39.68933644497991,4.72180770843431,4.72180770843431
568.0,-12554.216267854563,-39.190857434368645,4.72180770843431,4.72180770843431
569.0,-12593.66958250468,-39.29563167381565,4.72180770843431,4.72180770843431
570.0,-12634.668123008463,-39.97544143632224,4.72180770843431,4.72180770843431
571.0,-12673.02215018457,-39.32816471559286,4.72180770843431,4.72180770843431
572.0,-12716.590000611279,-41.020668557054925,4.72180770843431,4.72180770843431
573.0,-12754.85668919499,-39.921265912190556,4.72180770843431,4.72180770843431
574.0,-12792.976853092585,-39.20225693693176,4.72180770843431,4.72180770843431
575.0,-12834.142804186662,-39.986173512566424,4.72180770843431,4.72180770843431
576.0,-12872.914492855913,-39.501345059994804,4.72180770843431,4.72180770843431
577.0,-12913.737651338055,-40.02901962059152,4.72180770843431,4.72180770843431
578.0,-12952.104723256934,-39.365561746324666,4.72180770843431,4.72180770843431
579.0,-12989.609103090736,-38.62256857389509,4.72180770843431,4.72180770843431
580.0,-13028.394298260402,-38.68748992816994,4.72180770843431,4.72180770843431
581.0,-13063.107004610247,-37.10073634932375,4.72180770843431,4.72180770843431
582.0,-13099.574399262861,-36.8479031612815,4.72180770843431,4.72180770843431
583.0,-13134.5076185589,-36.083551740464145,4.72180770843431,4.72180770843431
584.0,-13168.708138604201,-35.33183602500353,4.72180770843431,4.72180770843431
585.0,-13206.541855702935,-36.33059952227606,4.72180770843431,4.72180770843431
586.0,-13245.95275751315,-37.560271674986105,4.72180770843431,4.72180770843431
587.0,-13285.982861933615,-38.54624131856902,4.72180770843431,4.72180770843431
588.0,-13323.983476063968,-38.328424203106586,4.72180770843431,4.72180770843431
589.0,-13361.629810984878,-38.05613073396818,4.72180770843431,4.72180770843431
590.0,-13398.015468709313,-37.38926951397702,4.72180770843431,4.72180770843431
591.0,-13437.567806522917,-38.25277724920002,4.72180770843431,4.72180770843431
592.0,-13470.101775967432,-35.9698004349914,4.72180770843431,4.72180770843431
593.0,-13504.72981866618,-35.43416400398115,4.72180770843431,4.72180770843431
594.0,-13542.271976208696,-36.275685617810296,4.72180770843431,4.72180770843431
595.0,-13579.043020525085,-36.47343529959592,4.72180770843431,4.72180770843431
596.0,-13615.77004402806,-36.57466898473529,4.72180770843431,4.72180770843431
597.0,-13651.815010574403,-36.36320910942845,4.72180770843431,4.72180770843431
598.0,-13684.668165369505,-34.96197778816336,4.72180770843431,4.72180770843431
599.0,-13717.14811037454,-33.97113782824203,4.72180770843431,4.72180770843431
600.0,-13752.4921004703,-34.51918735239482,4.72180770843431,4.72180770843431
601.0,-13784.768155959067,-33.62371784008171,4.72180770843431,4.72180770843431
602.0,-13822.757848563471,-35.36663690622069,4.72180770843431,4.72180770843431
603.0,-13860.340964725816,-36.25146656368189,4.72180770843431,4.72180770843431
604.0,-13895.516514483972,-35.82195516813858,4.72180770843431,4.72180770843431
605.0,-13933.969051694174,-36.87209673872729,4.72180770843431,4.72180770843431
606.0,-13970.276185003882,-36.646560498767165,4.72180770843431,4.72180770843431
607.0,-14009.345647097418,-37.6137949911442,4.72180770843431,4.72180770843431
608.0,-14043.393572778155,-36.190282042957485,4.72180770843431,4.72180770843431
609.0,-14073.938532941598,-33.936641179363676,4.72180770843431,4.72180770843431
610.0,-14107.826726242352,-33.91730054275917,4.72180770843431,4.72180770843431
611.0,-14142.404339580422,-34.180900728900355,4.72180770843431,4.72180770843431
612.0,-14177.676240412278,-34.61643345257509,4.72180770843431,4.72180770843431
613.0,-14215.250826887694,-35.79734300482426,4.72180770843431,4.72180770843431
614.0,-14254.501945823655,-37.176107712706255,4.72180770843431,4.72180770843431
615.0,-14294.460810683888,-38.286998350117166,4.72180770843431,4.72180770843431
616.0,-14329.37822184844,-36.94184221253891,4.72180770843431,4.72180770843431
617.0,-14366.523246485349,-37.022953657395604,4.72180770843431,4.72180770843431
618.0,-14403.117660791846,-36.85187859498931,4.72180770843431,4.72180770843431
619.0,-14441.03789766234,-37.27837258736405,4.72180770843431,4.72180770843431
620.0,-14476.7678555004,-36.66023763823342,4.72180770843431,4.72180770843431
621.0,-14515.6791839911,-37.558884418887025,4.72180770843431,4.72180770843431
622.0,-14552.557700873394,-37.28727827924549,4.72180770843431,4.72180770843431
623.0,-14592.91766469231,-38.51390978777008,4.72180770843431,4.72180770843431
624.0,-14626.57680981892,-36.57586333850987,4.72180770843431,4.72180770843431
625.0,-14661.695743492606,-35.99424969484031,4.72180770843431,4.72180770843431
626.0,-14698.817225964427,-36.44424668406479,4.72180770843431,4.72180770843431
627.0,-14735.530818377503,-36.55177085262258,4.72180770843431,4.72180770843431
628.0,-14772.644957101858,-36.776270933071466,4.72180770843431,4.72180770843431
629.0,-14812.0707041927,-37.83395512959854,4.72180770843431,4.72180770843431
630.0,-14850.598244844705,-38.11083795560021,4.72180770843431,4.72180770843431
631.0,-14892.387481739655,-39.579273297153094,4.72180770843431,4.72180770843431
632.0,-14932.963049630522,-39.97699910561735,4.72180770843431,4.72180770843431
633.0,-14976.055770615887,-41.22081093737019,4.72180770843431,4.72180770843431
634.0,-15015.87828897576,-40.662605513629686,4.72180770843431,4.72180770843431
635.0,-15056.412625244899,-40.61139978664102,4.72180770843431,4.72180770843431
636.0,-15095.569966509274,-40.03093231750949,4.72180770843431,4.72180770843431
637.0,-15132.769219545275,-38.90051171836491,4.72180770843431,4.72180770843431
638.0,-15171.726659664815,-38.92323782219536,4.72180770843431,4.72180770843431
639.0,-15216.385785970764,-41.2130333293242,4.72180770843431,4.72180770843431
640.0,-15256.360419400045,-40.71865786592733,4.72180770843431,4.72180770843431
641.0,-15296.084612530785,-40.321662546182324,4.72180770843431,4.72180770843431
642.0,-15339.307236029857,-41.47974073670074,4.72180770843431,4.72180770843431
643.0,-15382.344372794547,-42.101461057416664,4.72180770843431,4.72180770843431
644.0,-15426.998568622885,-43.12052560616122,4.72180770843431,4.72180770843431
645.0,-15473.844599479078,-44.6077660236605,4.72180770843431,4.72180770843431
646.0,-15517.337348303987,-44.162645554651284,4.72180770843431,4.72180770843431
647.0,-15561.910713727031,-44.326606990093346,4.72180770843431,4.72180770843431
648.0,-15608.371370670386,-45.178530455622315,4.72180770843431,4.72180770843431
649.0,-15656.669204450644,-46.42377201817247,4.72180770843431,4.72180770843431
650.0,-15702.497710159638,-46.18613871617242,4.72180770843431,4.72180770843431
651.0,-15749.436157369757,-46.48646404751321,4.72180770843431,4.72180770843431
652.0,-15794.092289544882,-45.7557863661354,4.72180770843431,4.72180770843431
653.0,-15838.978881130977,-45.40879944200127,4.72180770843431,4.72180770843431
654.0,-15889.320590137948,-47.37804172956179,4.72180770843431,4.72180770843431
655.0,-15936.822453607112,-47.42747199024898,4.72180770843431,4.72180770843431
656.0,-15987.071103486474,-48.55370038077616,4.72180770843431,4.72180770843431
657.0,-16033.218607877236,-47.59313484976662,4.72180770843431,4.72180770843431
658.0,-16079.500958374962,-47.06986314938053,4.72180770843431,4.72180770843431
659.0,-16127.507521013858,-47.44379829276808,4.72180770843431,4.72180770843431
660.0,-16177.914252111636,-48.62661595807795,4.72180770843431,4.72180770843431
661.0,-16224.590994883938,-47.84821678366883,4.72180770843431,4.72180770843431
662.0,-16272.084882330693,-47.706766731770685,4.72180770843431,4.72180770843431
663.0,-16319.034048157971,-47.404328643544495,4.72180770843431,4.72180770843431
664.0,-16367.427239092594,-47.7990874394476,4.72180770843431,4.72180770843431
665.0,-16411.573382183065,-46.3408136982872,4.72180770843431,4.72180770843431
666.0,-16461.57464163957,-47.80208203971256,4.72180770843431,4.72180770843431
667.0,-16509.341307022598,-47.78794353238418,4.72180770843431,4.72180770843431
668.0,-16559.893967840562,-48.89163256625142,4.72180770843431,4.72180770843431
669.0,-16608.859568842065,-48.92116113731549,4.72180770843431,4.72180770843431
670.0,-16657.57921587656,-48.84071569480745,4.72180770843431,4.72180770843431
671.0,-16703.813683536035,-47.80028838199022,4.72180770843431,4.72180770843431
672.0,-16752.072732844343,-47.98342804917533,4.72180770843431,4.72180770843431
673.0,-16800.288212946874,-48.07606439500098,4.72180770843431,4.72180770843431
674.0,-16849.0586795253,-48.35327323618517,4.72180770843431,4.72180770843431
675.0,-16893.936781883796,-46.965967558123744,4.72180770843431,4.72180770843431
676.0,-16937.08201932533,-45.440712895363674,4.72180770843431,4.72180770843431
677.0,-16985.0616004674,-46.4542418579577,4.72180770843431,4.72180770843431
678.0,-17032.20496281333,-46.72934221977514,4.72180770843431,4.72180770843431
679.0,-17080.97004612553,-47.54202029402735,4.72180770843431,4.72180770843431
680.0,-17123.738765618167,-45.63649462696547,4.72180770843431,4.72180770843431
681.0,-17165.949294851955,-44.268832025593134,4.72180770843431,4.72180770843431
682.0,-17213.95159802941,-45.75925247113233,4.72180770843431,4.72180770843431
683.0,-17258.790776751535,-45.391954406905896,4.72180770843431,4.72180770843431
684.0,-17305.0412878418,-45.73469454938557,4.72180770843431,4.72180770843431
685.0,-17350.037040268166,-45.43970514049037,4.72180770843431,4.72180770843431
686.0,-17396.09269697977,-45.685596103003306,4.72180770843431,4.72180770843431
687.0,-17445.76383248683,-47.27664346153233,4.72180770843431,4.72180770843431
688.0,-17488.55029536523,-45.48414080835442,4.72180770843431,4.72180770843431
689.0,-17534.06994773195,-45.49831720090948,4.72180770843431,4.72180770843431
690.0,-17577.622743645166,-44.721655326084615,4.72180770843431,4.72180770843431
691.0,-17616.777294107385,-42.499239088200206,4.72180770843431,4.72180770843431
692.0,-17661.127894641748,-43.238311881107926,4.72180770843431,4.72180770843431
693.0,-17705.159148161354,-43.554858167945845,4.72180770843431,4.72180770843431
694.0,-17748.538930283954,-43.48496693083771,4.72180770843431,4.72180770843431
695.0,-17794.43144443311,-44.44607187897514,4.72180770843431,4.72180770843431
696.0,-17839.184438769236,-44.5685968662396,4.72180770843431,4.72180770843431
697.0,-17884.348703929947,-44.806390642789374,4.72180770843431,4.72180770843431
698.0,-17929.870134530454,-45.091838187182,4.72180770843431,4.72180770843431
699.0,-17975.730634465126,-45.39869181951705,4.72180770843431,4.72180770843431
700.0,-18023.537181428386,-46.35991969303212,4.72180770843431,4.72180770843431
701.0,-18070.917375947527,-46.76721853077577,4.72180770843431,4.72180770843431
702.0,-18116.53563029237,-46.308546253890775,4.72180770843431,4.72180770843431
703.0,-18165.04453409335,-47.186940044091024,4.72180770843431,4.72180770843431
704.0,-18211.986913782886,-47.08931032156964,4.72180770843431,4.72180770843431
705.0,-18258.655147208345,-46.92121430861434,4.72180770843431,4.72180770843431
706.0,-18308.370902202325,-48.03680899354548,4.72180770843431,4.72180770843431
707.0,-18357.349812910637,-48.41290073240141,4.72180770843431,4.72180770843431
708.0,-18402.470759216703,-47.098735982433865,4.72180770843431,4.72180770843431
709.0,-18449.067404456076,-46.898298834660615,4.72180770843431,4.72180770843431
710.0,-18497.65048365471,-47.57087162244252,4.72180770843431,4.72180770843431
711.0,-18545.17122080446,-47.550857689003735,4.72180770843431,4.72180770843431
712.0,-18591.974441768965,-47.25239735150569,4.72180770843431,4.72180770843431
713.0,-18640.266194196825,-47.66731312103054,4.72180770843431,4.72180770843431
714.0,-18689.408758655878,-48.256240868711515,4.72180770843431,4.72180770843431
715.0,-18742.493855713496,-50.18394452565027,4.72180770843431,4.72180770843431
716.0,-18791.307271893304,-49.6368227227089,4.72180770843431,4.72180770843431
717.0,-18840.223455438776,-49.34913994174576,4.72180770843431,4.72180770843431
718.0,-18887.924260332293,-48.691116307156314,4.72180770843431,4.72180770843431
719.0,-18937.182546189626,-48.917533241769355,4.72180770843431,4.72180770843431
720.0,-18984.55022943968,-48.298825336655014,4.72180770843431,4.72180770843431
721.0,-19030.296904270686,-47.27999402954308,4.72180770843431,4.72180770843431
722.0,-19078.250679569144,-47.548970898029125,4.72180770843431,4.72180770843431
723.0,-19124.932704645933,-47.20288176955049,4.72180770843431,4.72180770843431
724.0,-19171.13300249174,-46.80264522893308,4.72180770843431,4.72180770843431
725.0,-19217.44035986847,-46.604923829375714,4.72180770843431,4.72180770843431
726.0,-19264.38307271155,-46.7397709011288,4.72180770843431,4.72180770843431
727.0,-19307.88695504057,-45.447987921914546,4.72180770843431,4.72180770843431
728.0,-19349.784990266846,-44.03082896632944,4.72180770843431,4.72180770843431
729.0,-19389.45022865498,-42.28806326922311,4.72180770843431,4.72180770843431
730.0,-19430.479553736677,-41.78556865925896,4.72180770843431,4.72180770843431
731.0,-19473.564598026333,-42.30432586113424,4.72180770843431,4.72180770843431
732.0,-19513.803556179177,-41.47982069294388,4.72180770843431,4.72180770843431
733.0,-19556.661759095627,-42.03007780331567,4.72180770843431,4.72180770843431
734.0,-19600.535473498203,-42.766066798521045,4.72180770843431,4.72180770843431
735.0,-19642.240090407064,-42.34233066849093,4.72180770843431,4.72180770843431
736.0,-19683.62006923655,-41.958154978276774,4.72180770843431,4.72180770843431
737.0,-19724.10079293019,-41.368356984951276,4.72180770843431,4.72180770843431
738.0,-19770.285006712595,-43.29087121949667,4.72180770843431,4.72180770843431
739.0,-19812.084978783405,-42.69569678716416,4.72180770843431,4.72180770843431
740.0,-19855.90673681911,-43.14522609634946,4.72180770843431,4.72180770843431
741.0,-19902.344601365956,-44.45966391220056,4.72180770843431,4.72180770843431
742.0,-19944.89151850894,-43.69608578985136,4.72180770843431,4.72180770843431
743.0,-19985.417651012387,-42.43062450803338,4.72180770843431,4.72180770843431
744.0,-20031.75602196869,-43.99061652768129,4.72180770843431,4.72180770843431
745.0,-20073.620554260022,-43.14187301637446,4.72180770843431,4.72180770843431
746.0,-20124.342251789578,-46.16777705273552,4.72180770843431,4.72180770843431
747.0,-20166.197588803345,-44.44622931798515,4.72180770843431,4.72180770843431
748.0,-20210.264957616535,-44.29498630059282,4.72180770843431,4.72180770843431
749.0,-20252.1260201987,-43.32335172106174,4.72180770843431,4.72180770843431
750.0,-20295.796615017887,-43.4619729108258,4.72180770843431,4.72180770843431
751.0,-20339.130902394838,-43.41100020404759,4.72180770843431,4.72180770843431
752.0,-20383.648491842207,-43.85275619089649,4.72180770843431,4.72180770843431
753.0,-20424.220549698413,-42.5430849292792,4.72180770843431,4.72180770843431
754.0,-20463.13215433019,-41.09337974533132,4.72180770843431,4.72180770843431
755.0,-20502.54512358268,-40.422551432064765,4.72180770843431,4.72180770843431
756.0,-20544.913876768627,-41.19948495241251,4.72180770843431,4.72180770843431
757.0,-20586.003471890577,-41.155616379865286,4.72180770843431,4.72180770843431
758.0,-20620.539582621164,-38.51307645984002,4.72180770843431,4.72180770843431
759.0,-20661.39549351772,-39.44834774036277,4.72180770843431,4.72180770843431
760.0,-20703.0016528692,-40.30975697911575,4.72180770843431,4.72180770843431
761.0,-20744.496128445364,-40.782702596593396,4.72180770843431,4.72180770843431
762.0,-20781.224797830764,-39.16431216605611,4.72180770843431,4.72180770843431
763.0,-20823.00122070996,-40.20707988931523,4.72180770843431,4.72180770843431
764.0,-20866.277137444373,-41.43217497962525,4.72180770843431,4.72180770843431
765.0,-20907.54894834281,-41.368156832541295,4.72180770843431,4.72180770843431
766.0,-20944.854934075756,-39.74651771605811,4.72180770843431,4.72180770843431
767.0,-20985.882629642605,-40.25797035236352,4.72180770843431,4.72180770843431
768.0,-21033.22069899521,-43.084381452702026,4.72180770843431,4.72180770843431
769.0,-21074.98506283589,-42.55742378853213,4.72180770843431,4.72180770843431
770.0,-21116.39140420768,-42.097905903262365,4.72180770843431,4.72180770843431
771.0,-21157.599497253417,-41.74268813898571,4.72180770843431,4.72180770843431
772.0,-21199.433792731168,-41.779258248972454,4.72180770843431,4.72180770843431
773.0,-21241.105733201584,-41.73641645247251,4.72180770843431,4.72180770843431
774.0,-21282.367538670816,-41.54694936291177,4.72180770843431,4.72180770843431
775.0,-21324.508035238974,-41.78389638998303,4.72180770843431,4.72180770843431
776.0,-21365.716285803155,-41.55409568354498,4.72180770843431,4.72180770843431
777.0,-21406.48406409601,-41.24019382971963,4.72180770843431,4.72180770843431
778.0,-21450.04478684705,-42.166560636406096,4.72180770843431,4.72180770843431
779.0,-21490.501696196396,-41.48405925114378,4.72180770843431,4.72180770843431
780.0,-21526.059220488503,-39.11815671303226,4.72180770843431,4.72180770843431
781.0,-21564.98113339205,-39.03981519810743,4.72180770843431,4.72180770843431
782.0,-21602.731212999057,-38.52494626886518,4.72180770843431,4.72180770843431
783.0,-21643.66905736871,-39.48818731617373,4.72180770843431,4.72180770843431
784.0,-21682.29357706231,-39.14340686107767,4.72180770843431,4.72180770843431
785.0,-21722.660543918508,-39.63185815985378,4.72180770843431,4.72180770843431
786.0,-21759.8656526439,-38.66308759053505,4.72180770843431,4.72180770843431
787.0,-21796.974623623322,-38.04267642951628,4.72180770843431,4.72180770843431
788.0,-21835.006628713414,-38.03841637719204,4.72180770843431,4.72180770843431
789.0,-21870.774416962384,-37.13197021787638,4.72180770843431,4.72180770843431
790.0,-21906.650194210997,-36.63049167183159,4.72180770843431,4.72180770843431
791.0,-21947.405437224978,-38.27711313562406,4.72180770843431,4.72180770843431
792.0,-21992.92760975437,-41.16937725402898,4.72180770843431,4.72180770843431
793.0,-22040.19385180453,-43.6032763190654,4.72180770843431,4.72180770843431
794.0,-22087.06215819522,-44.90669273132816,4.72180770843431,4.72180770843431
795.0,-22130.922494804952,-44.488982109360244,4.72180770843431,4.72180770843431
796.0,-22176.313361858556,-44.849019111322164,4.72180770843431,4.72180770843431
797.0,-22218.818469013004,-43.91331767933612,4.72180770843431,4.72180770843431
798.0,-22259.346742255988,-42.56199092956703,4.72180770843431,4.72180770843431
799.0,-22302.202491289703,-42.67926064095846,4.72180770843431,4.72180770843431
800.0,-22340.24068279788,-40.82652252050688,4.72180770843431,4.72180770843431
801.0,-22382.465594308207,-41.38476643253092,4.72180770843431,4.72180770843431
802.0,-22421.840812657487,-40.582544739166536,4.72180770843431,4.72180770843431
803.0,-22462.8349046142,-40.74683645654913,4.72180770843431,4.72180770843431
804.0,-22504.8308134001,-41.24547240735773,4.72180770843431,4.72180770843431
805.0,-22544.832281357176,-40.74885957934069,4.72180770843431,4.72180770843431
806.0,-22581.947907330436,-39.29845446579699,4.72180770843431,4.72180770843431
807.0,-22621.986936335445,-39.59409554344196,4.72180770843431,4.72180770843431
808.0,-22663.974996145116,-40.549778108848614,4.72180770843431,4.72180770843431
809.0,-22702.94641762977,-39.91969021279406,4.72180770843431,4.72180770843431
810.0,-22739.604977603507,-38.617830633287696,4.72180770843431,4.72180770843431
811.0,-22776.25398746708,-37.831867488152355,4.72180770843431,4.72180770843431
812.0,-22812.614645858866,-37.2445534236542,4.72180770843431,4.72180770843431
813.0,-22851.014373093058,-37.70570461388596,4.72180770843431,4.72180770843431
814.0,-22886.71800971261,-36.90646900960635,4.72180770843431,4.72180770843431
815.0,-22919.502655905133,-35.261016627734705,4.72180770843431,4.72180770843431
816.0,-22960.33230904109,-37.4840443057434,4.72180770843431,4.72180770843431
817.0,-22996.127526960918,-36.80985632567033,4.72180770843431,4.72180770843431
818.0,-23032.54770459556,-36.65429463396858,4.72180770843431,4.72180770843431
819.0,-23073.9256174108,-38.539986749410794,4.72180770843431,4.72180770843431
820.0,-23110.899369093222,-37.91473783990614,4.72180770843431,4.72180770843431
821.0,-23150.204500969063,-38.4697901261622,4.72180770843431,4.72180770843431
822.0,-23189.483111935675,-38.79267547021768,4.72180770843431,4.72180770843431
823.0,-23234.106442783013,-41.12030239740892,4.72180770843431,4.72180770843431
824.0,-23273.414246144857,-40.396743674106574,4.72180770843431,4.72180770843431
825.0,-23311.792045225142,-39.59077084650096,4.72180770843431,4.72180770843431
826.0,-23351.692559878804,-39.714422130867014,4.72180770843431,4.72180770843431
827.0,-23393.43330966998,-40.52334231571601,4.72180770843431,4.72180770843431
828.0,-23429.4918528725,-38.74097207288709,4.72180770843431,4.72180770843431
829.0,-23465.487512670286,-37.64502961672033,4.72180770843431,4.72180770843431
830.0,-23501.85585771781,-37.135370721006105,4.72180770843431,4.72180770843431
831.0,-23537.350114274843,-36.480229699699414,4.72180770843431,4.72180770843431
832.0,-23573.381463135356,-36.30103421294715,4.72180770843431,4.72180770843431
833.0,-23603.15075634485,-33.69353038057766,4.72180770843431,4.72180770843431
834.0,-23636.441285964673,-33.5326504516954,4.72180770843431,4.72180770843431
835.0,-23668.777132488805,-33.05488030954397,4.72180770843431,4.72180770843431
836.0,-23706.428468514205,-34.8898085297653,4.72180770843431,4.72180770843431
837.0,-23741.193397004005,-34.839955790254805,4.72180770843431,4.72180770843431
838.0,-23778.590517514076,-35.86078879685972,4.72180770843431,4.72180770843431
839.0,-23812.599740865156,-35.12163456627967,4.72180770843431,4.72180770843431
840.0,-23844.752456945684,-33.93642738713662,4.72180770843431,4.72180770843431
841.0,-23879.653676648206,-34.32157732778472,4.72180770843431,4.72180770843431
842.0,-23915.808869178574,-35.05356573107635,4.72180770843431,4.72180770843431
843.0,-23949.484940647042,-34.50366309915694,4.72180770843431,4.72180770843431
844.0,-23979.37209988862,-32.66073156001311,4.72180770843431,4.72180770843431
845.0,-24015.11855023418,-33.89256600578756,4.72180770843431,4.72180770843431
846.0,-24051.639427013357,-34.94180087450795,4.72180770843431,4.72180770843431
847.0,-24088.697446742426,-35.786606075828594,4.72180770843431,4.72180770843431
848.0,-24130.049051141348,-38.00818137205222,4.72180770843431,4.72180770843431
849.0,-24166.545241960277,-37.404587145077926,4.72180770843431,4.72180770843431
850.0,-24201.947892589105,-36.605404027511504,4.72180770843431,4.72180770843431
851.0,-24240.718753890105,-37.469865453105236,4.72180770843431,4.72180770843431
852.0,-24280.283379225166,-38.30610412472556,4.72180770843431,4.72180770843431
853.0,-24318.205740766916,-38.15291215719057,4.72180770843431,4.72180770843431
854.0,-24356.033886183573,-38.02326364232766,4.72180770843431,4.72180770843431
855.0,-24388.816147217436,-35.931029063550994,4.72180770843431,4.72180770843431
856.0,-24424.200274524792,-35.71270313414619,4.72180770843431,4.72180770843431
857.0,-24461.675289003968,-36.41622667917986,4.72180770843431,4.72180770843431
858.0,-24495.29827874307,-35.301152455919066,4.72180770843431,4.72180770843431
859.0,-24528.181843617727,-34.33603934443821,4.72180770843431,4.72180770843431
860.0,-24564.338750982013,-35.06293900832328,4.72180770843431,4.72180770843431
861.0,-24596.648672032585,-33.96392040491828,4.72180770843431,4.72180770843431
862.0,-24629.06988431037,-33.3480635680349,4.72180770843431,4.72180770843431
863.0,-24661.550240966262,-33.00167060824104,4.72180770843431,4.72180770843431
864.0,-24694.363182550715,-32.92632903352939,4.72180770843431,4.72180770843431
865.0,-24729.008658169605,-33.61262098958956,4.72180770843431,4.72180770843431
866.0,-24761.617382365697,-33.211860344769384,4.72180770843431,4.72180770843431
867.0,-24796.59282255107,-33.915890279610714,4.72180770843431,4.72180770843431
868.0,-24830.263449802093,-33.81798004608459,4.72180770843431,4.72180770843431
869.0,-24862.658495069893,-33.24993733195504,4.72180770843431,4.72180770843431
870.0,-24899.084857518537,-34.51798220094595,4.72180770843431,4.72180770843431
871.0,-24936.965193091793,-35.860250563920744,4.72180770843431,4.72180770843431
872.0,-24977.413652750307,-37.691886691491916,4.72180770843431,4.72180770843431
873.0,-25017.007445804717,-38.45113726916909,4.72180770843431,4.72180770843431
874.0,-25055.131597968946,-38.32060317208609,4.72180770843431,4.72180770843431
875.0,-25096.016050895305,-39.34410487803939,4.72180770843431,4.72180770843431
876.0,-25135.71013237698,-39.483817296938135,4.72180770843431,4.72180770843431
877.0,-25173.58091079828,-38.839884071819256,4.72180770843431,4.72180770843431
878.0,-25211.584696795784,-38.506109518931915,4.72180770843431,4.72180770843431
879.0,-25246.51929500126,-37.08034425477655,4.72180770843431,4.72180770843431
880.0,-25285.23088971839,-37.731547636829404,4.72180770843431,4.72180770843431
881.0,-25328.23699782908,-39.83717868410997,4.72180770843431,4.72180770843431
882.0,-25368.388559935407,-39.96268212612157,4.72180770843431,4.72180770843431
883.0,-25406.708453581366,-39.30687270937714,4.72180770843431,4.72180770843431
884.0,-25447.15521277948,-39.76192112392181,4.72180770843431,4.72180770843431
885.0,-25488.003728822572,-40.19569527609299,4.72180770843431,4.72180770843431
886.0,-25525.959917722594,-39.301673076631005,4.72180770843431,4.72180770843431
887.0,-25567.394897233415,-40.15329972560949,4.72180770843431,4.72180770843431
888.0,-25609.840770269635,-41.06850651201489,4.72180770843431,4.72180770843431
889.0,-25655.010241532662,-42.7056322490914,4.72180770843431,4.72180770843431
890.0,-25694.98739853074,-41.61641121755021,4.72180770843431,4.72180770843431
891.0,-25734.65880014174,-40.83995360840906,4.72180770843431,4.72180770843431
892.0,-25774.075881716206,-40.27193594213495,4.72180770843431,4.72180770843431
893.0,-25815.992748760083,-40.92860070418089,4.72180770843431,4.72180770843431
894.0,-25858.625879230967,-41.609057552778694,4.72180770843431,4.72180770843431
895.0,-25897.0088323101,-40.321180434839974,4.72180770843431,4.72180770843431
896.0,-25935.632837831683,-39.6436596806976,4.72180770843431,4.72180770843431
897.0,-25976.767777364974,-40.23898609194339,4.72180770843431,4.72180770843431
898.0,-26013.163704042032,-38.70481746109258,4.72180770843431,4.72180770843431
899.0,-26050.442132996817,-38.13539600138092,4.72180770843431,4.72180770843431
900.0,-26089.89727416016,-38.66224490211854,4.72180770843431,4.72180770843431
901.0,-26129.447608692746,-39.01677474549391,4.72180770843431,4.72180770843431
902.0,-26167.205380899723,-38.51417460528445,4.72180770843431,4.72180770843431
903.0,-26204.805281821336,-38.149191956287574,4.72180770843431,4.72180770843431
904.0,-26243.571332768195,-38.39544516520941,4.72180770843431,4.72180770843431
905.0,-26285.612815534278,-39.85096169781758,4.72180770843431,4.72180770843431
906.0,-26325.42889366426,-39.83703600223748,4.72180770843431,4.72180770843431
907.0,-26368.74542920713,-41.22606970429926,4.72180770843431,4.72180770843431
908.0,-26409.73618142483,-41.13212978111277,4.72180770843431,4.72180770843431
909.0,-26453.52541833496,-42.19286029970993,4.72180770843431,4.72180770843431
910.0,-26496.799062303817,-42.62431457166787,4.72180770843431,4.72180770843431
911.0,-26540.49086359902,-43.05046063611652,4.72180770843431,4.72180770843431
912.0,-26590.578748555236,-45.85983578968889,4.72180770843431,4.72180770843431
913.0,-26637.24602118672,-46.18216863452568,4.72180770843431,4.72180770843431
914.0,-26680.233675806023,-44.90690258634037,4.72180770843431,4.72180770843431
915.0,-26725.4749599276,-45.04038937556679,4.72180770843431,4.72180770843431
916.0,-26771.828800059244,-45.564725517842625,4.72180770843431,4.72180770843431
917.0,-26814.16763270012,-44.27693287036007,4.72180770843431,4.72180770843431
918.0,-26856.69380891832,-43.57802201678454,4.72180770843431,4.72180770843431
919.0,-26896.12093391656,-41.92096306758571,4.72180770843431,4.72180770843431
920.0,-26936.28109299081,-41.21804126492158,4.72180770843431,4.72180770843431
921.0,-26978.729968266754,-41.7093963874014,4.72180770843431,4.72180770843431
922.0,-27021.066361563884,-41.959696704596,4.72180770843431,4.72180770843431
923.0,-27063.761520687993,-42.25329699836601,4.72180770843431,4.72180770843431
924.0,-27102.604413867382,-40.89184665561544,4.72180770843431,4.72180770843431
925.0,-27147.139253530917,-42.34614777141624,4.72180770843431,4.72180770843431
926.0,-27190.993842035452,-42.94832489240611,4.72180770843431,4.72180770843431
927.0,-27236.47892786964,-43.96101260828638,4.72180770843431,4.72180770843431
928.0,-27285.20156762713,-45.86187809473027,4.72180770843431,4.72180770843431
929.0,-27333.692619559308,-46.91145750296054,4.72180770843431,4.72180770843431
930.0,-27380.91068174262,-47.033855632130695,4.72180770843431,4.72180770843431
931.0,-27427.222804678622,-46.74573631293138,4.72180770843431,4.72180770843431
932.0,-27474.24440048433,-46.855860808717445,4.72180770843431,4.72180770843431
933.0,-27521.64949792866,-47.07511883371795,4.72180770843431,4.72180770843431
934.0,-27565.32842815883,-45.71934327640167,4.72180770843431,4.72180770843431
935.0,-27609.705673701952,-45.18357111686529,4.72180770843431,4.72180770843431
936.0,-27657.80053000917,-46.34577079486257,4.72180770843431,4.72180770843431
937.0,-27707.78077076855,-47.79666946890646,4.72180770843431,4.72180770843431
938.0,-27754.610123257004,-47.41051166927607,4.72180770843431,4.72180770843431
939.0,-27801.549949483117,-47.22261167504156,4.72180770843431,4.72180770843431
940.0,-27848.923340283916,-47.282803459750276,4.72180770843431,4.72180770843431
941.0,-27893.72371318637,-46.29180470638182,4.72180770843431,4.72180770843431
942.0,-27941.96933656571,-47.071778939102416,4.72180770843431,4.72180770843431
943.0,-27983.564644049522,-44.885544013378194,4.72180770843431,4.72180770843431
944.0,-28028.10329567901,-44.74706283050083,4.72180770843431,4.72180770843431
945.0,-28074.18153832079,-45.27847650070611,4.72180770843431,4.72180770843431
946.0,-28117.62257599654,-44.54496168814884,4.72180770843431,4.72180770843431
947.0,-28162.122635030206,-44.52703632283241,4.72180770843431,4.72180770843431
948.0,-28203.782344219606,-43.38238492206,4.72180770843431,4.72180770843431
949.0,-28248.395648087964,-43.8737739511269,4.72180770843431,4.72180770843431
950.0,-28293.308457656363,-44.28856219098052,4.72180770843431,4.72180770843431
951.0,-28340.06804917986,-45.27500951812184,4.72180770843431,4.72180770843431
952.0,-28387.91211372813,-46.300589196363276,4.72180770843431,4.72180770843431
953.0,-28434.120101758504,-46.26362234555569,4.72180770843431,4.72180770843431
954.0,-28479.016828964886,-45.71795093697426,4.72180770843431,4.72180770843431
955.0,-28528.091590025415,-47.05800640719005,4.72180770843431,4.72180770843431
956.0,-28577.16085523311,-47.86091102747816,4.72180770843431,4.72180770843431
957.0,-28625.354979454507,-47.993931408979535,4.72180770843431,4.72180770843431
958.0,-28670.18800598797,-46.73208229825861,4.72180770843431,4.72180770843431
959.0,-28718.124871561464,-47.21303783609929,4.72180770843431,4.72180770843431
960.0,-28763.46822047392,-46.46664862207985,4.72180770843431,4.72180770843431
961.0,-28805.267641215854,-44.60346779822513,4.72180770843431,4.72180770843431
962.0,-28850.627075765035,-44.905253524147255,4.72180770843431,4.72180770843431
963.0,-28897.283619539136,-45.60437739264296,4.72180770843431,4.72180770843431
964.0,-28942.00302820859,-45.25109343113588,4.72180770843431,4.72180770843431
965.0,-28989.662955667933,-46.21271208024843,4.72180770843431,4.72180770843431
966.0,-29036.65057235624,-46.522057893894555,4.72180770843431,4.72180770843431
967.0,-29084.695796534492,-47.13011352893835,4.72180770843431,4.72180770843431
968.0,-29127.82622455413,-45.53341897410831,4.72180770843431,4.72180770843431
969.0,-29177.068061869773,-47.01383821186954,4.72180770843431,4.72180770843431
970.0,-29223.79396516051,-46.89889314439954,4.72180770843431,4.72180770843431
971.0,-29272.889415988888,-47.775770010149024,4.72180770843431,4.72180770843431
972.0,-29321.54435175564,-48.126737398234035,4.72180770843431,4.72180770843431
973.0,-29371.701645008638,-48.937345499555114,4.72180770843431,4.72180770843431
974.0,-29421.28791207737,-49.19639825097871,4.72180770843431,4.72180770843431
975.0,-29469.46730532421,-48.79040474259833,4.72180770843431,4.72180770843431
976.0,-29515.907956004172,-47.852371112634664,4.72180770843431,4.72180770843431
977.0,-29563.21360613468,-47.63411734914629,4.72180770843431,4.72180770843431
978.0,-29607.310365588542,-46.221986301155454,4.72180770843431,4.72180770843431
979.0,-29650.631413632505,-45.06391717087342,4.72180770843431,4.72180770843431
980.0,-29695.21020233695,-44.87025144917288,4.72180770843431,4.72180770843431
981.0,-29742.43448307863,-45.809991772383924,4.72180770843431,4.72180770843431
982.0,-29791.064779716995,-46.93587164768976,4.72180770843431,4.72180770843431
983.0,-29834.293114445947,-45.45580427833993,4.72180770843431,4.72180770843431
984.0,-29880.69709768676,-45.834322085019394,4.72180770843431,4.72180770843431
985.0,-29922.008014532123,-44.02855598199626,4.72180770843431,4.72180770843431
986.0,-29971.23195630729,-46.102580098869915,4.72180770843431,4.72180770843431
987.0,-30018.02710105165,-46.37905538567939,4.72180770843431,4.72180770843431
988.0,-30064.715162029985,-46.502411971105396,4.72180770843431,4.72180770843431
989.0,-30109.791913102265,-45.93328097595751,4.72180770843431,4.72180770843431
990.0,-30157.14513702015,-46.50012933397781,4.72180770843431,4.72180770843431
991.0,-30205.326247354064,-47.17118539654341,4.72180770843431,4.72180770843431
992.0,-30252.897790253195,-47.33101012348317,4.72180770843431,4.72180770843431
993.0,-30299.070716689184,-46.868697295747765,4.72180770843431,4.72180770843431
994.0,-30345.465497019522,-46.67950726159316,4.72180770843431,4.72180770843431
995.0,-30390.269200922354,-45.93067713434902,4.72180770843431,4.72180770843431
996.0,-30437.99654144767,-46.64791418875045,4.72180770843431,4.72180770843431
997.0,-30487.564322668888,-47.81353978124557,4.72180770843431,4.72180770843431
998.0,-30535.536618300433,-47.8769159144776,4.72180770843431,4.72180770843431
999.0,-30582.738550790087,-47.607459139311665,4.72180770843431,4.72180770843431
1000.0,-30629.564418752638,-47.29544401383844,4.72180770843431,4.72180770843431
