time,observation_1,observation_2,state_1,state_2
1.0,1.3862397913970883,0.573630567284452,0.7088817563697926,0.1838314953004302
2.0,-1.0915329788384684,1.0195805104542826,0.5532913541021731,1.2067063095012025
3.0,1.5117817669099893,-0.04266736587018194,0.2248309325707335,1.501074895058067
4.0,-1.0306881004236987,1.5296309552990208,-0.4378863793702197,0.14390672790872783
5.0,-3.1594742230285977,-3.5101774061746873,-1.9608000148737108,-1.671689316444741
6.0,-3.30972797767527,-1.307235092724337,-2.275110576358505,-2.050987539485166
7.0,-4.788196724573896,-5.420598596703649,-3.5470542658379642,-2.8776915104261747
8.0,-6.148856016006103,-1.552350965184428,-5.018601106651333,-2.55025884038203
9.0,-5.038580968250453,-4.660414476120251,-5.847736693715158,-3.5291772241836554
10.0,-8.08472594877413,-3.122330092451672,-7.332756085175822,-3.963508921099473
11.0,-7.461139555612249,-3.349109794349402,-7.413093420260142,-3.32584102544127
12.0,-8.51246929688346,0.37217282071405844,-6.634265483119123,-3.293605937531194
13.0,-5.205423317039509,-2.4293595615664403,-6.435456120268365,-2.8645685148023183
14.0,-8.125339733967492,-4.0667293530065685,-7.620397480828109,-4.560098475630991
15.0,-7.592125310453151,-4.264265134571499,-6.604724149788515,-2.4668503272376836
16.0,-6.870996686803347,-9.011166510860251,-6.8692470388514515,-4.292055880958939
17.0,-7.895006997592969,-1.0180051350491848,-6.926228898075237,-3.60948074850313
18.0,-6.092287874574762,-3.7503465735665054,-6.444329621410783,-3.773782544944862
19.0,-6.987531015224502,-7.329683597305601,-6.45433790581564,-3.325290312923361
20.0,-5.35449307436714,-4.395897538712355,-7.2118766149524305,-4.894020242290876
21.0,-7.094031953976362,-3.8778305942748217,-6.802526363430396,-3.398235835287038
22.0,-5.627803442264123,-5.314552676534973,-6.024369447277561,-3.864660675873318
23.0,-4.656405210639108,-3.1326364027693057,-5.2834042410498885,-3.519668523296353
24.0,-7.3911773974378665,-1.4374314977739173,-5.722048130633851,-5.421830883933695
25.0,-7.252764178025276,-5.955564454485781,-6.135551052087496,-4.827647583308105
26.0,-5.940767286733652,-0.7083146068854687,-5.72250273614223,-3.7113921539445354
27.0,-6.072726363179505,-3.72337559112246,-5.9930978184874295,-2.5707545744441864
28.0,-6.192004936949772,-4.309729841064414,-7.381818960809114,-1.86399863444233
29.0,-9.26236343477307,-1.4881276307002789,-7.802015531832962,-1.7196857878560732
30.0,-8.077667202205705,-1.7706083603385816,-7.682954735812994,-2.4407107200409186
31.0,-5.904563730077747,-4.189765179365072,-6.407730241042486,-2.9266113129507962
32.0,-8.209186272684107,-5.559375794785087,-7.467119574639883,-4.527485000460368
33.0,-6.452868775467351,-2.284286850271519,-6.003506727898262,-3.1424244553126597
34.0,-5.58836304731169,-2.1063542018783306,-6.044960707950454,-3.374738864750884
35.0,-7.873254129342728,-3.811267165920607,-5.362457352109477,-2.5543601382493657
36.0,-3.381923964283806,-0.27284205811977136,-3.823404812845986,-0.04101880728120255
37.0,-2.3429433484509574,-0.7484392707734469,-3.3708540385882984,-1.015990619486827
38.0,-1.5631733722395924,0.643963432321482,-2.1832735889302493,-1.3959666585202544
39.0,-1.911938313600433,-0.3665042608514365,-1.5649638481902568,-0.1464197172747459
40.0,-3.3445327455043197,0.830185402907698,-0.8460060048977869,0.5867986416599362
41.0,0.40180281235388116,1.5467838840686525,-0.7965321545615035,0.7499060826566475
42.0,0.43492836149563385,-6.511284541443455,-1.4403389150271644,-0.15207515141309846
43.0,-2.8432450919140244,-1.8636188719213673,-2.0988108772431513,-1.2269580381287326
44.0,-2.764769587841551,-1.4080371669016098,-2.5396941817663827,-2.6829700188134886
45.0,-3.631720540099214,-1.1952230477873984,-2.3831302869970066,-2.1039172653700042
46.0,-2.476167317647971,-2.8709838929284395,-2.2986454818771116,-1.9662837716149728
47.0,-1.7635566198206667,-0.7024493526993293,-1.9189259973445851,-1.6233167148097594
48.0,-2.120902146257848,-0.050818728926085965,-1.861315045664072,-0.7546018480714263
49.0,-2.817792494693582,-2.4651803475036616,-2.478417541081339,-1.8384204703720748
50.0,-3.731375571079843,0.12713858266829892,-2.5809040614204823,-2.7005915222989367
51.0,-2.218898109421069,-4.306556430709885,-2.7150958737263067,-4.265023026134811
52.0,-1.3439320944488853,-3.86401286188819,-0.34878983916626805,-3.6252531660062974
53.0,1.788948839089732,-3.4412789867954445,0.8610556119053556,-2.8097619666916165
54.0,1.4767469906452968,-1.9692208923352996,1.2800113327746814,-2.2759679383564526
55.0,-0.5232479125335447,-1.4389908027357137,0.6648470248215195,-1.7498867358772285
56.0,0.5306435144469288,0.04680629853145435,0.10465267022549973,-2.69858877970558
57.0,-0.8719211623988038,-0.4438679523392862,0.6441421210845178,-1.4365056257053552
58.0,1.9463297638209016,1.2282983267762078,1.1568394062134697,0.031176775180472793
59.0,0.7801403356162393,2.2216785037028295,0.24983914495188997,-0.09003502485471082
60.0,0.6184938814880196,-0.7109031949029923,0.9773476279223198,-1.0004354316834978
61.0,1.6995138157705658,-1.5579511511930733,0.53815047985046,-1.1648376850050748
62.0,-1.6492347832454661,-1.6509430565716223,-0.06379393785405252,-2.2221758229163453
63.0,-1.9889822788793246,-4.710725956562062,0.01986002548659857,-2.2933352443973085
64.0,-0.21788254306212496,-0.9910133491322739,0.8087095112293516,-2.690355111296396
65.0,0.8378623629022011,-4.719701983720074,0.11938415670115843,-3.4734944000436188
66.0,-0.2487546720379002,-5.866186491814,-0.11581902234585106,-4.7902482355754445
67.0,-0.15658563387256974,-5.32716647826158,-0.5530385861509307,-5.409769669246558
68.0,-3.026206672320064,-3.093645446604572,-0.8764599267117563,-5.151952208365016
69.0,0.8500479215001491,-8.133138357290889,-1.960646578275624,-7.0360234555432335
70.0,-1.5018849728012444,-4.280388548333356,-1.0360063677168296,-5.507926929659018
71.0,-0.27665509714657766,-11.026242578143258,-0.4273565877972588,-8.042221291394931
72.0,-0.01086214653901127,-6.560272851884844,0.2248185711939793,-7.05379534174156
73.0,-0.8610380395352027,-4.831267901793945,0.9447133697363154,-6.714206841012124
74.0,0.8829727450020425,-5.828027650251075,0.6921811158339745,-8.019313896130143
75.0,2.1555953974841886,-8.09165749786865,1.6254500591799674,-7.06692786642363
76.0,1.451695271099496,-8.410361174681526,1.6138923116136656,-7.546883532092486
77.0,2.2397768161290847,-4.187840440659635,1.8486817820831212,-6.182095158495183
78.0,3.5312070145874905,-10.214767997834324,2.0352780382264317,-6.743121503270831
79.0,3.6152922028097523,-5.410359920250501,1.9335052520154203,-6.05826675090781
80.0,1.8806477979437446,-5.640838021745479,1.357057992292233,-4.8134971276017
81.0,0.8149954003647579,-0.4957435428044379,2.027145276174539,-4.422011316945003
82.0,1.2333133798423144,-4.480339129050732,1.9445068943316859,-4.095775216737997
83.0,4.298356623150033,-4.711991238003105,2.021447209020121,-4.602973919146098
84.0,3.4748268904276634,-1.5838841651312277,2.3900444775697802,-3.580855181765557
85.0,2.5680267184881305,-8.106869502762008,2.0101854178629157,-4.19750001013105
86.0,3.7505752364701133,-1.7635358983180929,2.582153391828638,-3.9259111550571357
87.0,3.9161359762332633,-4.042174300723673,3.4769554962095617,-3.3256191546874208
88.0,3.0421252768101787,-3.9133103420374207,3.6100014452977636,-3.4611798562292426
89.0,1.259184062961044,-5.145517430520942,2.9632728651720477,-3.456303813886191
90.0,4.025136772460326,-3.5274130936565387,4.199944503515061,-2.465951586873145
91.0,3.5485395633960453,-2.132492566677096,4.030327713241397,-2.9393007616370666
92.0,2.414626746719703,-4.402813364988667,3.040499366451963,-2.4114293467714223
93.0,0.6762791595475341,-5.033619400033247,2.0671236629556202,-3.4884202171177723
94.0,1.4731898423530705,-4.834284129567519,1.409893316120482,-5.7011686250960985
95.0,1.62596481012731,-8.50951090029209,1.7649777047489141,-5.524591446080238
96.0,0.8745097436000613,-3.2899309515603394,2.565230934207479,-4.328237733924554
97.0,3.973765847556998,-5.097759598183824,3.2743468956413455,-7.268694432705988
98.0,5.3989754736308795,-8.095579459549656,3.9629092429640447,-7.678430578827671
99.0,2.040953989083431,-8.615283148281506,4.620495725960472,-8.014985128199744
100.0,4.621592969571455,-8.843383928472583,5.287743695564837,-7.7326629601166985
101.0,2.993116085823909,-5.592004293598938,4.4833307628298815,-6.680842692682961
102.0,3.5334217829113097,-8.878293503090715,3.512817436431398,-9.734257507046182
103.0,3.216728263948078,-11.696720366450643,2.8941550991221083,-10.79655400727174
104.0,3.492864656650792,-8.827679988032267,2.7055774216048714,-10.46287596658135
105.0,0.8709031577431283,-14.215664818628992,2.0111452256693036,-12.237153131400822
106.0,2.3468347984099642,-14.038662084894948,2.789486301344002,-12.784912683498638
107.0,2.448348350164473,-13.002094101464138,3.4463572376872795,-11.249440561807578
108.0,1.4831258468106268,-15.070558723206677,3.010820707004435,-11.391031972799498
109.0,1.7624822325372005,-16.370214155528885,1.7617304716368798,-11.267008294530179
110.0,2.1982219563388865,-10.561556092457183,2.757898399674544,-9.236023060810798
111.0,3.0045785696415597,-6.496113704702927,2.8586790564265616,-7.754136680969701
112.0,3.3504657581886397,-8.058874303591045,2.7519110904227295,-9.043777988254586
113.0,4.123564558772798,-7.483915684644147,3.9483690408928447,-6.261814591729131
114.0,3.020455918010156,-4.785309255343561,3.85592574481409,-6.927389917410047
115.0,5.195399392581361,-10.744166456781198,3.6854655894987527,-8.142002739952009
116.0,5.263994168606324,-4.134571479115429,4.8438426097993235,-5.9402239200778695
117.0,4.746178807854342,-4.916599708515795,5.365001910145984,-5.223056269523186
118.0,4.669448170373919,-6.385582708971952,5.651358366999792,-6.147435526196258
119.0,3.8935780891024434,-5.023382951623,4.328557344325414,-6.21750822462709
120.0,4.924788252556965,-8.238605592750023,4.293008089457686,-7.121995057451994
121.0,4.314168390447384,-7.548509774598383,5.697247921304799,-6.398384736964601
122.0,2.9373554671486257,-5.906556486753412,4.660181122557878,-7.951276653924678
123.0,5.31592303315069,-5.150373323028753,5.292029457728108,-7.364390371084476
124.0,5.4966345413305895,-6.135909073289975,5.900999102396731,-6.458004813982962
125.0,5.023403889889529,-7.414575524962049,4.904844070310378,-6.266734843622186
126.0,5.416969058411206,-7.144070972100443,6.013834723833808,-7.738640819643084
127.0,5.997222712327988,-11.377368508990827,7.072460448824092,-7.933557938768581
128.0,5.634987808940759,-9.125369207008985,6.043104873785062,-9.050577743127782
129.0,7.357982640617818,-8.988501945186345,5.735911368478767,-8.803757676798401
130.0,4.326155967575513,-11.811182810430335,3.8920991409834107,-10.757615566106077
131.0,4.788638926122424,-10.892202580497546,3.9176928237403223,-9.498731949253175
132.0,5.274992105047841,-10.346743692051602,3.4662549552242066,-9.716497390483651
133.0,2.6616593902537358,-10.687462016872267,3.2220640470852824,-9.645385915030499
134.0,1.765731749823038,-9.069366253888484,4.024043725811144,-9.07151765217115
135.0,3.830561705561875,-13.992646328028954,4.187056815993042,-9.405274587674237
136.0,5.779721024903372,-6.493007826301093,5.211987074989188,-9.340008661039082
137.0,3.518203283439592,-13.991657403726505,4.441747984510991,-10.734104034107961
138.0,6.254114610663444,-11.48529720810691,4.385788306354326,-11.33068520668603
139.0,2.4017211162943193,-7.618386573181971,3.9062730022562913,-12.940862404308307
140.0,2.159706599977973,-11.666356398634372,3.257696055874145,-14.140920293702852
141.0,4.045140739031179,-15.667568539451912,3.391149484602007,-14.285308511861595
142.0,2.839492570170318,-18.189753344584854,2.561142681323373,-14.750948625227592
143.0,2.9285890034391837,-15.002309496615547,1.4444792759314216,-14.991641411093383
144.0,0.7143737073637637,-16.716062532597444,1.1083622330448732,-15.578540166356547
145.0,2.1281604839822728,-16.435319104426483,0.5988494350633924,-15.300492104931076
146.0,0.09512336104013475,-18.12143192478681,1.1294117625997708,-14.326576746421287
147.0,0.7589721245623189,-17.991365589442893,0.9460437960325723,-15.314327569733704
148.0,1.9499528037296439,-13.884500828954332,2.493859915762335,-14.663611894783653
149.0,3.6276275920185297,-11.113079638334831,3.1834541559329397,-14.9942038165292
150.0,3.8097507328017994,-14.888138602775685,3.5537749706172934,-16.54434247131227
151.0,3.1313486554883383,-18.12463943049448,2.345944945497932,-18.427030855178
152.0,2.055400155029102,-22.126418646476885,1.0876427057054712,-19.16925275627123
153.0,1.8557549848010542,-16.299552498719677,1.3931074307575932,-18.81853796793596
154.0,1.1570387206023631,-16.377835617526834,2.3463909417384885,-17.1998956530037
155.0,2.574405671736029,-16.158862906085997,2.82136388778107,-16.304224123598836
156.0,1.9044532091346884,-17.141049898227834,2.334353244065561,-17.80104089527285
157.0,1.4699243775983106,-15.76825998078618,1.6750895050632495,-19.18220366837245
158.0,2.1739518673821507,-17.458398589170237,2.8550668757825637,-20.282432148722624
159.0,4.267407843957217,-22.678421623541336,3.1380845229791574,-19.966667912436918
160.0,3.313647544157271,-17.775085429260017,3.075064774744116,-19.361643939371266
161.0,2.26831829675684,-18.73539430643675,2.4847439781965175,-18.378687349106205
162.0,0.7637973095132871,-18.315405421639923,1.9362059672306455,-19.385020155108943
163.0,2.216777414563775,-18.33555889840147,2.5091974683511182,-18.57202175218425
164.0,3.581649498250195,-17.61435118120929,3.869647179505701,-17.507247023317277
165.0,3.5510941051580946,-17.674914693611868,3.06374366940531,-17.302066852684398
166.0,0.5979614864120029,-17.325867934145858,2.18531732143647,-18.14580391439618
167.0,2.8316518710223004,-15.4947352997984,1.689405518035104,-18.38143681558179
168.0,3.4634453076840934,-16.86553649466263,1.8287428797915573,-18.079524685426065
169.0,2.2511351703900773,-18.74828694002509,1.766101794910718,-18.155950173067687
170.0,1.5525923563928175,-14.285910652434776,1.017097532075328,-18.26825976610639
171.0,-0.821551903886105,-19.656618777508974,0.21409963657680353,-19.989523418477773
172.0,-0.8691946443973306,-24.120557427327398,-0.60841903303771,-20.992262253102606
173.0,0.34490098492203847,-22.040551218900923,-0.6811297391111674,-20.871475177431456
174.0,-1.7550657450540603,-24.70009642793569,-0.8097312745589915,-22.580232715544952
175.0,-1.7862768280321484,-23.97614432724395,-1.191283216478792,-22.350092811450175
176.0,0.3689532150306266,-21.891861474094565,-0.6484105232585565,-22.726158109136364
177.0,2.523380381825272,-23.868569549260584,1.186667622346846,-21.728787500719456
178.0,-0.20968907940550285,-22.246847574024578,0.8710531930067626,-22.11613445564298
179.0,1.654336221984199,-19.84365229018556,0.4158111564914438,-23.417097000870047
180.0,1.0847150104398406,-26.496426173512347,0.06477681628840304,-23.736549609804896
181.0,1.8750831996692194,-22.252189994496604,2.212797296395129,-22.88365924210997
182.0,2.140853226310042,-22.84894625588033,1.5632150390378152,-24.56367812291225
183.0,1.690902792492268,-24.467019188439618,1.8578018719513112,-24.82696857063185
184.0,0.9753558057617415,-24.0596948196554,0.7265980134433392,-25.92570807445316
185.0,-0.8490794794185846,-25.874372626471928,-0.8951398262365664,-27.25745968826294
186.0,-0.6965251188479383,-22.843431232194824,-0.7290517701237547,-25.742764586603244
187.0,0.0030192546991151814,-25.82034685607034,-0.444622063049541,-25.224364283518852
188.0,1.5511945802698737,-24.716837411735693,0.7097704734111345,-22.996575152234993
189.0,-1.012121415955324,-25.74531179900999,0.6629604373904291,-23.153885851488415
190.0,1.068186641235969,-21.281400501791207,0.2614045203682273,-23.6249436293628
191.0,-0.9116400705890761,-24.528605406152924,1.3884190622890973,-22.848112588502396
192.0,3.4456817169340814,-26.2170402916744,3.1315411435170804,-22.987662516050698
193.0,2.0503734208701676,-22.74050884937555,3.8249101148432563,-22.27948370512362
194.0,3.089453007328026,-22.938210787296484,3.479139910364779,-21.44305697093838
195.0,3.963266195655281,-20.52190930999352,3.817144532240458,-20.923798639577832
196.0,4.000518748174359,-21.482154113716337,3.6936951906396405,-21.49167291148931
197.0,1.469773992136461,-25.64044424671815,2.4463335299407287,-24.703322383824336
198.0,4.1178340005150975,-25.466534187237098,2.2676061321540235,-24.248166314723534
199.0,4.497816386936842,-24.644494345816593,1.8917454752110971,-24.840375048056185
200.0,-1.901666824746983,-23.70492925385662,0.6314001601722679,-25.64242374388627
201.0,2.3472915920717705,-21.888176193564867,1.4293079975291736,-23.97027266341228
202.0,1.8894678530398126,-21.803752791874988,1.0650466328846884,-24.502125035003104
203.0,1.3938064802445669,-21.82847427292297,1.2655166896814172,-24.42965765938053
204.0,4.8018113996947545,-20.33098296779724,2.7944907907398457,-22.14588353922442
205.0,2.09941693921475,-22.58961557319091,2.846256222771478,-22.295882871207546
206.0,2.9147889965013265,-19.83526237576467,2.112232993615993,-23.40012221662161
207.0,0.8075196188359689,-28.024785902730482,1.1552965597960108,-26.046388859036696
208.0,3.5998018480176084,-25.670357588306338,1.3975655658596735,-25.130245395647602
209.0,3.008203109214171,-23.523081233911597,2.130998133504357,-23.448213071357557
210.0,1.4751974967889254,-24.812558992384282,1.8190981277407787,-24.574932879521548
211.0,3.965372813155592,-22.408609460985947,3.297371183220312,-23.489830059717438
212.0,3.7740879614733522,-23.55479707557052,4.012681204516067,-22.744540095373274
213.0,1.4043042307816176,-20.32968906695115,2.7487910994783427,-23.642938178430253
214.0,2.6825943282387668,-25.96748809491668,3.1917065915920584,-24.126628836090575
215.0,4.773663923546012,-21.65040344335904,3.939314362785299,-22.672566033597832
216.0,2.685375410532531,-23.992837681931622,2.324583532339022,-22.365349730668154
217.0,0.04416766135780925,-17.66311064989024,1.4907993217622924,-22.085852355234337
218.0,0.9451394242274863,-23.254498302612067,1.5193027909499168,-23.015861007031933
219.0,2.037811691019451,-26.286953978370306,0.49352183252239157,-23.660765240392912
220.0,-0.26024946611007965,-26.45779943976876,0.09224429035683479,-24.09982449419341
221.0,2.7404015974326867,-24.124418797624674,1.1879229721682492,-24.376292354445567
222.0,0.3006236992044913,-24.068941411226092,1.833674565707074,-24.084196189454126
223.0,2.7707849333204955,-24.448045163896168,2.9813873364445396,-23.90872826565776
224.0,1.4713553948657716,-24.012358748149655,2.469454687876127,-24.36899254246794
225.0,4.946012454260566,-19.808896733041372,4.6449619241777675,-22.450411147321127
226.0,4.028592618596849,-27.099306379510786,4.392742571079575,-23.659697687573356
227.0,2.6878546862148287,-20.117087039715138,3.3300924447892504,-24.25007137428807
228.0,3.6870668654775036,-29.15688222449355,1.984783908791548,-24.01323464563136
229.0,0.1321659830800811,-25.706247800776776,1.094246820189532,-24.860857589506526
230.0,3.575806432390007,-26.1780112409195,1.9304495864527382,-24.862896613532993
231.0,1.551667965767192,-23.122601037475054,1.8009491818905994,-24.64953045839587
232.0,3.110152437314514,-22.866034889006528,2.920900795849918,-24.080643298891125
233.0,4.251349759995231,-20.968219310839828,4.171672053487547,-22.138069030519123
234.0,4.416223896013715,-20.126518245741007,3.9806042909115256,-21.46537590654989
235.0,3.857738990003776,-22.19963526378008,3.9020877848657656,-21.883483808689025
236.0,2.5818938043470965,-21.95910513097594,3.8448931602998737,-22.482940295824854
237.0,2.8629578499047663,-23.918208956683788,2.9108352083709867,-22.679406705191674
238.0,2.711588799243226,-19.87629695279416,3.106843955607832,-23.3599772750667
239.0,5.156940357990715,-25.502500152975333,3.247084851409376,-23.54524378659579
240.0,2.407925130103491,-21.26889370962141,3.085867225880513,-22.67374183769093
241.0,2.73486154249923,-18.51024407218504,2.663623676741983,-22.714197589182692
242.0,4.099147350013279,-21.10982836994978,2.254973708934276,-20.893356862516264
243.0,4.120321231028135,-21.16185621426162,3.516081248791142,-21.527753054241018
244.0,3.0276285852491944,-21.85499285244204,3.1018009945386327,-22.64145509568596
245.0,2.464625178545317,-24.479091105562777,3.2000637469428113,-22.819902213646163
246.0,3.433573461547587,-21.657681870940575,3.420145357271611,-22.86735821070558
247.0,5.615625127101535,-25.016361725082177,3.986762772051942,-23.197398553402937
248.0,3.4781999011917524,-24.54891298221193,2.323484125323921,-24.954690165388808
249.0,0.329517402493688,-25.160262667801224,1.6497803511819535,-26.41178493131593
250.0,0.3718319394370915,-27.788408953105602,1.5072120017402075,-26.98976732537645
251.0,-0.35278412571710194,-25.95354628982007,0.5423539136139804,-27.626661380726837
252.0,1.873945753577131,-27.229824809690598,0.8253638049802248,-26.25733522919989
253.0,1.5275524359478614,-25.528523324551166,0.427424048115688,-25.89204542853542
254.0,2.1465389115841393,-27.5199156958052,0.6782318392347026,-24.753044644637132
255.0,0.11912778330248908,-21.329776026490663,1.3627569016054248,-24.543704532418815
256.0,0.8815773199421927,-25.1115386957192,1.4096076278781058,-24.782272412021328
257.0,1.360624778666929,-23.349366003141114,1.7890829060013547,-24.258576798142077
258.0,1.020824045644996,-24.3628829730657,1.0498343998596673,-22.280255502159186
259.0,1.6646292056132796,-20.198116475220047,1.1828751308306742,-21.1360294219076
260.0,0.8724006693692564,-18.842464895573837,0.162379740729778,-21.76379055102907
261.0,0.834420618447097,-21.3312242225403,0.5801816122004619,-22.5389251303862
262.0,0.5249361378834843,-22.071000595341552,-0.704479538316904,-23.240078766907736
263.0,0.203547702221417,-30.010206532018806,-0.36832993375703943,-24.22358147098943
264.0,-2.175580850713672,-21.36613232926417,-1.527580913825249,-23.886772503373
265.0,-3.086406246775608,-22.86633583520447,-1.755607487366114,-24.49215307092348
266.0,-2.7873524393232567,-24.65181923016274,-2.8543369588661154,-24.65701725232764
267.0,-2.311639278088457,-22.51901139644139,-2.3351105669313164,-22.11967399585363
268.0,-1.8488700763784327,-24.784010312916276,-2.469470216809792,-22.01482679002428
269.0,-2.2341802078950255,-25.173769434126875,-2.920743384493178,-21.309465686472226
270.0,-2.6265679108068998,-21.29597430814575,-2.2785520200463836,-19.538882523702174
271.0,-0.5513009806634397,-22.002060148788733,-3.236817225753222,-21.182772988168814
272.0,-5.421489999796776,-24.61760159757307,-3.538788881200069,-21.511724981149822
273.0,-4.961031175296767,-22.30464322325472,-4.757820530409522,-22.685377090374644
274.0,-5.818256129232773,-24.476102309545706,-4.9322996561999375,-23.562346892216937
275.0,-3.2940061855790734,-22.313513010722154,-3.2255661881300837,-22.863498010164
276.0,-4.705393983671064,-23.860400739995036,-4.002475203974215,-23.62216854531073
277.0,-3.5144897074876664,-19.03307855145068,-3.640624707195195,-22.5910729664493
278.0,-1.710700248167106,-25.310296939332268,-3.388975719730701,-21.51618155592419
279.0,-2.9465792948700367,-22.30974379504236,-3.6993437787022456,-21.03972550592473
280.0,-6.384677425569343,-25.55178518615917,-4.466198359119418,-23.26155116761159
281.0,-7.160120021096649,-22.963208765570297,-5.477631730366253,-24.059118029017366
282.0,-2.6265828166921192,-23.044478134821375,-4.131719876664091,-24.61055967003116
283.0,0.1742475762011435,-26.52392949598739,-2.3075409183450466,-23.186082182871026
284.0,-4.242335370441677,-23.41204543366827,-3.3156800815116063,-23.889719527104344
285.0,-3.6757115930895106,-25.483599419903193,-4.2368649442363715,-23.38119457832274
286.0,-3.4887722985980956,-22.94300004598282,-5.010175038144134,-24.21945907417856
287.0,-3.651282230372306,-22.44311054016647,-3.905327561839968,-22.523738290858958
288.0,-1.6968941895119534,-22.724558058255006,-3.3530284317973575,-22.74789777623554
289.0,-3.5636155431361187,-23.09853933868278,-3.057832658892681,-22.37275173640202
290.0,-3.6156764227934923,-22.67956330606549,-3.159960772777355,-22.860342507525317
291.0,-3.8802432179208806,-24.001437158129644,-3.438395501626261,-24.201572592550868
292.0,-5.2918461742335,-26.376624907649756,-3.746398857677838,-25.756726532061613
293.0,-1.0503725291377277,-24.918758295085965,-3.3047971425249973,-24.974734227387973
294.0,-1.420122422873841,-22.459058855453645,-2.440563257695195,-25.252410041911872
295.0,-2.183631690587935,-27.027859632737055,-2.5337731265764445,-25.90626729879161
296.0,-4.041325556688763,-26.99868263185398,-2.27064225678415,-25.452669537977705
297.0,-1.9775660383047653,-25.150496794721363,-1.6909890157690946,-25.45820211415816
298.0,-4.858214320502626,-27.857132317080815,-2.272408574885432,-26.41515073262336
299.0,-2.7192887445207288,-23.04989147550676,-1.0803177954619239,-25.822621465611917
300.0,-0.5201389965542005,-26.826431504548072,-0.8246240363176114,-25.585107295447084
301.0,-2.145110350807247,-25.946752053784838,-2.1080945212218123,-27.172579014752696
302.0,-1.7746406787914843,-28.095804890873882,-1.6341486954725544,-27.60776374807336
303.0,-2.1025797129890966,-29.6061224516019,-1.781102439863493,-28.878265172166
304.0,-1.4882524951825487,-32.11889297042995,-1.1896662526610302,-30.561033139676983
305.0,-1.6413032844034552,-30.79397095390681,-0.43665393047637546,-31.8609564227633
306.0,-1.875139860014595,-29.67046285116547,-1.5337980106970992,-31.180704447567244
307.0,-1.3617521271105182,-32.42788898554224,-2.0806563210936346,-30.976175497743075
308.0,-1.3260605536541492,-30.228034594743725,-1.9137137091324108,-31.295115924488588
309.0,-3.2407009935364464,-32.46153107249328,-3.091121453475006,-31.721157259705045
310.0,-2.9958768361009342,-31.53501850200016,-2.922399051750916,-30.01986927470298
311.0,-2.7187590556314705,-32.34723760952048,-3.9469905724414422,-32.101606646404676
312.0,-3.8199454213549333,-30.426119482631467,-3.3747358497247477,-31.067045172297497
313.0,-6.097880440761855,-34.51452119962403,-3.595594459097205,-32.00445642889062
314.0,-3.1240034301088,-32.01607843447275,-3.05031913935062,-31.86336795868776
315.0,-2.306990897804887,-29.14333348825548,-2.763102160340153,-31.66023906848714
316.0,-5.1011441603980865,-34.8735163547231,-4.266176798218109,-34.84362149404157
317.0,-2.9360300297596837,-33.2421340374019,-3.495980374343532,-35.005797248002864
318.0,-5.2151379340517705,-34.50735097861217,-4.412577001472322,-36.05343825080257
319.0,-3.8015925776146013,-35.714438150169485,-4.7838363183091746,-34.75405230864978
320.0,-3.7530290587989583,-33.48625186690976,-2.842067536356249,-33.92027238944047
321.0,-1.739300639869295,-34.04409250737086,-2.7776828418567194,-34.26721339423518
322.0,-2.1497645870346895,-36.729853660518536,-2.2670235585146035,-35.02652898040707
323.0,-2.864454825897916,-32.97063087845222,-2.1024344221044595,-35.903040265470764
324.0,-4.9910944438894855,-36.383247562754136,-4.048665251191316,-38.998850546754326
325.0,-3.4263577485869057,-33.924527853946266,-3.6373951399295494,-37.43654187719823
326.0,-6.534338316737201,-40.593156542475114,-5.124794510258005,-39.71681561276605
327.0,-6.8622087605833935,-40.03292884703555,-5.728771556332558,-39.07742294443159
328.0,-7.6903585573229245,-41.618247026747625,-6.534827244570092,-41.21419593113681
329.0,-7.666961386864846,-39.37465047173997,-6.803480609729637,-40.73836606735407
330.0,-6.764580383189624,-42.00165688403614,-8.048037402705798,-40.95869942910541
331.0,-9.166517067816287,-42.56236770977671,-8.00667208400286,-40.977335115022285
332.0,-6.245492716312681,-40.65078609289643,-6.328120649064613,-39.17582959392077
333.0,-5.285248629393713,-40.19559414824003,-6.011014515866853,-40.112269203146646
334.0,-3.958389815664008,-34.832045195700886,-4.5224358041423,-38.18172452266558
335.0,-5.486054325012812,-36.86672383542258,-4.620759553045712,-37.24406722314877
336.0,-8.266654440113836,-41.159061687172596,-6.588622175350888,-39.783722163502
337.0,-8.800160699907805,-45.72420042054931,-6.760555366351911,-41.91909590854183
338.0,-10.263702871471768,-40.14014163095292,-8.284648334036591,-43.9384007113607
339.0,-6.029728406654627,-40.86000357137435,-7.990689541232149,-43.170847974188035
340.0,-8.126263703906838,-46.19133140977373,-7.503981794466805,-44.62131176021692
341.0,-8.536483085135607,-43.89379745969996,-8.330891479408468,-46.74517000215896
342.0,-9.789567391518942,-43.93235307510015,-9.6818467675615,-46.32577809476193
343.0,-9.691486897772535,-42.97304724291352,-8.92335275137254,-45.742454373744955
344.0,-9.042184218578468,-45.63242459513058,-8.474491572237676,-45.17781513352429
345.0,-7.725748760563772,-47.32844314431031,-8.75499127369619,-44.48885380571589
346.0,-8.065299544432566,-43.85501190032684,-8.37194334914282,-43.60191385064579
347.0,-8.096806223185002,-42.208319333881626,-8.483312506325111,-42.37345796085274
348.0,-8.9802605490578,-44.11523594152905,-9.005942637913634,-42.33534690487885
349.0,-11.844674071895497,-42.32916311856481,-10.514823372846866,-43.35424989857445
350.0,-10.763306739188675,-41.550010040134815,-11.26420897793426,-42.702583134066444
351.0,-13.223776809462183,-40.188876066237654,-10.273677402099716,-42.17893677673895
352.0,-7.857366496595747,-42.23699122345103,-9.926739353152598,-41.907453063485235
353.0,-9.078055662634885,-40.706726114924884,-8.548604730666012,-41.27520643390813
354.0,-8.20246712660629,-42.152176054009495,-7.764246197106008,-40.29824711740649
355.0,-9.896607610325194,-41.08219523058307,-8.291848991183546,-41.9515909962278
356.0,-8.151482877797749,-44.13392647652014,-8.73424572356982,-42.28765931777607
357.0,-9.69970593342518,-38.329529988661236,-8.380420716960256,-40.97725205775836
358.0,-8.866995419631406,-43.323662889923476,-9.856452708926389,-43.20697196811963
359.0,-12.015104714355983,-46.77159542093657,-11.840670618245856,-45.64727328795732
360.0,-11.148644254525403,-43.971077642307876,-10.509192425904665,-43.56191932781713
361.0,-7.554586574562835,-39.768120622059214,-8.321379587748257,-41.670926191918355
362.0,-7.4861100557325955,-40.30718014840023,-8.545269016995114,-40.60626417416216
363.0,-9.099122210902916,-38.883413649408865,-9.075423294904425,-40.440114407803
364.0,-8.936642742292378,-40.01410087627409,-9.56957757049417,-39.39881135490736
365.0,-10.126172371989373,-38.56629047925054,-9.94478570338415,-38.057884755893795
366.0,-9.151183199154264,-38.61835761521871,-9.21396377881139,-38.081168232179444
367.0,-9.272981491033306,-38.05082521704375,-8.240836692708974,-37.84393438673327
368.0,-8.641844360690616,-41.665855815143,-7.904431242072973,-39.14499339522141
369.0,-7.367645528360253,-37.88710340055313,-7.619551997188939,-38.37523128170844
370.0,-7.268938799272925,-39.11093818467645,-6.898067272167043,-37.63391483850022
371.0,-7.007913781942786,-39.61564331088344,-8.539541744316981,-39.00016906315711
372.0,-8.046474582972166,-38.13601607196838,-9.415702051148743,-39.93424629238727
373.0,-11.195357870171057,-38.61427660282857,-9.947015510614193,-40.599937360772756
374.0,-11.761876156279763,-42.40193913479094,-10.134097254173783,-41.39021293367879
375.0,-10.676999057488045,-42.77862725157694,-9.246426608427301,-41.85871537089397
376.0,-8.446457568175177,-40.91999598520656,-8.103556696922832,-40.54046084545919
377.0,-8.524196313377521,-39.529638508895594,-8.938674086122353,-40.384925564075985
378.0,-9.08129200252924,-41.87054957790186,-8.389707756322789,-40.80645490741585
379.0,-8.366131301421351,-46.20627987395448,-8.713890870350218,-40.96445819542118
380.0,-9.152283847792276,-42.85048579321282,-9.346077568520375,-42.17497905192198
381.0,-9.123260365896288,-43.162531097918944,-8.500607741894113,-40.57952674775702
382.0,-6.95275494590395,-38.824036350997304,-7.395185968901674,-39.75576873736915
383.0,-8.045101489606832,-40.39669699378797,-7.7293080340088975,-40.426928356701865
384.0,-7.008268889477597,-42.04825534284395,-7.452525923029509,-40.89057376933981
385.0,-6.562088491041045,-37.03293932787357,-8.084553071345148,-40.297877840253925
386.0,-8.107270604259892,-42.69646899953135,-6.899574114215771,-41.48541334098569
387.0,-6.8415680216235,-40.63510452994237,-6.708060866759993,-41.915625223244504
388.0,-9.900522914305505,-37.66642541080229,-9.491755408844186,-42.212215607115674
389.0,-8.664059872119019,-45.44130702356251,-10.365871570813619,-43.57859159106067
390.0,-8.71686942177692,-44.81101483300088,-10.095306876456029,-43.90546011462463
391.0,-9.46880861416884,-39.625979477695466,-9.757591628267509,-42.81475943127983
392.0,-8.525239637735398,-41.47672389437898,-9.37281240058819,-42.12002586178463
393.0,-9.237955294704303,-41.731161641162196,-10.64999195514729,-42.14638914208388
394.0,-11.807046969095728,-44.05582500316094,-11.740660847625577,-42.98840620896568
395.0,-12.479532521864645,-42.65099642926637,-12.733410887229596,-43.038446895196664
396.0,-10.390432655232209,-45.441760780789494,-12.677624731645162,-43.10824779162446
397.0,-13.315360674386424,-45.34337625039888,-13.345073959540226,-42.8173719561138
398.0,-12.144499566845852,-41.09579243328504,-12.686102224213293,-42.649524919676566
399.0,-12.567879733046732,-41.509154515710456,-12.12135161617402,-42.09307327176922
400.0,-9.90529692956118,-41.178090655197565,-11.811239451172105,-42.1986933731445
401.0,-12.741052014115226,-45.008592749884144,-12.52966801721059,-43.385393403440844
402.0,-11.640426120847767,-44.28751333580427,-12.816558825186755,-44.68856976470247
403.0,-13.282028494189355,-47.76150895681425,-12.949674852429002,-45.34197627788889
404.0,-14.027124149116087,-44.756196323144245,-13.206940853578844,-46.20668542125417
405.0,-14.952310407581479,-45.84467150112557,-13.541876499790625,-47.148054482151466
406.0,-13.07432055788463,-46.49788455088452,-14.260912582418094,-47.35877071790888
407.0,-15.835326704111244,-47.527351297219,-15.144844530148246,-46.8254908983462
408.0,-15.460060563150309,-44.14336072224736,-15.140145359801892,-45.53477495613129
409.0,-13.351777886260114,-44.02288185925095,-14.259758410161808,-45.55457519449387
410.0,-14.416435505902053,-40.12926571897022,-14.440145443958999,-44.90135877453448
411.0,-14.442057526667432,-44.692009754853366,-14.902734863463735,-44.772233592710215
412.0,-14.783692476394927,-47.414127777217374,-15.847190065850551,-46.136022684570364
413.0,-15.044476931619677,-47.684470569830474,-16.192581293781462,-47.006769875333234
414.0,-16.69278606163771,-43.03907918379646,-15.781177012819127,-45.55596644647704
415.0,-15.966496210700786,-45.43860179282497,-15.81575321674193,-46.609567377476274
416.0,-16.51979967177847,-41.359036312041056,-14.92529080674623,-47.30513562553554
417.0,-15.074665229918445,-46.941420814519546,-15.463249852944609,-48.31328670157576
418.0,-18.053927112498616,-52.30018020339851,-17.296859148381262,-49.76829882053523
419.0,-15.655783785239661,-47.11094523543267,-16.199745752217083,-47.27097815473087
420.0,-17.172433412329422,-41.785363303214915,-17.829329616848934,-45.92206041863129
421.0,-16.638075259142518,-42.951005135272645,-17.90360095890974,-46.106146364625744
422.0,-16.820946749651544,-46.64841222116586,-18.140689189321563,-46.62200432946065
423.0,-19.18489929816176,-48.91174831860424,-18.881292812815925,-47.65939094411036
424.0,-18.193305668371924,-45.44245094778306,-18.84087768080448,-47.669793010538356
425.0,-18.240760039447828,-47.98002956115301,-19.260744980969573,-46.95368961180213
426.0,-19.408182287384186,-46.857091823390746,-19.442718923708288,-45.688027372112266
427.0,-19.80526605720172,-43.86544890099193,-19.760257587861776,-46.86301412100415
428.0,-20.116817505696826,-47.518378944793035,-20.7128901971252,-47.24234167473499
429.0,-20.199917349173134,-47.16188301685577,-21.789833507874814,-47.30805119733873
430.0,-20.384989930199982,-47.484228466644375,-19.980642036118624,-45.900294884647515
431.0,-20.180665968845087,-45.746308366403085,-20.678991719091645,-47.799781466996244
432.0,-22.4847121784776,-49.502741794821276,-21.1756176193066,-48.593743605925624
433.0,-18.578290991103874,-46.86914343426735,-19.775884753725922,-48.364383190900476
434.0,-19.222465662534475,-48.27458635576696,-19.284230627947675,-47.552447409939035
435.0,-19.073938800797936,-47.88104202703414,-17.970303581417625,-47.661907931776206
436.0,-20.50706973265232,-48.46116281274681,-18.989122287048758,-50.37108537568164
437.0,-19.984250152070288,-51.36229962059333,-19.757362344690527,-52.145429684982005
438.0,-17.89921803440839,-50.69062908527606,-17.6001476566622,-50.77109538424842
439.0,-18.26815260703934,-49.41811007966359,-17.389144428734063,-48.85074494564851
440.0,-17.322760013645585,-48.05309295421262,-18.877075878473136,-50.855612158098445
441.0,-18.714489598432955,-51.62095646240966,-18.734973398951272,-49.292185473929024
442.0,-18.502807983868813,-47.32077918575985,-16.719305734842493,-46.90741284051384
443.0,-15.744111505674143,-45.7553854925265,-17.164301472240425,-46.73669820721411
444.0,-18.565042651304235,-48.95921584905248,-18.881076793445075,-46.82201195105759
445.0,-19.462055112468985,-49.02983192421028,-19.401776899138234,-48.51360423496366
446.0,-17.756509229913917,-49.5427898821126,-18.659548253861185,-48.50296798026778
447.0,-16.545643228605122,-45.31740070926921,-18.087135143681472,-47.18814496073755
448.0,-16.744155624306025,-43.420986566351054,-16.773718647670588,-46.02970767871189
449.0,-14.072664382729833,-47.31641240562014,-16.017382778999405,-44.54824159412854
450.0,-16.008344325762568,-47.991764942003876,-16.038238475124828,-46.34202386998491
451.0,-17.949950906108224,-46.66387219971499,-16.19948583211489,-45.94512032547106
452.0,-15.847594906806233,-45.48396035722236,-16.24577966357241,-45.532398443069326
453.0,-15.967243035865291,-44.76494946860377,-15.269855213497193,-43.96529025219179
454.0,-17.755686095211683,-42.057168457374544,-15.554763906994872,-45.015625897250196
455.0,-14.414340670695005,-47.383831446548186,-15.639347838538287,-45.243100999735454
456.0,-15.884104397147006,-47.0848602389051,-14.433990161949698,-44.98564001341138
457.0,-16.417367579850577,-45.59332986950958,-16.35924477205173,-45.55300371349967
458.0,-15.53702764985543,-41.407128773909655,-16.13633499904627,-45.55353151952175
459.0,-15.343976947141607,-38.53311158348065,-15.633155979272557,-42.75112176700412
460.0,-17.13016110198607,-40.755499918030296,-15.889915517708378,-41.81785563721237
461.0,-16.548797463627338,-41.37859803002207,-16.073094082199034,-42.01308676564929
462.0,-13.70642825547445,-40.729291099445845,-15.577875109142834,-41.44497073016253
463.0,-12.947004215562243,-40.85882093888656,-15.243078713732528,-40.87554619007293
464.0,-14.723464116662784,-41.56097316950725,-13.821197734576753,-39.8434734274456
465.0,-16.92838992571971,-41.00338638327719,-15.575864213906616,-42.391981691401845
466.0,-17.06681748565859,-44.97492234590407,-16.262952160781,-43.729376181493095
467.0,-14.30520756574178,-40.53319632561491,-16.178681686155898,-43.40960071745333
468.0,-19.027122407757783,-44.28661255830864,-17.34829075850775,-44.075549439198134
469.0,-16.555409468610396,-42.60607168933678,-16.48257104350351,-42.287155652595196
470.0,-15.986112842740267,-40.858774565699186,-15.465825692725124,-42.73085805063668
471.0,-15.679337177378263,-45.04238017922384,-16.331814085490873,-42.397713919655644
472.0,-17.594252844214193,-41.65089368379111,-16.59717740250401,-42.53717037335003
473.0,-17.28773523651801,-45.509927770019715,-17.5808570035017,-44.54949586965385
474.0,-17.400377959822972,-41.6781407628084,-17.177633855263814,-44.37505131595442
475.0,-17.16298590381416,-43.287291432736815,-16.882235003774728,-44.65904007301721
476.0,-15.519577494265757,-46.111176348569785,-16.000898676501475,-45.73579546548288
477.0,-16.031875183603656,-47.00142338501391,-17.52133267337289,-47.66172171415874
478.0,-18.165730399028718,-49.53984257550759,-18.53370078967145,-50.49725641193919
479.0,-17.83704335643221,-50.042423113133005,-18.39542564808028,-50.25932200839901
480.0,-17.65498686110522,-49.52303961552617,-18.614556499180754,-50.46892610508998
481.0,-17.89724534024692,-55.490949408104385,-19.489984238347645,-52.36380355272688
482.0,-18.117070264867834,-52.90645912166756,-18.368895259013076,-51.167271302780115
483.0,-17.29708584189896,-47.73310698207138,-17.842901231831327,-49.598327182932714
484.0,-16.721892980957072,-50.84533118242329,-18.250624617363293,-50.989293442088346
485.0,-19.07906133139422,-51.95630452927928,-17.813866495838568,-50.689796278795384
486.0,-18.127912665907836,-50.73673803230719,-18.909916332348388,-50.844032463911965
487.0,-19.29779613517151,-48.22382184419393,-19.370102166801914,-51.026813949290705
488.0,-20.002427789940906,-50.19399186253889,-19.37231577748293,-51.4609950067136
489.0,-20.06292434859485,-48.152334827733114,-19.709303476296157,-50.27449459266364
490.0,-18.3858414678453,-48.24597032518638,-20.164304840880035,-47.873839442595475
491.0,-22.99541970309943,-48.89092699511893,-22.804149068835155,-50.9369671091097
492.0,-25.63849666875968,-51.453303763589346,-23.037153024109397,-51.145180411141446
493.0,-21.591521886280518,-50.10272673315431,-22.062529263823613,-49.197014167769645
494.0,-19.771724555985063,-50.155413817398575,-20.649545859974623,-48.49944925240236
495.0,-19.927059040153598,-50.85950861901683,-21.007795185914286,-48.59503831875624
496.0,-22.06790568786976,-50.12600771603307,-21.652174426562663,-49.303976951826826
497.0,-20.929277507380796,-47.21721054865533,-21.067060471016525,-46.5790936963665
498.0,-20.49116947736941,-48.919645909858005,-20.656635713540343,-46.11561750181184
499.0,-20.37992333149901,-46.72776542646633,-21.221549164005204,-45.275527176687
500.0,-19.389729491514554,-45.2565197109956,-20.27361814324583,-45.942263855133575
501.0,-20.59500248735284,-47.068647588830665,-20.250192572570676,-45.88961058236663
502.0,-17.866423943374883,-44.98791034319994,-18.251478125958226,-45.36042301449747
503.0,-20.985507993736526,-46.887836420192016,-19.176350416827287,-45.435813669778994
504.0,-19.89338051036025,-46.59247930038437,-18.6248837954297,-45.762452571328836
505.0,-19.74791642728821,-47.25097669280536,-19.073909301411447,-45.82188704888355
506.0,-18.712584098175444,-46.79185942428594,-18.788983079535896,-45.27914257605713
507.0,-19.82131244789422,-47.816435266485215,-18.959873988749578,-46.7114711856061
508.0,-17.372020055994327,-44.50033246164115,-19.18589912153418,-46.854085306028985
509.0,-18.77026373430007,-48.24516405462495,-19.449922364486763,-47.436143775826395
510.0,-22.951641031456443,-52.21748072565505,-21.436088729711074,-49.97655749561773
511.0,-21.378698568977253,-50.86359566131617,-21.36791138140673,-50.41076854189325
512.0,-22.03528403222749,-48.79720366549983,-21.737257693641745,-51.549681753673305
513.0,-21.1338812484078,-52.778902128784694,-21.957283018184107,-52.697234570504115
514.0,-22.259963805147922,-49.1299707797559,-22.62590277834569,-52.152699720327156
515.0,-22.02082075795221,-50.290302563272554,-21.73493383459736,-51.12568048727477
516.0,-23.532143163255085,-54.329690927786395,-22.452481294604684,-51.4191099156018
517.0,-21.812078385189267,-52.953017144032,-22.266377461852574,-50.86015895728777
518.0,-21.996336841373996,-54.2159911811338,-22.615465681456744,-51.213351633050436
519.0,-20.895283973929317,-50.41820247050875,-21.594899721370584,-50.44467758500402
520.0,-22.698366656474136,-48.03162676905341,-22.363471603769906,-50.66319578783981
521.0,-22.11949008344743,-48.9103469944925,-21.815114053706374,-50.29122384163477
522.0,-21.35644115013335,-48.7347061063556,-21.902618407556158,-50.57970253892857
523.0,-20.958352214117,-49.275178170863505,-21.498234493659734,-48.842659161984656
524.0,-22.310975698779643,-47.564214102354015,-20.724121973397917,-47.52408879513769
525.0,-20.527925126534015,-50.490781233975966,-19.416018348094877,-47.82155711040772
526.0,-19.140236996132906,-45.03249261085001,-19.57828265318652,-46.99920039258216
527.0,-18.243792567225725,-46.418006134567015,-18.120292639599235,-46.48876488744627
528.0,-17.87632374983263,-46.76037835741689,-18.151171123358253,-46.81941773820561
529.0,-15.370293277710488,-45.63613899016177,-16.819665483770255,-45.243937090978164
530.0,-17.936231916079887,-45.95810199872961,-16.882550892473475,-46.29292169257116
531.0,-17.547196063547624,-40.818584808515176,-17.397341148342292,-45.078272080763604
532.0,-17.067223741116962,-43.676321671834614,-17.647209699195937,-44.03621996121041
533.0,-17.946732291930623,-46.01016915249262,-18.700346050301587,-45.66348981101558
534.0,-18.770377623709866,-43.01365276942097,-18.380931162887467,-45.26933522938538
535.0,-16.31768563518502,-45.32276194975681,-16.58301851510875,-43.361889365531546
536.0,-14.774054083076297,-39.72714793037645,-15.404800027393792,-41.20932514648676
537.0,-14.509428691920053,-42.834277961052756,-15.383496088235397,-41.115124930625726
538.0,-17.843375724072928,-38.24408263307543,-15.000458589866025,-41.09775612955618
539.0,-16.498098295299176,-37.11079015961132,-15.01462743740864,-39.91553416268297
540.0,-13.940570177699696,-40.15631977551403,-14.775807003862045,-39.75330778792817
541.0,-15.731470366416977,-41.18509088669118,-15.723062978923709,-40.6628074000779
542.0,-15.487499203630676,-38.95290692167278,-15.235627378834177,-39.48465296054938
543.0,-16.685243558128985,-42.31662634203275,-15.709641037943602,-39.67374609221841
544.0,-18.770393622496382,-40.67222591706215,-17.049196087951454,-40.61943814073626
545.0,-16.894231227955316,-42.73043351215393,-16.701634591188597,-40.718919950065995
546.0,-16.017552075202754,-41.03783626839212,-14.631699335455831,-39.680863177636525
547.0,-12.906121366410492,-38.78838861604743,-13.8627565970158,-40.68231400844678
548.0,-13.694870321708095,-40.171943437375425,-14.470948836719975,-40.235764553128966
549.0,-13.448545276925989,-37.38256996939045,-14.987804157784801,-38.26286018894109
550.0,-13.818410720831142,-40.84643111274926,-14.520638608213144,-38.469550851507385
551.0,-13.34225513421306,-36.00151861867263,-14.279806108190726,-37.704391937676775
552.0,-17.255562013486003,-36.831163793065976,-15.664090390020164,-37.44491211044437
553.0,-15.501961907388536,-34.809467252408204,-15.396354377004371,-36.161443351617066
554.0,-16.002983028114567,-38.688198729579995,-16.287277280465975,-37.04953019660255
555.0,-15.806271199886684,-37.83896698153431,-15.261508049177328,-37.08954388757806
556.0,-15.626030870663332,-40.101882302031754,-15.727156696650425,-38.687782437127844
557.0,-15.002400561774332,-37.824238696710445,-14.259843708298117,-37.95709858885074
558.0,-13.734972334475858,-38.724910084083845,-12.343870914745283,-37.64721751422561
559.0,-11.505185898801457,-34.850835584913256,-12.960156799937726,-37.362228018723435
560.0,-15.139944657062424,-34.042657867451524,-13.401122191627326,-36.82472344325811
561.0,-13.940249488424573,-40.114757567569704,-13.127341521946532,-37.48916578197417
562.0,-12.82129600717457,-35.923777305271656,-12.085218884877365,-37.511173739514895
563.0,-12.647770258850816,-39.999053702388814,-11.894238427847089,-38.159412688161
564.0,-12.364046553744057,-39.35860429617221,-12.436118789439337,-39.192008552434146
565.0,-14.069822626651174,-42.37077102840112,-12.055366748508067,-39.98950092405674
566.0,-11.028892347296836,-40.26853251893813,-11.02397302309291,-38.7176515655928
567.0,-9.930856298905091,-36.83386715080268,-10.726202930080255,-40.59200074265517
568.0,-9.486283481876702,-41.09828791624421,-10.25404852265614,-41.33221060503454
569.0,-10.43990403552328,-41.577737460149464,-10.0553817092022,-42.22975970600788
570.0,-10.151356293447858,-46.16498209338333,-9.307274719318016,-41.42344686096143
571.0,-9.793784999080675,-42.92128040090714,-8.801631608273237,-40.19941919732357
572.0,-6.339898170002535,-39.339848128080746,-6.907285833603417,-39.35217419437881
573.0,-4.641172061751338,-38.83472848792867,-6.03394300640153,-38.72992524563684
574.0,-5.162656377798157,-39.75406741492981,-5.664136039120796,-38.932052461624096
575.0,-7.132412253072326,-38.5807269112711,-5.055962663693599,-39.24834785160776
576.0,-5.172515090749548,-38.1148583003893,-4.571825812350283,-40.181080885940005
577.0,-4.549277561328358,-40.600719188179916,-3.8130212500482137,-40.07520831962688
578.0,-3.8013748471763944,-39.13563600029171,-3.7352695257167516,-38.77223594956439
579.0,-4.295331652678475,-36.35018712855077,-4.122216936103544,-37.46506066996803
580.0,-5.132541863782379,-35.77873588275289,-3.6469667420152705,-36.46296592678941
581.0,-3.9469279208080907,-36.791660158554905,-4.779524538571623,-38.30481700112965
582.0,-5.046182363878535,-37.958303251021775,-5.2357858163146815,-38.72270511257701
583.0,-5.486244026480914,-42.277881682759315,-5.580675521355836,-40.73863864032584
584.0,-4.724652434188901,-40.91021087764514,-6.619356968693576,-42.69955047624452
585.0,-7.636344275818793,-42.51545995161737,-6.741280707219294,-43.20926506883473
586.0,-6.276257773478265,-43.32563806847077,-6.4123750858206545,-42.89408048603208
587.0,-4.375621572078145,-40.5473955994357,-5.8383700886362595,-41.836903450166965
588.0,-6.6343567766202005,-39.75274929591922,-6.488462196407217,-41.29620495900292
589.0,-4.870452160966588,-42.24516273745387,-6.009337806724053,-41.8135237152389
590.0,-4.8357050177060845,-42.973334383354846,-4.178148456198834,-39.266437786943555
591.0,-5.844363583241561,-36.1970683692741,-4.8524390956659325,-38.751484713882654
592.0,-4.257184853311915,-36.28161876504832,-4.299869605525702,-38.66114152051483
593.0,-5.15821995687883,-41.63495260201497,-4.996539292654757,-40.079420844534056
594.0,-4.309121232624558,-39.18839112578507,-3.3028225035607224,-39.57878368362113
595.0,-2.5232257081058047,-39.29425202820925,-2.847126102567937,-38.8651806364263
596.0,-1.8313944289863928,-41.363514497493085,-1.7591872678682468,-40.686491359407505
597.0,-1.4669705806855982,-41.089337761620726,-1.9748550831385978,-39.28259659771514
598.0,-2.861766357105894,-40.32207865970145,-2.619886295587248,-40.0035603328292
599.0,-0.7903966643860254,-42.122348459289846,-2.572783083173534,-39.20791093408081
600.0,0.12966766996655377,-35.58070857838583,-1.674473624587992,-37.43091673805721
601.0,-1.138338349598109,-40.64930166238613,-1.224190955866316,-36.46919635713288
602.0,-0.18012387201662083,-35.92244919631806,-0.8609037309838179,-37.705431246324096
603.0,-1.1620444372620051,-39.12244737292097,-1.4645500545135044,-38.28051655953264
604.0,-3.0276124139137583,-38.48250330237173,-2.1723397932815236,-39.42624575617179
605.0,-2.6982309254247974,-39.123268712056955,-3.0137199244683854,-40.43490330270276
606.0,-3.185333131481333,-38.52051524406997,-3.3390068390453784,-40.41579104267958
607.0,-4.890614300193221,-40.566109046127714,-3.3762566026669694,-39.81028170636883
608.0,-4.105816171035343,-38.70727304366989,-3.292488324088424,-38.89087809739824
609.0,-2.338271260882821,-38.758256603903526,-2.9865569552869005,-38.173562396137385
610.0,-1.3095113750195628,-39.90632777325567,-2.8215818529973564,-38.322101938496616
611.0,-2.7920303410617393,-38.74688520135315,-3.076370732609604,-37.77024388424872
612.0,-2.3875089384337045,-35.8549299737665,-3.6186665929995447,-38.26212103476454
613.0,-3.2535985189945267,-36.686484992190856,-3.1977224384000755,-36.67917899603141
614.0,-3.354305667367455,-33.6508413408572,-3.0764754280554403,-35.06847508650797
615.0,-2.1445802329851507,-36.39263156928553,-2.87036843037562,-34.79631792112774
616.0,-2.622689075868798,-33.98785455090622,-2.421101812313249,-34.7352075324334
617.0,-5.58930445870823,-40.590211485837564,-5.258633795054944,-36.699910820369766
618.0,-7.261508077234346,-40.13828219931712,-5.963338109702987,-38.75370056285219
619.0,-4.536145354319929,-35.12756961512179,-4.756127729283407,-37.897379362957615
620.0,-5.101838619503071,-40.291693419914395,-5.2683632686220285,-38.77540882483707
621.0,-4.658925488759755,-39.5850321166513,-5.22001546888883,-41.069683893706014
622.0,-5.4932775167393055,-39.636644771077776,-6.290482721398254,-41.38324034167779
623.0,-8.804624434498198,-43.04617772716753,-7.876614085427115,-43.82577818184891
624.0,-9.30879779468802,-43.85305828778307,-7.404850592533436,-43.10727492326334
625.0,-5.279540842047098,-44.628364415948674,-5.606095252776567,-43.42883854737617
626.0,-4.399912440913648,-39.4207364601259,-5.238029033774106,-43.12301829269128
627.0,-3.8630330355400004,-43.208995704986854,-4.592072264725145,-41.98138029962791
628.0,-4.111182441801145,-41.951894224120124,-5.353389985653945,-42.11303051841854
629.0,-5.236973853282469,-45.291386015700056,-5.424565448916316,-41.77513729523634
630.0,-5.293615397646569,-43.75249627804523,-5.36026160914305,-43.372765269718286
631.0,-4.296026748791758,-42.60092375754749,-5.2933477463037,-43.85804030496582
632.0,-5.3987978442295566,-42.730654928547345,-5.434812551382903,-44.97222195154787
633.0,-6.011318481781159,-44.88667803800212,-5.395362881144576,-46.58416396264339
634.0,-6.858796769045841,-49.53004799804917,-5.959946495355367,-46.34040895799815
635.0,-7.4217275947832,-45.137935198812364,-6.723205285870758,-46.71726362424583
636.0,-7.0395786456084615,-45.90122333637394,-6.024139747762136,-45.71976111800343
637.0,-8.341183159085185,-47.23203019601962,-8.078586668344473,-46.555863152424934
638.0,-7.084019579796942,-45.09522954686037,-8.03907189442788,-45.99246853193808
639.0,-7.2107681219428965,-49.07365883534162,-7.19919759322033,-45.81847928500451
640.0,-7.2271196680487995,-44.61800421644967,-6.787977692171919,-45.14739894197906
641.0,-7.910293807518858,-47.800214454722436,-6.968500825395827,-45.403216601348845
642.0,-6.545760308122366,-45.31086555179345,-5.74266213194302,-44.609266784097336
643.0,-5.021098462077095,-42.69946536105339,-6.565251814122589,-45.577342129113
644.0,-8.07236961130356,-44.87301737299322,-7.653185093929465,-46.11372264032303
645.0,-8.32990737890739,-46.319986319232626,-7.086164737954889,-44.68185798379509
646.0,-5.895195863865229,-45.184129046672155,-5.192835536349419,-44.59784019811241
647.0,-5.351674252512864,-40.0641320089464,-3.2353314971366145,-41.503876587387744
648.0,-4.072562898687156,-41.9961803736293,-3.425947968820986,-41.59326054039767
649.0,-3.5434709716235107,-44.89971183213183,-3.1114574464315226,-43.05574196177729
650.0,0.7177834068169062,-45.333114126275426,-1.7451259542478619,-42.30067029567265
651.0,-1.9056021560015757,-41.44688884149202,-1.2836072499771443,-39.69055315139895
652.0,-3.0715492754944336,-40.908056367766015,-2.029026286657317,-41.10649089731522
653.0,-3.8044368249545624,-42.21378270441353,-3.1483356756074317,-41.198201698516506
654.0,-2.4601311112362776,-43.207304455133865,-2.9233339923719264,-41.89067435791346
655.0,-2.063744774815947,-43.53471637452096,-1.755779524868132,-41.468699777151485
656.0,0.6913092354719033,-41.978268929731335,-1.3627025972562463,-40.49915169264259
657.0,0.9077831936538255,-38.55041090045505,0.00343697086532746,-38.93683547304047
658.0,1.3797267654974754,-41.22224378191801,0.8622734253532958,-37.92966378967956
659.0,-1.4220491745326145,-36.518455514604305,-0.7992625511153622,-37.60211558528462
660.0,-1.9656710215816098,-34.43380674637319,-1.6080056510113947,-38.36747216452362
661.0,-1.4613816620507576,-38.21301315527468,-1.6851633982011902,-39.50349845379017
662.0,0.4700272491752844,-39.12596093661752,-0.9325714896123882,-39.92078691619156
663.0,-1.6300117356666701,-38.08100479755404,-0.37280395939875044,-40.55347623306096
664.0,0.018395824903579105,-38.3776526477686,0.33030862002506844,-40.308032857153414
665.0,-0.9338309818291267,-40.740088133213334,-0.2838018463687295,-43.122902453411356
666.0,-1.4321566585333676,-43.30913794858206,-0.6494520424749364,-41.73479503104246
667.0,0.49885028626233746,-44.18269252344045,0.15072932505384395,-40.713391352488586
668.0,1.5213045871098079,-36.96296831682878,-0.09160313120079513,-40.06766846829199
669.0,0.24926869088391382,-42.511529733442885,-0.23712783711009558,-41.895041726419485
670.0,-0.3643045778181336,-40.97763567889903,-0.3593818967261667,-43.660715831402925
671.0,-0.8567677772840738,-39.397598882628586,-0.8687482859443587,-43.451845429035565
672.0,-1.3707761879224178,-44.207334483115574,-1.2646668671857122,-42.44753460453693
673.0,-1.9878757906494842,-43.38611075587082,-1.6183021023420436,-41.93609411375172
674.0,-1.5015758053953205,-41.4859483120849,-0.8837126391050076,-42.633584483357915
675.0,-0.04447125583379741,-41.53889790670583,-1.2163763428774246,-44.42856727379835
676.0,0.5492514180873327,-47.62647859170496,-2.008930894235547,-46.396589289057175
677.0,0.9854744211510555,-48.706362597743066,0.16911714933150845,-46.047691867727586
678.0,-0.5740236381613956,-47.12675955048457,-0.21845168279351118,-47.37078155282785
679.0,-0.9815888073614137,-44.4011339697105,-0.7856369263375313,-47.57479712420771
680.0,-1.1405215566786668,-49.23425134122413,0.1528509843937338,-47.41135804073363
681.0,-0.027600785710640174,-45.92625586397468,-1.0341799332539907,-47.60486610716024
682.0,0.4770500150983549,-45.582503938502185,0.8749639714101982,-46.1805670697352
683.0,-0.3209969267462707,-44.86769636279203,-0.1875207193059798,-46.91297096011954
684.0,-0.21181027496085325,-52.12924996640393,-0.9476390893561595,-46.48633526128292
685.0,-3.588663170097313,-52.378843772694985,-1.786280616003257,-48.06936047682401
686.0,-2.496278605520995,-48.85525329449452,-2.5551093028999325,-48.816546741978115
687.0,-0.46692556568424326,-48.16782262448152,-2.98609281489863,-47.41709519242365
688.0,-2.910290474092619,-47.543976523414905,-3.1578311903873124,-47.24519647250961
689.0,-2.9598793275790993,-47.96053011103699,-2.363514816105322,-46.981894904435904
690.0,-2.0130731189522133,-47.98235178216474,-2.607946572310836,-47.63415099694493
691.0,-2.201886119090017,-49.59512598237985,-0.8349146690415545,-45.81282410702211
692.0,-1.419563049208508,-49.97409276313043,-0.9681302740543931,-46.79904492057607
693.0,-3.466606164472541,-48.41503321248042,-1.7857175779787156,-48.92188284916075
694.0,-0.8996476565541315,-51.70856042758433,-1.6632967626270598,-48.8349668192706
695.0,-2.9269243332114603,-52.308917183764834,-1.8790405446393088,-48.92147304860857
696.0,-2.330148174929175,-50.13662759524067,-0.40757283800770727,-47.38048702979509
697.0,-0.43597951466437634,-49.68203036806481,-1.3628190782884464,-48.99463008085303
698.0,-0.7691372627345652,-51.30022195857572,-1.5531093850279323,-48.21967604750845
699.0,-0.3964991927831914,-45.894767690217364,-0.6472062198078583,-46.74268791072587
700.0,-0.49076813934082353,-43.5509834513351,-0.3076485051125248,-45.30312081408647
701.0,0.11604098838510045,-46.8585103233069,0.17288625109660488,-44.85607995668089
702.0,-0.8785271654270566,-47.59172326553421,-1.6136766787979018,-46.8478422459516
703.0,-3.5551936017277326,-44.583063851220224,-1.3336381541257978,-46.67381942821127
704.0,-0.24849262497725078,-47.301445602881046,-1.5509636456090905,-47.9908096607048
705.0,-0.46230321922936224,-46.4917052652616,-0.14255603900480884,-46.15013772272992
706.0,-0.557299432942524,-49.37868919819365,-0.8543498394719928,-46.54461879509669
707.0,-0.5577169524385969,-45.985942105729336,-0.6348832691939503,-46.49334301350219
708.0,-0.35214821879212077,-47.413988747441145,-1.627009320924723,-47.84904262922225
709.0,-2.2555120048001154,-50.406753659533145,-2.912263383809769,-49.15399755005126
710.0,-2.26244898610862,-46.72669367705383,-2.026765163881006,-49.951757787298
711.0,-2.426941780138362,-50.023326094335054,-2.9267337226329344,-49.37397597609513
712.0,-0.7203012349969726,-47.53596018217294,-2.02186531927377,-48.14526588706459
713.0,-2.0872684129281014,-48.14404775526494,-1.4230246659296777,-48.03499489932388
714.0,-1.438020993017147,-51.71037639457616,-1.773767704351924,-49.3911905316084
715.0,-0.3186773424888375,-47.058068529406874,-0.6510163848479593,-48.681450054212156
716.0,0.92607137961134,-48.09384837102097,0.7197698645881732,-47.51626146009933
717.0,1.4099867835158104,-47.50394742913971,0.839621317511384,-47.27712374659059
718.0,1.1075706389311764,-44.033349953828655,1.117197200433048,-46.95797010433865
719.0,2.766790684100719,-48.107777822666726,1.7833065589246697,-45.68407206465066
720.0,-0.9275973171886179,-48.29500721128699,-0.020653509572914786,-47.8997404344674
721.0,0.07548211136770117,-45.34910262481243,0.5020054769012087,-48.84267863569653
722.0,1.240136618523538,-48.36615338401469,0.7297637281263673,-46.92852334397064
723.0,1.2566434958363124,-46.82151573260183,0.06572988584242234,-48.22248574253746
724.0,1.010744830436507,-47.890512410555516,0.47342432630848724,-49.088872169137026
725.0,2.3761956660387686,-48.81784349570272,0.7894259302111482,-48.00940702772
726.0,2.0346801058894033,-52.42026082318104,0.659392044689304,-48.15438216168546
727.0,-1.0503439494654523,-47.17837145653813,0.9825573627853172,-46.854782201880695
728.0,0.908000050973221,-47.57618324445541,0.6805397717785653,-48.550883442436636
729.0,0.07005756442821398,-45.29925419399361,0.8343820506140309,-48.143512565981084
730.0,0.6543615917061072,-46.5413091219363,0.5659978676836754,-47.64223020042684
731.0,1.6669548271671633,-46.20709654853672,0.9661219964314043,-47.60509643145154
732.0,0.2876028688441219,-49.87474601809894,1.7007550017216801,-47.549323057528014
733.0,5.437580756776397,-45.244581838683025,3.3159900247165117,-46.401469886181395
734.0,2.1750334793850126,-43.71057739793873,2.803664758366729,-48.238621192360064
735.0,5.262508115991,-51.072669225241924,3.219133291624862,-48.66038070763499
736.0,1.0961843172053694,-50.07924875428,2.2930534064131676,-47.91475128307462
737.0,1.8018784168574191,-49.0934645037947,1.5806562176150338,-48.37207541178892
738.0,1.3634031521110273,-47.688814546209976,1.6532933526073545,-46.66170469857348
739.0,3.1913574397278732,-45.475577826720915,2.7986261628128664,-44.82588396283905
740.0,3.4326156821276728,-45.214199461716206,3.0346870217800177,-45.15475122368203
741.0,2.8110004079840207,-44.05344903912703,2.5615696923079723,-46.09528962125464
742.0,1.8247393004042154,-46.45488818539346,1.9367626713449821,-46.06342208533366
743.0,0.7154178900306626,-49.06538697199227,0.9951452341100134,-45.77802542252058
744.0,1.1428678856349015,-42.07454940921649,0.9538752259305856,-44.86048433238939
745.0,-0.46981326104736976,-46.84397302972508,0.23163688891314693,-44.0669950260716
746.0,-1.770869522960949,-50.12070763293905,-1.4340388535667712,-45.909444755205385
747.0,-0.15489426638768133,-49.365591532476905,-1.597502198645806,-45.464888148761965
748.0,-0.6529881366015347,-50.73684556428887,-2.6919223324345776,-48.217507211710334
749.0,-3.299848070358867,-48.33892668203709,-4.149795166828502,-47.92587866180205
750.0,-4.180679099195708,-47.571597289920575,-3.7957895215869595,-47.3889380900546
751.0,-3.444234355067273,-45.706678281817126,-3.334851977748215,-46.869406970767734
752.0,-4.870592247305302,-48.35302138457362,-2.069282598082414,-45.98205499401918
753.0,-2.327916609364434,-49.4191745209566,-2.398044181667275,-48.29005897025652
754.0,-3.1797411010980725,-47.143172712972756,-2.596372658429302,-46.879012226236604
755.0,-2.025581018355299,-45.12799689290432,-0.7718209599398578,-45.24503317477348
756.0,-0.13333683715661615,-43.41413358275291,-0.7669554517118542,-44.17187367265995
757.0,-1.5162454786323136,-46.181822177044374,-1.3963832745739762,-44.555819034283466
758.0,-2.0044779343953736,-38.45680593350589,-1.758799168603838,-43.74126798658651
759.0,-0.09747313148290782,-47.48945141901693,-1.9271948158370416,-43.561468114017124
760.0,-1.6568670521280549,-41.966940718405795,-3.8896105090537607,-44.37547234976492
761.0,-1.0255697830462083,-41.980698877984025,-2.307930027619841,-44.06665835153421
762.0,-1.7821543912845448,-42.79114999160954,-2.061071132679884,-43.35106193859212
763.0,-2.3426039150297813,-43.24360825201487,-2.7633346052191774,-43.706242602319364
764.0,-3.372248944475898,-42.89109857985592,-2.6683746994516087,-44.543099571926284
765.0,-5.532081746766947,-46.07491493981743,-5.170199091884128,-45.7818965460997
766.0,-7.748729424707724,-48.12366164924585,-5.757484219607143,-47.07333339964525
767.0,-5.935835438919623,-45.07088532563562,-6.088210623856705,-47.765612564746334
768.0,-6.712026578947995,-52.866726196502185,-6.362742213376835,-47.86228230086607
769.0,-5.789394564119198,-45.88558835257793,-6.627425585610898,-47.857978186574684
770.0,-7.362558975297356,-45.72262859709539,-7.8090225233196335,-48.24998599186392
771.0,-6.8737691071366305,-49.72117264065766,-6.956431649956648,-48.52475706761696
772.0,-6.527358727117388,-49.53630130788105,-8.574134268036238,-48.87647917900697
773.0,-9.493481825556959,-47.66897471715963,-9.075552100493764,-49.432409434248605
774.0,-10.472255248305897,-49.535591744450684,-9.864185661564722,-49.359045331920186
775.0,-9.301132957582034,-46.91396884815165,-10.048222711462696,-49.6070986753166
776.0,-11.260078206941294,-51.25367525229225,-10.446529152914952,-51.2927423574916
777.0,-11.87237387041513,-51.50595992882485,-11.825187959638038,-52.70486907202276
778.0,-13.520783297651626,-52.41951758155059,-12.349835810874918,-51.98142542520752
779.0,-11.979270118354558,-54.110902459969154,-13.278074698513487,-53.20069186432802
780.0,-13.053254815891448,-55.87924897054642,-13.949409279604135,-54.04184354512715
781.0,-14.126815665079171,-56.456406288239556,-13.87691937101283,-53.76364311622715
782.0,-16.720512603355672,-56.35890810059124,-15.176263587173754,-54.01320048406143
783.0,-17.24320027410554,-53.81058328755073,-15.74172651283949,-52.92535741062762
784.0,-17.46428801559586,-55.34219299211164,-16.985814901838772,-53.16328721269624
785.0,-17.386277315964247,-54.20954635087829,-17.410219260512264,-52.29325785821821
786.0,-16.841061053809156,-52.87956920182621,-16.92510428928948,-53.655919938183246
787.0,-16.625472202907336,-49.101110716763344,-16.78312342156953,-52.743720711133456
788.0,-17.74546333774581,-54.09786003417405,-17.455740653738015,-53.32044266814843
789.0,-14.768540271756569,-48.51472746117708,-16.53935348378705,-51.01738961139493
790.0,-16.948438421092337,-48.643929227335356,-16.193457766691914,-51.493955383874685
791.0,-17.053335200256736,-48.17974884331828,-17.711504994192783,-50.80135501708052
792.0,-17.95978244348834,-47.307810914529625,-16.718850169149867,-48.77723656602233
793.0,-16.958910274070504,-49.35445397327505,-17.036110288490654,-50.23337776261304
794.0,-16.475058387427644,-45.549635209062295,-16.531279677486133,-49.20153670993204
795.0,-16.97658426255388,-47.628104998921444,-15.880560242460986,-48.650396683759304
796.0,-16.733992909749016,-50.03204911602953,-15.410654518974873,-49.65332253083236
797.0,-14.22981174738623,-47.23979278635735,-15.380209752013798,-47.964565964896586
798.0,-16.162317598797152,-50.30773576806361,-14.607359529881998,-46.9507437306087
799.0,-15.984008113726023,-48.50428911330737,-15.408989507530006,-49.071984577194684
800.0,-15.70448306328252,-45.75061454637351,-15.394812232638957,-48.75769330365109
801.0,-16.51177892480516,-51.11334309257208,-15.9843958513218,-49.55745780824375
802.0,-14.228400834835758,-50.29344294518256,-15.46863107317302,-50.66530589051127
803.0,-15.314512016751461,-52.656504615032276,-15.67614388251684,-50.69022249205696
804.0,-14.667902343142183,-55.654627329673154,-15.732847508318693,-52.45399211829328
805.0,-17.835651611140573,-55.46908854813166,-16.460953663306448,-53.14570391181562
806.0,-15.615330689601839,-52.09005941736561,-15.291616343518134,-53.44820591785913
807.0,-14.739596857974783,-50.830002777142795,-14.609465293802018,-51.26708971546893
808.0,-13.747778125938956,-50.37115255232806,-14.425315088777689,-51.23631113647545
809.0,-13.877951599289993,-52.89335015509281,-14.188463233049962,-51.239440879270056
810.0,-14.637427233981454,-53.962053866422444,-14.952011060015824,-52.16222980226374
811.0,-16.85872188478981,-49.65214223118336,-15.689266015889938,-51.38113406942079
812.0,-16.002527826089533,-46.683489765202616,-15.749402020861949,-50.34232439088969
813.0,-15.908467989126985,-49.20187222586927,-16.076434274722253,-49.99266861101196
814.0,-16.889882781881834,-51.05393627646152,-16.14731272042171,-50.25543659451551
815.0,-15.847995588394202,-48.83227061664316,-15.806028574229945,-49.997452009035264
816.0,-18.83195165994334,-51.6846127141716,-16.700358639464252,-50.66026742141334
817.0,-16.06918970389436,-51.08587321729401,-16.104550951820038,-50.25416156864488
818.0,-16.339146304115193,-52.57449045908087,-17.678845369860415,-52.32575565806549
819.0,-18.231515703808036,-55.556687458256015,-18.058702541868044,-53.576537730862285
820.0,-17.655895455916095,-53.00722279995568,-18.156360787173018,-56.17388316995619
821.0,-16.183096803987514,-55.559422751898225,-17.450155515921566,-55.52216697923695
822.0,-18.515600311271562,-57.34705355759755,-18.16552186312839,-54.38692615386469
823.0,-15.99207116055166,-53.96195985642533,-17.38209219416891,-52.17939819653805
824.0,-16.16685376526191,-54.83858008600649,-17.35775813509638,-53.242889767718
825.0,-17.610897619251332,-51.66561593987832,-18.363619683564558,-54.078914830158446
826.0,-18.966241992816663,-53.221030897444344,-19.674985597418157,-53.96471524735763
827.0,-21.015635762370877,-54.468131808669014,-20.985102379502948,-53.90560525536304
828.0,-22.13731742106815,-54.11318649137214,-21.333592577625033,-53.83807678543278
829.0,-21.396368162707954,-53.345113324051276,-21.657266265250506,-53.44372728603366
830.0,-20.231862885192836,-50.68578352674333,-21.442494180729447,-53.9580348342795
831.0,-19.359251934585856,-55.567566578415175,-20.49600451996923,-52.776504785582475
832.0,-21.149500342830713,-53.42474470222801,-20.001032379559234,-53.0012494520122
833.0,-20.471593944593714,-56.116800717615014,-19.9066580369339,-51.42855039051813
834.0,-19.217963219059765,-49.947699261628784,-20.19965675042465,-49.768963403052304
835.0,-19.363354789352762,-48.92366786553779,-19.149721290079103,-48.06771573554513
836.0,-15.774179609033922,-45.40871228413959,-17.476659408687496,-47.58480021111594
837.0,-16.99831570564043,-47.02187184227273,-16.81836818793811,-47.09237717908096
838.0,-19.697339752743467,-46.45218855886508,-17.82549820228772,-46.984750208797436
839.0,-17.542514068281534,-44.07203153538838,-17.550070586908014,-48.264025694105406
840.0,-19.7584997849697,-45.08809428816026,-17.176397087631155,-48.45537924423683
841.0,-17.073981753974348,-50.38956755896084,-16.309793496562694,-48.501701928564174
842.0,-16.040289009520556,-45.679843030945555,-16.32801696516814,-46.46706219225162
843.0,-17.969257915904528,-47.189980467950015,-16.987908622211712,-45.19050663356153
844.0,-16.066632184893475,-47.502903704583794,-15.674817001057924,-43.36265122805557
845.0,-17.602588582972214,-40.90547568940393,-16.011394907031452,-41.67078876023927
846.0,-15.697388547775306,-42.85704148008426,-15.138962673023887,-41.17251173445634
847.0,-17.680735912574804,-46.336198618558676,-16.77167950610665,-43.55797544024566
848.0,-15.218183217374522,-44.81400086319213,-15.577135428448345,-41.83043766021238
849.0,-15.604371325200235,-39.80802728401905,-15.16435504619413,-41.42350844752072
850.0,-14.864616660575782,-40.382074988712716,-15.381622375033022,-40.86235184249896
851.0,-14.147383471444408,-40.632817620041564,-15.429942969006103,-41.881819712890334
852.0,-17.342866068229334,-43.159656197083365,-17.039441853005293,-42.156001490433525
853.0,-16.935070010218915,-40.15274129822854,-16.830894209582755,-41.48002584791605
854.0,-17.818480471047888,-41.91263556714347,-17.689086152662387,-42.67100921982927
855.0,-17.12755712487869,-44.18665589118102,-17.80427932533332,-43.2579135044381
856.0,-15.907936337635581,-46.37732116559341,-16.7224917135408,-43.479631733139755
857.0,-16.393771563428675,-43.69677969880381,-16.691591980690184,-43.6202242940898
858.0,-15.382515990654918,-41.80213658949342,-16.166364880952564,-42.14265902261653
859.0,-15.156017524936967,-39.723776362042685,-16.48164443878586,-42.450485959112015
860.0,-16.696029171434805,-42.627629172665166,-17.89888921538317,-41.814436501027664
861.0,-17.41959130241323,-40.888827408771895,-17.652476923761803,-41.852246179802314
862.0,-18.192451755366708,-43.77731706737469,-17.46903554457372,-42.49828648807162
863.0,-18.728043248286465,-40.87137049750063,-17.21075553120334,-42.077059810625485
864.0,-17.48451383242223,-43.49332157614125,-17.41685550042328,-42.40881310333714
865.0,-19.72056896684247,-42.954722459469636,-18.224641652886465,-44.410256009933306
866.0,-18.992481684532713,-43.816879135614315,-17.686230797311506,-44.60987504073026
867.0,-17.532446721410647,-43.58232289961626,-17.265266624750765,-45.57205121744779
868.0,-16.545909445562387,-48.74304934485517,-17.873430040371602,-45.40084541511831
869.0,-17.539172090047554,-45.50661192317998,-17.839065573070243,-46.018257463004005
870.0,-17.27500984286009,-47.464098178632526,-16.750363183391027,-45.040181310042755
871.0,-16.038286372339336,-44.372914226541006,-17.452621009966236,-46.328364664846475
872.0,-16.928355561542055,-49.294772606207104,-16.765241385097415,-44.702638030111025
873.0,-14.257164818261673,-42.59963492887435,-14.354994879899696,-41.8643563139821
874.0,-14.142923864188052,-44.16711554682451,-13.06388330337469,-41.11062190692548
875.0,-12.318849891720799,-40.05964390553725,-13.056282855467355,-41.66795105777225
876.0,-11.28709553213525,-44.137546162324405,-11.410136259226412,-41.26539269943814
877.0,-12.011344455191768,-40.88910621362154,-12.233459533470112,-43.29795959227495
878.0,-12.329833183751566,-39.894381470615265,-11.90032346028929,-42.396289700722015
879.0,-13.532581156362898,-40.230992095328254,-12.664516641884639,-43.60425652231238
880.0,-12.31964350064513,-39.70494942146134,-12.1667160437245,-43.6459735286883
881.0,-12.914905555403895,-45.53943854949691,-12.19585625810083,-44.29781650674867
882.0,-12.715640429278588,-48.41610920703687,-13.801550996041884,-46.94642082400552
883.0,-13.325304525897488,-47.760251182131725,-13.21713529687108,-45.52971004534043
884.0,-13.373641794714212,-49.51802829714942,-14.2365740442829,-46.76945446630697
885.0,-15.105227451420795,-47.00139322140295,-14.026274420882691,-46.849810201453664
886.0,-15.701139006790669,-47.61526070348797,-14.448266791357268,-47.25138727927002
887.0,-15.644032371610344,-45.64102608696433,-15.522511822894552,-47.42090048418653
888.0,-13.840026812658046,-44.17527726798849,-14.134984928857856,-46.20703348542428
889.0,-15.061180268303211,-47.98699726818544,-14.504832411768326,-47.788049228245875
890.0,-14.438365811555448,-42.349705975025024,-15.379410771223036,-47.577153419371
891.0,-15.74422955427951,-43.113573175436294,-15.506816960114252,-46.432185010247416
892.0,-14.966205676872175,-49.71963692265163,-15.647327667901662,-47.07085750476276
893.0,-15.128427038170402,-43.33986289918014,-13.721112512214619,-44.98475952550778
894.0,-12.873212355589352,-43.69671072469398,-13.383937687536273,-45.88436414951043
895.0,-14.194159509575881,-48.568939398203895,-13.182799737660282,-46.50877132251072
896.0,-12.07698682726812,-43.74772431811944,-12.856210862651961,-47.36143523666076
897.0,-12.83812903677942,-44.51377375030096,-12.705629513892879,-46.98283994179203
898.0,-13.545778788452113,-47.675282541076854,-13.59644853907411,-46.60553063351672
899.0,-13.75706846687229,-48.178457597708785,-14.222028698835931,-46.86925283508933
900.0,-13.817195085240925,-49.54933799154899,-14.878984434876555,-47.5693281136998
901.0,-14.914979618515884,-45.355045440793496,-13.879485202520767,-47.824004769594346
902.0,-15.356867764950223,-49.827042775444106,-13.83050083805643,-47.156412115666555
903.0,-12.449961556580273,-45.22804895786617,-12.823213333456565,-44.029805224672174
904.0,-14.250141724703388,-47.73624516373393,-13.544411205977521,-45.17400803334957
905.0,-12.324145602670816,-46.271941561798684,-13.414885162984097,-46.421601513720994
906.0,-15.273755504173906,-44.725359958252554,-13.645846228413351,-45.37875627588496
907.0,-13.289919902413216,-44.77669720151045,-14.59352889718311,-46.915356823103785
908.0,-17.144331163570786,-46.081994231522714,-14.578689155986053,-47.342028029412795
909.0,-13.285211318100123,-44.60225159114282,-14.53030810671333,-47.351827918888596
910.0,-12.137066087183923,-49.13098763103165,-15.414077444765093,-48.79045252297184
911.0,-17.416258471067216,-48.50913723187186,-16.390201446373055,-47.93577046790771
912.0,-17.29105229591061,-46.363732230030514,-16.62154106736808,-47.92994671535574
913.0,-15.323522928939692,-46.264161756131095,-15.590694080243361,-47.04324305550483
914.0,-15.563743672077234,-46.20081843224926,-15.71426493792709,-47.72573834185354
915.0,-15.338919708082923,-48.886417779358396,-15.338242634908793,-47.97538454190122
916.0,-15.55413504354328,-49.48751190418364,-15.754492906374495,-48.95347276173163
917.0,-13.948106673401256,-45.93533140893302,-15.007818380878916,-48.982391751259385
918.0,-12.060418875485421,-45.56558415550005,-12.816847751057477,-47.90856824793471
919.0,-12.698031762864986,-46.53878446637871,-12.978767332486523,-47.59349714477077
920.0,-13.245199526022015,-43.70893803021106,-12.079720519092337,-47.877215988653056
921.0,-13.192826396706954,-49.31600077355077,-13.109182790780679,-47.438761784244285
922.0,-14.85433792772652,-48.817370133737946,-14.477344522947687,-49.21857436450555
923.0,-14.946195793203456,-50.222512371867886,-15.12776479317892,-50.51298380432534
924.0,-11.642680204102273,-50.47840750137335,-14.195927380914338,-50.261271602283045
925.0,-13.947834832630523,-49.91702280214604,-13.704470224239625,-48.7279327256749
926.0,-14.612658425200756,-49.131329589450175,-12.983471609256169,-48.215178174016636
927.0,-14.96314180278836,-52.12684833410172,-14.004054120050828,-49.39082290199241
928.0,-13.436218591329585,-50.58460861949831,-14.261585995838184,-49.01946518171117
929.0,-14.933249397372094,-44.29750284716289,-13.283141030142316,-46.830082652487384
930.0,-11.80818178607593,-47.264823957021626,-13.164764600473893,-46.60832443387583
931.0,-12.135254834868704,-47.374869825275795,-13.849862131144354,-46.89335969717988
932.0,-13.748965705863405,-49.25860180163126,-13.927634509789515,-47.8947977065851
933.0,-13.273266093407065,-50.166900033165184,-13.814141756741016,-47.69430190125963
934.0,-13.358612741689006,-42.7001901717137,-14.753354109652486,-47.19071275449355
935.0,-14.156931628276242,-48.7906467763065,-14.71430449661752,-46.945715571204026
936.0,-13.343673825162583,-47.0223146473176,-12.4952653546482,-46.65024868984537
937.0,-14.31843224598608,-49.20027492398663,-13.093254621906684,-48.13464444504565
938.0,-13.034997431686921,-46.22254759877914,-12.223655248985704,-45.331640158731894
939.0,-11.673529926078233,-46.53536811663696,-11.65318723597951,-45.07123051620806
940.0,-11.779428237124911,-45.34510074105836,-11.577799259313368,-45.55771427942425
941.0,-11.465714910418534,-42.4049332571124,-10.526372716507767,-44.38357175241485
942.0,-9.95662599343557,-41.448896333009465,-9.537645867077188,-43.46911165733053
943.0,-8.965197574527553,-41.30327656056159,-9.764857205635332,-43.94670207378425
944.0,-9.84949743299779,-47.52660113906697,-9.504393994572755,-44.44243232100767
945.0,-9.287982851095142,-43.02123548855633,-9.016338123901551,-43.48078084162469
946.0,-8.372696154820499,-43.0752250882767,-8.616656499607533,-41.96022722041253
947.0,-9.111795444119899,-40.276496329511204,-8.615662659260693,-41.8606649237776
948.0,-10.960809241008139,-42.11507552223859,-9.041098998587604,-43.87840619373519
949.0,-8.788387193492532,-44.68987135680513,-7.653268022916038,-42.06986487715737
950.0,-6.173459563386265,-40.72951835705192,-7.0252269280917385,-43.29673271047003
951.0,-7.667312545195625,-43.07726467319058,-7.595483681395473,-43.91950242347247
952.0,-4.909497787795576,-42.17495851147469,-6.736881846582653,-43.241128660360644
953.0,-7.183782589471191,-39.17360746635906,-6.3605211069741845,-41.40480926301117
954.0,-6.037795265884967,-42.686731528938104,-6.777089444743838,-41.40387733881154
955.0,-7.239235454262932,-39.524715145683544,-6.07831201455332,-40.36008912119272
956.0,-5.835990953078083,-43.17828190322332,-6.34334340733689,-40.18757274636315
957.0,-8.799113403843888,-42.44856742377421,-8.590742979521318,-42.72951008009334
958.0,-5.5444472407242635,-39.728090126246826,-6.7278079514439,-41.95973767037387
959.0,-6.9880742282021595,-46.80176634015312,-6.885671612727066,-42.823169437113606
960.0,-7.913947780774852,-46.57705501986853,-6.63387889059379,-42.63238705633203
961.0,-6.282844056940728,-45.91575723130946,-5.851230507630927,-42.206897933344365
962.0,-6.366113365997017,-42.49651595398281,-5.8655452696943176,-41.77824486081071
963.0,-5.715083985638045,-47.22945293401092,-5.855682168923888,-42.10236845103029
964.0,-3.5979204455850837,-38.25466400993725,-4.13815196575032,-41.47343235012048
965.0,-2.976127443785252,-42.65279091411554,-3.2094111710248443,-40.00409111823991
966.0,-3.8040050847692126,-42.51688923460456,-3.2702614399009624,-41.570141574779186
967.0,-3.1057138392291277,-45.83397277730058,-4.492405140379753,-43.73870932989641
968.0,-4.881882530886287,-40.075498199145315,-3.34348278451354,-42.009871820985914
969.0,-2.0433837141816245,-41.979071216706295,-4.278968782904767,-43.91266692093744
970.0,-2.348076933248363,-44.45587804175852,-2.9094246166734448,-43.619764834203
971.0,-1.8400172449885055,-40.95280689110218,-2.399402165439033,-43.16180402407979
972.0,-2.497615821199421,-43.423487523644404,-2.5304412448650693,-43.91526043155946
973.0,-2.7593928230299363,-43.04975980759801,-2.3586170276259315,-43.17751912956841
974.0,-2.2944985122951533,-39.94561070574575,-2.1572071845732275,-43.15315457255587
975.0,-4.301405396894101,-49.96806585627553,-2.9386997209892147,-45.416107114551885
976.0,-2.19409786289542,-51.3043240030987,-1.906173301135172,-45.295041421930016
977.0,-3.7003361998493256,-47.15201095244568,-3.067361773790857,-45.18036084336585
978.0,-2.9933485952876526,-47.13060487123771,-1.4729547339153006,-45.604265390138735
979.0,-2.2008960079894484,-41.336996364324065,-1.9000468370228034,-46.046156790394356
980.0,0.7191364603010901,-46.185869549312116,-0.6884529663586838,-43.97220796017531
981.0,-1.2865625271250198,-44.043069860998266,-0.8415104844615735,-45.08066474133943
982.0,1.0226274906535928,-48.954028288854516,-0.4574596744725348,-46.36870904979771
983.0,-2.356617306570255,-48.22868898501704,0.1665951292611047,-46.54637231071259
984.0,-1.5778904696446143,-46.08617575641811,-0.87996051266674,-46.16360129286156
985.0,1.4787837682308096,-49.606978297126105,0.7376470541993561,-47.29854729715257
986.0,2.923013803810162,-44.02487245405091,2.028996656245261,-45.350615737961526
987.0,2.675827339945563,-45.91078352904909,2.338636901395269,-44.885871832427775
988.0,3.512678909810363,-48.939745946970746,2.852269997016357,-44.961705397473075
989.0,4.150620195294417,-45.52070423303338,4.496297427555196,-44.38327037668317
990.0,4.632555837621341,-47.75903130188143,3.592805404027385,-46.00800719167109
991.0,2.1264437826253832,-46.39593072586324,3.041290269564594,-46.09604784366078
992.0,3.105037271658224,-45.399970390648456,3.442781713502126,-46.01618165894858
993.0,3.516804086018986,-47.824290756022585,3.0287121892571522,-47.434803439350006
994.0,5.015145757621023,-47.40853033451829,3.7837479294231677,-46.81359798075537
995.0,3.784419636785051,-48.50143753031615,3.3632014228989986,-45.65245497570397
996.0,1.6268343960306122,-46.1528750438428,2.0412276483357603,-46.08365631248266
997.0,0.4334593181635572,-48.93495889161795,0.6098100517776697,-46.6153255689528
998.0,1.0064231748814028,-46.03532741440881,1.0088831399580045,-46.12323290425294
999.0,-0.550304254194391,-47.89044337911417,-0.08987397780378248,-46.10211792554238
1000.0,-1.116554128264354,-44.11915616086031,-1.0908242171525517,-46.34978939365293
