time,state_mean,state_variance,one_step_forecast,one_step_variance
0,0.0,1.0,,
1,-0.014071701469995115,0.6309963099630996,0.0,2.75
2,-0.3805942824928739,0.5696274302084421,-0.014071701469995115,2.3809963099630997
3,-0.7823165951977131,0.556627522682872,-0.3805942824928739,2.319627430208442
4,-1.386583165852994,0.5536438092567254,-0.7823165951977131,2.306627522682872
5,-1.8023713285120877,0.5529352624856058,-1.386583165852994,2.3036438092567253
6,-1.493663233147764,0.5527651570637242,-1.8023713285120877,2.302935262485606
7,-0.4676930390312559,0.55272468100855,-1.493663233147764,2.302765157063724
8,-3.8349475486657614,0.5527153840049434,-0.4676930390312559,2.30272468100855
9,-3.266083360663862,0.5527134240762125,-3.8349475486657614,2.3027153840049435
10,-3.1137229998494944,0.552713096115895,-3.266083360663862,2.3027134240762126
11,-3.717097694454703,0.5527130848832839,-3.1137229998494944,2.302713096115895
12,-3.1478697539058884,0.552713112432949,-3.717097694454703,2.3027130848832837
13,-2.8186580246694315,0.552713132174245,-3.1478697539058884,2.302713112432949
14,-2.7897384112600214,0.5527131425031462,-2.8186580246694315,2.302713132174245
15,-1.7780759605798724,0.5527131473351156,-2.7897384112600214,2.302713142503146
16,-1.7105130630761676,0.5527131494778954,-1.7780759605798724,2.3027131473351155
17,-1.6747747133901403,0.5527131504010405,-1.7105130630761676,2.3027131494778956
18,-1.8612627731942337,0.552713150792163,-1.6747747133901403,2.3027131504010407
19,-1.7845883426158329,0.5527131509562275,-1.8612627731942337,2.302713150792163
20,-2.4680314267267534,0.5527131510246283,-1.7845883426158329,2.3027131509562278
21,-1.935524686390033,0.5527131510530375,-2.4680314267267534,2.302713151024628
22,-2.3333517447531458,0.552713151064809,-1.935524686390033,2.3027131510530374
23,-2.935464242459184,0.5527131510696793,-2.3333517447531458,2.302713151064809
24,-1.3331104405109295,0.5527131510716925,-2.935464242459184,2.302713151069679
25,-0.0816424101040687,0.5527131510725242,-1.3331104405109295,2.3027131510716927
26,0.4335094583094985,0.5527131510728676,-0.0816424101040687,2.302713151072524
27,0.5915218189306702,0.5527131510730092,0.4335094583094985,2.302713151072868
28,0.573092397956495,0.5527131510730678,0.5915218189306702,2.302713151073009
29,0.9699103533155384,0.552713151073092,0.573092397956495,2.3027131510730676
30,1.1904858391492499,0.552713151073102,0.9699103533155384,2.302713151073092
31,2.1661531656300843,0.552713151073106,1.1904858391492499,2.3027131510731023
32,2.018066854555666,0.5527131510731078,2.1661531656300843,2.302713151073106
33,3.0268660946346078,0.5527131510731086,2.018066854555666,2.3027131510731076
34,1.8914697440389086,0.5527131510731088,3.0268660946346078,2.3027131510731085
35,2.133225313271242,0.5527131510731089,1.8914697440389086,2.302713151073109
36,3.176991030310009,0.552713151073109,2.133225313271242,2.302713151073109
37,3.5901600516510785,0.552713151073109,3.176991030310009,2.302713151073109
38,3.592699006190455,0.552713151073109,3.5901600516510785,2.302713151073109
39,2.1112319458537074,0.552713151073109,3.592699006190455,2.302713151073109
40,2.994768216984766,0.552713151073109,2.1112319458537074,2.302713151073109
41,3.2381793968136763,0.552713151073109,2.994768216984766,2.302713151073109
42,2.3078589878803477,0.552713151073109,3.2381793968136763,2.302713151073109
43,0.3590206114760275,0.552713151073109,2.3078589878803477,2.302713151073109
44,-1.0814567069130177,0.552713151073109,0.3590206114760275,2.302713151073109
45,-0.7482368866366146,0.552713151073109,-1.0814567069130177,2.302713151073109
46,-1.4056901160816353,0.552713151073109,-0.7482368866366146,2.302713151073109
47,-2.4411148769429456,0.552713151073109,-1.4056901160816353,2.302713151073109
48,-3.8830543114275335,0.552713151073109,-2.4411148769429456,2.302713151073109
49,-4.258774588201327,0.552713151073109,-3.8830543114275335,2.302713151073109
50,-4.448007404646441,0.552713151073109,-4.258774588201327,2.302713151073109
51,-3.6835452722231015,0.552713151073109,-4.448007404646441,2.302713151073109
52,-3.0652464071423577,0.552713151073109,-3.6835452722231015,2.302713151073109
53,-2.0782825357528587,0.552713151073109,-3.0652464071423577,2.302713151073109
54,-2.5165420245532486,0.552713151073109,-2.0782825357528587,2.302713151073109
55,-1.836205564428171,0.552713151073109,-2.5165420245532486,2.302713151073109
56,-3.6183428953329715,0.552713151073109,-1.836205564428171,2.302713151073109
57,-3.364788029286639,0.552713151073109,-3.6183428953329715,2.302713151073109
58,-2.648907220400181,0.552713151073109,-3.364788029286639,2.302713151073109
59,-3.850208763208971,0.552713151073109,-2.648907220400181,2.302713151073109
60,-4.357481345748836,0.552713151073109,-3.850208763208971,2.302713151073109
61,-4.926191436825873,0.552713151073109,-4.357481345748836,2.302713151073109
62,-5.613046990323742,0.552713151073109,-4.926191436825873,2.302713151073109
63,-4.710815064928952,0.552713151073109,-5.613046990323742,2.302713151073109
64,-5.239646889312984,0.552713151073109,-4.710815064928952,2.302713151073109
65,-5.526351574692278,0.552713151073109,-5.239646889312984,2.302713151073109
66,-5.9592264580620435,0.552713151073109,-5.526351574692278,2.302713151073109
67,-5.2894781255716605,0.552713151073109,-5.9592264580620435,2.302713151073109
68,-5.01379690061122,0.552713151073109,-5.2894781255716605,2.302713151073109
69,-4.929841663799343,0.552713151073109,-5.01379690061122,2.302713151073109
70,-4.836938212885361,0.552713151073109,-4.929841663799343,2.302713151073109
71,-5.741010127781882,0.552713151073109,-4.836938212885361,2.302713151073109
72,-4.96813398576311,0.552713151073109,-5.741010127781882,2.302713151073109
73,-4.425744510311921,0.552713151073109,-4.96813398576311,2.302713151073109
74,-4.809418097819553,0.552713151073109,-4.425744510311921,2.302713151073109
75,-5.649437763343271,0.552713151073109,-4.809418097819553,2.302713151073109
76,-7.588989025813312,0.552713151073109,-5.649437763343271,2.302713151073109
77,-6.8099680851235425,0.552713151073109,-7.588989025813312,2.302713151073109
78,-6.512213654044665,0.552713151073109,-6.8099680851235425,2.302713151073109
79,-7.580051784193032,0.552713151073109,-6.512213654044665,2.302713151073109
80,-7.017825835572863,0.552713151073109,-7.580051784193032,2.302713151073109
81,-7.5020577250199665,0.552713151073109,-7.017825835572863,2.302713151073109
82,-6.680695565765892,0.552713151073109,-7.5020577250199665,2.302713151073109
83,-5.6318591513636465,0.552713151073109,-6.680695565765892,2.302713151073109
84,-4.9320028257405,0.552713151073109,-5.6318591513636465,2.302713151073109
85,-6.361430154641248,0.552713151073109,-4.9320028257405,2.302713151073109
86,-6.170479338177352,0.552713151073109,-6.361430154641248,2.302713151073109
87,-5.628817573045844,0.552713151073109,-6.170479338177352,2.302713151073109
88,-6.077956394872038,0.552713151073109,-5.628817573045844,2.302713151073109
89,-7.370992325667649,0.552713151073109,-6.077956394872038,2.302713151073109
90,-6.811612489067364,0.552713151073109,-7.370992325667649,2.302713151073109
91,-8.272432879791603,0.552713151073109,-6.811612489067364,2.302713151073109
92,-6.9209702001695526,0.552713151073109,-8.272432879791603,2.302713151073109
93,-6.525872577865614,0.552713151073109,-6.9209702001695526,2.302713151073109
94,-7.8784944298988275,0.552713151073109,-6.525872577865614,2.302713151073109
95,-9.181763781248868,0.552713151073109,-7.8784944298988275,2.302713151073109
96,-8.365645511350857,0.552713151073109,-9.181763781248868,2.302713151073109
97,-8.590146723281377,0.552713151073109,-8.365645511350857,2.302713151073109
98,-9.104871762129033,0.552713151073109,-8.590146723281377,2.302713151073109
99,-9.756102039524938,0.552713151073109,-9.104871762129033,2.302713151073109
100,-9.888779529779598,0.552713151073109,-9.756102039524938,2.302713151073109
101,-11.101213731635227,0.552713151073109,-9.888779529779598,2.302713151073109
102,-11.6520393086459,0.552713151073109,-11.101213731635227,2.302713151073109
103,-10.86110820194811,0.552713151073109,-11.6520393086459,2.302713151073109
104,-9.81230577500164,0.552713151073109,-10.86110820194811,2.302713151073109
105,-10.246575856849894,0.552713151073109,-9.81230577500164,2.302713151073109
106,-9.554455614508552,0.552713151073109,-10.246575856849894,2.302713151073109
107,-9.318624527229748,0.552713151073109,-9.554455614508552,2.302713151073109
108,-9.05637390051893,0.552713151073109,-9.318624527229748,2.302713151073109
109,-11.59722736511719,0.552713151073109,-9.05637390051893,2.302713151073109
110,-11.182605955866213,0.552713151073109,-11.59722736511719,2.302713151073109
111,-12.029867008321073,0.552713151073109,-11.182605955866213,2.302713151073109
112,-11.05166901974404,0.552713151073109,-12.029867008321073,2.302713151073109
113,-11.389222215181196,0.552713151073109,-11.05166901974404,2.302713151073109
114,-11.876267821144074,0.552713151073109,-11.389222215181196,2.302713151073109
115,-11.615028869182485,0.552713151073109,-11.876267821144074,2.302713151073109
116,-9.958656884995328,0.552713151073109,-11.615028869182485,2.302713151073109
117,-10.512904633499204,0.552713151073109,-9.958656884995328,2.302713151073109
118,-10.64570792153862,0.552713151073109,-10.512904633499204,2.302713151073109
119,-10.472221873867014,0.552713151073109,-10.64570792153862,2.302713151073109
120,-11.369041503054792,0.552713151073109,-10.472221873867014,2.302713151073109
121,-11.188059975445936,0.552713151073109,-11.369041503054792,2.302713151073109
122,-11.789039411038468,0.552713151073109,-11.188059975445936,2.302713151073109
123,-12.100334605795021,0.552713151073109,-11.789039411038468,2.302713151073109
124,-12.15501462595077,0.552713151073109,-12.100334605795021,2.302713151073109
125,-12.823980602391575,0.552713151073109,-12.15501462595077,2.302713151073109
126,-13.095031017520824,0.552713151073109,-12.823980602391575,2.302713151073109
127,-11.834292974580038,0.552713151073109,-13.095031017520824,2.302713151073109
128,-11.034833809763835,0.552713151073109,-11.834292974580038,2.302713151073109
129,-10.781470554628193,0.552713151073109,-11.034833809763835,2.302713151073109
130,-9.848730285628834,0.552713151073109,-10.781470554628193,2.302713151073109
131,-10.699557753899,0.552713151073109,-9.848730285628834,2.302713151073109
132,-10.608540918299685,0.552713151073109,-10.699557753899,2.302713151073109
133,-11.407476248957389,0.552713151073109,-10.608540918299685,2.302713151073109
134,-11.14812460068169,0.552713151073109,-11.407476248957389,2.302713151073109
135,-11.386337793713112,0.552713151073109,-11.14812460068169,2.302713151073109
136,-10.089639514219,0.552713151073109,-11.386337793713112,2.302713151073109
137,-10.83014441536214,0.552713151073109,-10.089639514219,2.302713151073109
138,-11.962666300541727,0.552713151073109,-10.83014441536214,2.302713151073109
139,-11.378203227687218,0.552713151073109,-11.962666300541727,2.302713151073109
140,-11.778102614572703,0.552713151073109,-11.378203227687218,2.302713151073109
141,-11.869119575396775,0.552713151073109,-11.778102614572703,2.302713151073109
142,-12.343598487218427,0.552713151073109,-11.869119575396775,2.302713151073109
143,-13.311540817872281,0.552713151073109,-12.343598487218427,2.302713151073109
144,-12.182570535016703,0.552713151073109,-13.311540817872281,2.302713151073109
145,-12.019240443841037,0.552713151073109,-12.182570535016703,2.302713151073109
146,-11.052646255566088,0.552713151073109,-12.019240443841037,2.302713151073109
147,-10.882159264305821,0.552713151073109,-11.052646255566088,2.302713151073109
148,-11.777062685417526,0.552713151073109,-10.882159264305821,2.302713151073109
149,-11.492001801126099,0.552713151073109,-11.777062685417526,2.302713151073109
150,-12.588707090356202,0.552713151073109,-11.492001801126099,2.302713151073109
151,-12.404543841328538,0.552713151073109,-12.588707090356202,2.302713151073109
152,-12.470639104511942,0.552713151073109,-12.404543841328538,2.302713151073109
153,-13.113664794479721,0.552713151073109,-12.470639104511942,2.302713151073109
154,-13.770085465017326,0.552713151073109,-13.113664794479721,2.302713151073109
155,-14.611983034977234,0.552713151073109,-13.770085465017326,2.302713151073109
156,-14.835404017538567,0.552713151073109,-14.611983034977234,2.302713151073109
157,-14.536077267381739,0.552713151073109,-14.835404017538567,2.302713151073109
158,-14.290757620039669,0.552713151073109,-14.536077267381739,2.302713151073109
159,-13.15839017862021,0.552713151073109,-14.290757620039669,2.302713151073109
160,-13.61664907000642,0.552713151073109,-13.15839017862021,2.302713151073109
161,-12.211699149046732,0.552713151073109,-13.61664907000642,2.302713151073109
162,-13.298653555261014,0.552713151073109,-12.211699149046732,2.302713151073109
163,-11.294381579990034,0.552713151073109,-13.298653555261014,2.302713151073109
164,-13.235966812714686,0.552713151073109,-11.294381579990034,2.302713151073109
165,-13.209042446457742,0.552713151073109,-13.235966812714686,2.302713151073109
166,-11.706646062949638,0.552713151073109,-13.209042446457742,2.302713151073109
167,-11.61636348830192,0.552713151073109,-11.706646062949638,2.302713151073109
168,-11.7634080131545,0.552713151073109,-11.61636348830192,2.302713151073109
169,-10.627025131900247,0.552713151073109,-11.7634080131545,2.302713151073109
170,-11.145681365378778,0.552713151073109,-10.627025131900247,2.302713151073109
171,-11.233307596732596,0.552713151073109,-11.145681365378778,2.302713151073109
172,-11.528357345586459,0.552713151073109,-11.233307596732596,2.302713151073109
173,-11.913687955981485,0.552713151073109,-11.528357345586459,2.302713151073109
174,-11.121613399442536,0.552713151073109,-11.913687955981485,2.302713151073109
175,-10.259683516901775,0.552713151073109,-11.121613399442536,2.302713151073109
176,-12.246372559085229,0.552713151073109,-10.259683516901775,2.302713151073109
177,-11.458282310017337,0.552713151073109,-12.246372559085229,2.302713151073109
178,-10.984833378408466,0.552713151073109,-11.458282310017337,2.302713151073109
179,-10.67787888077774,0.552713151073109,-10.984833378408466,2.302713151073109
180,-10.923981200813891,0.552713151073109,-10.67787888077774,2.302713151073109
181,-9.885737881984376,0.552713151073109,-10.923981200813891,2.302713151073109
182,-10.60904838998957,0.552713151073109,-9.885737881984376,2.302713151073109
183,-11.369134970682637,0.552713151073109,-10.60904838998957,2.302713151073109
184,-13.190830365459263,0.552713151073109,-11.369134970682637,2.302713151073109
185,-12.674551782316184,0.552713151073109,-13.190830365459263,2.302713151073109
186,-13.073484242546874,0.552713151073109,-12.674551782316184,2.302713151073109
187,-12.636571650710875,0.552713151073109,-13.073484242546874,2.302713151073109
188,-13.679432704890155,0.552713151073109,-12.636571650710875,2.302713151073109
189,-14.876869290810534,0.552713151073109,-13.679432704890155,2.302713151073109
190,-14.556733440759057,0.552713151073109,-14.876869290810534,2.302713151073109
191,-15.021409319222046,0.552713151073109,-14.556733440759057,2.302713151073109
192,-15.122106482471715,0.552713151073109,-15.021409319222046,2.302713151073109
193,-15.57233412500915,0.552713151073109,-15.122106482471715,2.302713151073109
194,-14.46853626940525,0.552713151073109,-15.57233412500915,2.302713151073109
195,-14.854398546249381,0.552713151073109,-14.46853626940525,2.302713151073109
196,-16.713201230850807,0.552713151073109,-14.854398546249381,2.302713151073109
197,-17.662163263271015,0.552713151073109,-16.713201230850807,2.302713151073109
198,-18.190952759471806,0.552713151073109,-17.662163263271015,2.302713151073109
199,-16.95219129607352,0.552713151073109,-18.190952759471806,2.302713151073109
200,-15.829801604456843,0.552713151073109,-16.95219129607352,2.302713151073109
201,-13.498912310258739,0.552713151073109,-15.829801604456843,2.302713151073109
202,-14.451404657373054,0.552713151073109,-13.498912310258739,2.302713151073109
203,-14.20012040705694,0.552713151073109,-14.451404657373054,2.302713151073109
204,-13.345704054532693,0.552713151073109,-14.20012040705694,2.302713151073109
205,-12.639478109222551,0.552713151073109,-13.345704054532693,2.302713151073109
206,-12.427068070184266,0.552713151073109,-12.639478109222551,2.302713151073109
207,-11.842430029314178,0.552713151073109,-12.427068070184266,2.302713151073109
208,-11.750895235040128,0.552713151073109,-11.842430029314178,2.302713151073109
209,-11.874596643127282,0.552713151073109,-11.750895235040128,2.302713151073109
210,-12.217614322982685,0.552713151073109,-11.874596643127282,2.302713151073109
211,-10.607626209075637,0.552713151073109,-12.217614322982685,2.302713151073109
212,-10.788606647889102,0.552713151073109,-10.607626209075637,2.302713151073109
213,-11.314303069250547,0.552713151073109,-10.788606647889102,2.302713151073109
214,-11.662441701478828,0.552713151073109,-11.314303069250547,2.302713151073109
215,-12.207399539401752,0.552713151073109,-11.662441701478828,2.302713151073109
216,-12.076466830839824,0.552713151073109,-12.207399539401752,2.302713151073109
217,-12.487151375998668,0.552713151073109,-12.076466830839824,2.302713151073109
218,-13.337439008734718,0.552713151073109,-12.487151375998668,2.302713151073109
219,-12.515799410373091,0.552713151073109,-13.337439008734718,2.302713151073109
220,-12.37085663265441,0.552713151073109,-12.515799410373091,2.302713151073109
221,-12.766972095577016,0.552713151073109,-12.37085663265441,2.302713151073109
222,-12.476896123829428,0.552713151073109,-12.766972095577016,2.302713151073109
223,-10.561102050027587,0.552713151073109,-12.476896123829428,2.302713151073109
224,-11.124426047741068,0.552713151073109,-10.561102050027587,2.302713151073109
225,-11.923836947540773,0.552713151073109,-11.124426047741068,2.302713151073109
226,-12.602488582679612,0.552713151073109,-11.923836947540773,2.302713151073109
227,-11.677009764618422,0.552713151073109,-12.602488582679612,2.302713151073109
228,-11.286815430392746,0.552713151073109,-11.677009764618422,2.302713151073109
229,-11.854917258398531,0.552713151073109,-11.286815430392746,2.302713151073109
230,-12.296356230355073,0.552713151073109,-11.854917258398531,2.302713151073109
231,-11.88030282404416,0.552713151073109,-12.296356230355073,2.302713151073109
232,-11.692157441580282,0.552713151073109,-11.88030282404416,2.302713151073109
233,-12.107539895531868,0.552713151073109,-11.692157441580282,2.302713151073109
234,-12.31587977984929,0.552713151073109,-12.107539895531868,2.302713151073109
235,-13.19024790825499,0.552713151073109,-12.31587977984929,2.302713151073109
236,-13.3407160028963,0.552713151073109,-13.19024790825499,2.302713151073109
237,-13.54471595914682,0.552713151073109,-13.3407160028963,2.302713151073109
238,-13.110875392790591,0.552713151073109,-13.54471595914682,2.302713151073109
239,-13.635501759012659,0.552713151073109,-13.110875392790591,2.302713151073109
240,-13.034710488202355,0.552713151073109,-13.635501759012659,2.302713151073109
241,-13.154378746690982,0.552713151073109,-13.034710488202355,2.302713151073109
242,-13.843326764309081,0.552713151073109,-13.154378746690982,2.302713151073109
243,-12.5773375883461,0.552713151073109,-13.843326764309081,2.302713151073109
244,-14.03057165392555,0.552713151073109,-12.5773375883461,2.302713151073109
245,-12.619651004460238,0.552713151073109,-14.03057165392555,2.302713151073109
246,-13.540463940836451,0.552713151073109,-12.619651004460238,2.302713151073109
247,-12.72150829897039,0.552713151073109,-13.540463940836451,2.302713151073109
248,-12.545112767065135,0.552713151073109,-12.72150829897039,2.302713151073109
249,-10.75213754428229,0.552713151073109,-12.545112767065135,2.302713151073109
250,-9.249833487545718,0.552713151073109,-10.75213754428229,2.302713151073109
251,-8.937700171752192,0.552713151073109,-9.249833487545718,2.302713151073109
252,-9.683049435758468,0.552713151073109,-8.937700171752192,2.302713151073109
253,-10.603064115304427,0.552713151073109,-9.683049435758468,2.302713151073109
254,-9.804576125635569,0.552713151073109,-10.603064115304427,2.302713151073109
255,-8.927594729311252,0.552713151073109,-9.804576125635569,2.302713151073109
256,-9.415445795688784,0.552713151073109,-8.927594729311252,2.302713151073109
257,-10.193299030009149,0.552713151073109,-9.415445795688784,2.302713151073109
258,-11.488211820527134,0.552713151073109,-10.193299030009149,2.302713151073109
259,-11.785871719799845,0.552713151073109,-11.488211820527134,2.302713151073109
260,-12.047473013113295,0.552713151073109,-11.785871719799845,2.302713151073109
261,-13.039491897448212,0.552713151073109,-12.047473013113295,2.302713151073109
262,-11.811510343248536,0.552713151073109,-13.039491897448212,2.302713151073109
263,-11.753854332560223,0.552713151073109,-11.811510343248536,2.302713151073109
264,-11.37432665409657,0.552713151073109,-11.753854332560223,2.302713151073109
265,-9.975111311935445,0.552713151073109,-11.37432665409657,2.302713151073109
266,-10.194398947960886,0.552713151073109,-9.975111311935445,2.302713151073109
267,-9.516527436955284,0.552713151073109,-10.194398947960886,2.302713151073109
268,-9.434195328495196,0.552713151073109,-9.516527436955284,2.302713151073109
269,-8.771756294803147,0.552713151073109,-9.434195328495196,2.302713151073109
270,-8.939484891013512,0.552713151073109,-8.771756294803147,2.302713151073109
271,-8.331896094532086,0.552713151073109,-8.939484891013512,2.302713151073109
272,-7.423639379201793,0.552713151073109,-8.331896094532086,2.302713151073109
273,-7.935894840829284,0.552713151073109,-7.423639379201793,2.302713151073109
274,-9.39913911640907,0.552713151073109,-7.935894840829284,2.302713151073109
275,-9.543048368221278,0.552713151073109,-9.39913911640907,2.302713151073109
276,-10.029360916094834,0.552713151073109,-9.543048368221278,2.302713151073109
277,-10.439376875281216,0.552713151073109,-10.029360916094834,2.302713151073109
278,-11.344641748659324,0.552713151073109,-10.439376875281216,2.302713151073109
279,-10.665246905290005,0.552713151073109,-11.344641748659324,2.302713151073109
280,-10.383858462334395,0.552713151073109,-10.665246905290005,2.302713151073109
281,-11.251008171307522,0.552713151073109,-10.383858462334395,2.302713151073109
282,-12.31409775914201,0.552713151073109,-11.251008171307522,2.302713151073109
283,-12.179004116177437,0.552713151073109,-12.31409775914201,2.302713151073109
284,-12.042422500079203,0.552713151073109,-12.179004116177437,2.302713151073109
285,-13.902281500334379,0.552713151073109,-12.042422500079203,2.302713151073109
286,-13.724241516326076,0.552713151073109,-13.902281500334379,2.302713151073109
287,-13.12211645632644,0.552713151073109,-13.724241516326076,2.302713151073109
288,-13.61125472295663,0.552713151073109,-13.12211645632644,2.302713151073109
289,-12.78311026226926,0.552713151073109,-13.61125472295663,2.302713151073109
290,-13.990412036081786,0.552713151073109,-12.78311026226926,2.302713151073109
291,-12.878635578551096,0.552713151073109,-13.990412036081786,2.302713151073109
292,-12.50553382185057,0.552713151073109,-12.878635578551096,2.302713151073109
293,-11.194703577200052,0.552713151073109,-12.50553382185057,2.302713151073109
294,-10.844334208994182,0.552713151073109,-11.194703577200052,2.302713151073109
295,-10.446885230656916,0.552713151073109,-10.844334208994182,2.302713151073109
296,-8.727370920551266,0.552713151073109,-10.446885230656916,2.302713151073109
297,-9.291309581996522,0.552713151073109,-8.727370920551266,2.302713151073109
298,-10.427940313052028,0.552713151073109,-9.291309581996522,2.302713151073109
299,-11.593211280855297,0.552713151073109,-10.427940313052028,2.302713151073109
300,-12.158701866847686,0.552713151073109,-11.593211280855297,2.302713151073109
301,-10.834322156870861,0.552713151073109,-12.158701866847686,2.302713151073109
302,-10.920100519384057,0.552713151073109,-10.834322156870861,2.302713151073109
303,-11.580212009630651,0.552713151073109,-10.920100519384057,2.302713151073109
304,-9.264942408378392,0.552713151073109,-11.580212009630651,2.302713151073109
305,-8.13151641485092,0.552713151073109,-9.264942408378392,2.302713151073109
306,-9.111448685458578,0.552713151073109,-8.13151641485092,2.302713151073109
307,-9.297779425917472,0.552713151073109,-9.111448685458578,2.302713151073109
308,-9.957738196802522,0.552713151073109,-9.297779425917472,2.302713151073109
309,-10.013465793208868,0.552713151073109,-9.957738196802522,2.302713151073109
310,-9.156858868682324,0.552713151073109,-10.013465793208868,2.302713151073109
311,-7.324371204411931,0.552713151073109,-9.156858868682324,2.302713151073109
312,-6.847287305541352,0.552713151073109,-7.324371204411931,2.302713151073109
313,-6.6819962042464685,0.552713151073109,-6.847287305541352,2.302713151073109
314,-8.333173445045823,0.552713151073109,-6.6819962042464685,2.302713151073109
315,-9.049048263477097,0.552713151073109,-8.333173445045823,2.302713151073109
316,-9.407133603444107,0.552713151073109,-9.049048263477097,2.302713151073109
317,-8.55112426877808,0.552713151073109,-9.407133603444107,2.302713151073109
318,-8.454244400028402,0.552713151073109,-8.55112426877808,2.302713151073109
319,-8.294140773342551,0.552713151073109,-8.454244400028402,2.302713151073109
320,-8.851923538210674,0.552713151073109,-8.294140773342551,2.302713151073109
321,-9.411990584958573,0.552713151073109,-8.851923538210674,2.302713151073109
322,-9.867360214249773,0.552713151073109,-9.411990584958573,2.302713151073109
323,-11.011728694486937,0.552713151073109,-9.867360214249773,2.302713151073109
324,-8.228718213033748,0.552713151073109,-11.011728694486937,2.302713151073109
325,-7.470836402066719,0.552713151073109,-8.228718213033748,2.302713151073109
326,-8.539418323970999,0.552713151073109,-7.470836402066719,2.302713151073109
327,-7.002869381164195,0.552713151073109,-8.539418323970999,2.302713151073109
328,-6.878645640833238,0.552713151073109,-7.002869381164195,2.302713151073109
329,-5.84491790370934,0.552713151073109,-6.878645640833238,2.302713151073109
330,-7.394151581243753,0.552713151073109,-5.84491790370934,2.302713151073109
331,-8.179586252682364,0.552713151073109,-7.394151581243753,2.302713151073109
332,-7.93756092518409,0.552713151073109,-8.179586252682364,2.302713151073109
333,-8.055760407750514,0.552713151073109,-7.93756092518409,2.302713151073109
334,-8.446752119934091,0.552713151073109,-8.055760407750514,2.302713151073109
335,-8.158720853242993,0.552713151073109,-8.446752119934091,2.302713151073109
336,-9.739984769175349,0.552713151073109,-8.158720853242993,2.302713151073109
337,-10.33392948418683,0.552713151073109,-9.739984769175349,2.302713151073109
338,-11.129576794564974,0.552713151073109,-10.33392948418683,2.302713151073109
339,-11.440231362392389,0.552713151073109,-11.129576794564974,2.302713151073109
340,-10.53161885100397,0.552713151073109,-11.440231362392389,2.302713151073109
341,-9.67887134458848,0.552713151073109,-10.53161885100397,2.302713151073109
342,-9.755121388420724,0.552713151073109,-9.67887134458848,2.302713151073109
343,-10.005932070424407,0.552713151073109,-9.755121388420724,2.302713151073109
344,-10.30758123522255,0.552713151073109,-10.005932070424407,2.302713151073109
345,-10.113914818104405,0.552713151073109,-10.30758123522255,2.302713151073109
346,-9.289706969858166,0.552713151073109,-10.113914818104405,2.302713151073109
347,-9.181612581029334,0.552713151073109,-9.289706969858166,2.302713151073109
348,-8.311879752364597,0.552713151073109,-9.181612581029334,2.302713151073109
349,-6.19985123720758,0.552713151073109,-8.311879752364597,2.302713151073109
350,-5.901456479912536,0.552713151073109,-6.19985123720758,2.302713151073109
351,-6.257333922162986,0.552713151073109,-5.901456479912536,2.302713151073109
352,-5.51001634715095,0.552713151073109,-6.257333922162986,2.302713151073109
353,-5.171290118687494,0.552713151073109,-5.51001634715095,2.302713151073109
354,-5.3054634270613965,0.552713151073109,-5.171290118687494,2.302713151073109
355,-5.579282452733771,0.552713151073109,-5.3054634270613965,2.302713151073109
356,-5.189261440860184,0.552713151073109,-5.579282452733771,2.302713151073109
357,-4.489855423641805,0.552713151073109,-5.189261440860184,2.302713151073109
358,-3.3345911656626965,0.552713151073109,-4.489855423641805,2.302713151073109
359,-2.927993435740719,0.552713151073109,-3.3345911656626965,2.302713151073109
360,-1.950036587910948,0.552713151073109,-2.927993435740719,2.302713151073109
361,-2.235543908624147,0.552713151073109,-1.950036587910948,2.302713151073109
362,-2.837091605728135,0.552713151073109,-2.235543908624147,2.302713151073109
363,-2.596216685973165,0.552713151073109,-2.837091605728135,2.302713151073109
364,-2.173886242352692,0.552713151073109,-2.596216685973165,2.302713151073109
365,-2.515364698469754,0.552713151073109,-2.173886242352692,2.302713151073109
366,-2.4166988745934064,0.552713151073109,-2.515364698469754,2.302713151073109
367,-1.48982307997476,0.552713151073109,-2.4166988745934064,2.302713151073109
368,-2.936243233859949,0.552713151073109,-1.48982307997476,2.302713151073109
369,-4.184478388283051,0.552713151073109,-2.936243233859949,2.302713151073109
370,-5.242783730239438,0.552713151073109,-4.184478388283051,2.302713151073109
371,-5.278729326488137,0.552713151073109,-5.242783730239438,2.302713151073109
372,-4.8578078567495115,0.552713151073109,-5.278729326488137,2.302713151073109
373,-4.684396805910915,0.552713151073109,-4.8578078567495115,2.302713151073109
374,-5.004005224194049,0.552713151073109,-4.684396805910915,2.302713151073109
375,-3.7137742353847756,0.552713151073109,-5.004005224194049,2.302713151073109
376,-3.325895358943477,0.552713151073109,-3.7137742353847756,2.302713151073109
377,-4.902729451496112,0.552713151073109,-3.325895358943477,2.302713151073109
378,-5.401665760113873,0.552713151073109,-4.902729451496112,2.302713151073109
379,-6.23933844129336,0.552713151073109,-5.401665760113873,2.302713151073109
380,-6.162426633666116,0.552713151073109,-6.23933844129336,2.302713151073109
381,-6.139188412162708,0.552713151073109,-6.162426633666116,2.302713151073109
382,-6.053370979474238,0.552713151073109,-6.139188412162708,2.302713151073109
383,-6.468870520644302,0.552713151073109,-6.053370979474238,2.302713151073109
384,-5.473292946675515,0.552713151073109,-6.468870520644302,2.302713151073109
385,-4.579775336245701,0.552713151073109,-5.473292946675515,2.302713151073109
386,-4.82953455922443,0.552713151073109,-4.579775336245701,2.302713151073109
387,-5.5979561383568335,0.552713151073109,-4.82953455922443,2.302713151073109
388,-5.519435654763861,0.552713151073109,-5.5979561383568335,2.302713151073109
389,-3.8758828593762433,0.552713151073109,-5.519435654763861,2.302713151073109
390,-3.5403589867834087,0.552713151073109,-3.8758828593762433,2.302713151073109
391,-2.841010496483446,0.552713151073109,-3.5403589867834087,2.302713151073109
392,-3.848893047432935,0.552713151073109,-2.841010496483446,2.302713151073109
393,-4.872850290446535,0.552713151073109,-3.848893047432935,2.302713151073109
394,-4.710261671273817,0.552713151073109,-4.872850290446535,2.302713151073109
395,-3.0693817141549213,0.552713151073109,-4.710261671273817,2.302713151073109
396,-4.0453791968377875,0.552713151073109,-3.0693817141549213,2.302713151073109
397,-3.8123165027895527,0.552713151073109,-4.0453791968377875,2.302713151073109
398,-4.6828407963244665,0.552713151073109,-3.8123165027895527,2.302713151073109
399,-6.289701010790214,0.552713151073109,-4.6828407963244665,2.302713151073109
400,-7.2476535140128595,0.552713151073109,-6.289701010790214,2.302713151073109
401,-7.2352346991844,0.552713151073109,-7.2476535140128595,2.302713151073109
402,-6.7644658637637125,0.552713151073109,-7.2352346991844,2.302713151073109
403,-6.941895980446405,0.552713151073109,-6.7644658637637125,2.302713151073109
404,-7.71815682796109,0.552713151073109,-6.941895980446405,2.302713151073109
405,-7.260610384124942,0.552713151073109,-7.71815682796109,2.302713151073109
406,-7.017388666424672,0.552713151073109,-7.260610384124942,2.302713151073109
407,-5.3749300294577065,0.552713151073109,-7.017388666424672,2.302713151073109
408,-4.205294600510249,0.552713151073109,-5.3749300294577065,2.302713151073109
409,-4.7245100345379285,0.552713151073109,-4.205294600510249,2.302713151073109
410,-6.016734970629025,0.552713151073109,-4.7245100345379285,2.302713151073109
411,-5.628502225676073,0.552713151073109,-6.016734970629025,2.302713151073109
412,-5.520630315914987,0.552713151073109,-5.628502225676073,2.302713151073109
413,-4.7652037907815705,0.552713151073109,-5.520630315914987,2.302713151073109
414,-4.687374885150925,0.552713151073109,-4.7652037907815705,2.302713151073109
415,-5.1403488882297665,0.552713151073109,-4.687374885150925,2.302713151073109
416,-5.710004232051778,0.552713151073109,-5.1403488882297665,2.302713151073109
417,-5.821708392049388,0.552713151073109,-5.710004232051778,2.302713151073109
418,-6.300142515639344,0.552713151073109,-5.821708392049388,2.302713151073109
419,-7.454018894689629,0.552713151073109,-6.300142515639344,2.302713151073109
420,-8.238491592712405,0.552713151073109,-7.454018894689629,2.302713151073109
421,-9.447982042147258,0.552713151073109,-8.238491592712405,2.302713151073109
422,-8.460264283987303,0.552713151073109,-9.447982042147258,2.302713151073109
423,-8.19192642694772,0.552713151073109,-8.460264283987303,2.302713151073109
424,-8.852423373235972,0.552713151073109,-8.19192642694772,2.302713151073109
425,-8.529727661263784,0.552713151073109,-8.852423373235972,2.302713151073109
426,-9.797028173896921,0.552713151073109,-8.529727661263784,2.302713151073109
427,-9.091522867385189,0.552713151073109,-9.797028173896921,2.302713151073109
428,-8.396550061252803,0.552713151073109,-9.091522867385189,2.302713151073109
429,-9.264004449936266,0.552713151073109,-8.396550061252803,2.302713151073109
430,-9.484780779529817,0.552713151073109,-9.264004449936266,2.302713151073109
431,-10.052960836003669,0.552713151073109,-9.484780779529817,2.302713151073109
432,-9.523242926753536,0.552713151073109,-10.052960836003669,2.302713151073109
433,-9.54425421410668,0.552713151073109,-9.523242926753536,2.302713151073109
434,-9.846909791261485,0.552713151073109,-9.54425421410668,2.302713151073109
435,-8.206399341377717,0.552713151073109,-9.846909791261485,2.302713151073109
436,-8.398340622149082,0.552713151073109,-8.206399341377717,2.302713151073109
437,-8.980199676740874,0.552713151073109,-8.398340622149082,2.302713151073109
438,-8.377502820100785,0.552713151073109,-8.980199676740874,2.302713151073109
439,-8.308781907327228,0.552713151073109,-8.377502820100785,2.302713151073109
440,-6.570983936546925,0.552713151073109,-8.308781907327228,2.302713151073109
441,-7.260374804502091,0.552713151073109,-6.570983936546925,2.302713151073109
442,-6.05592730576184,0.552713151073109,-7.260374804502091,2.302713151073109
443,-5.046766053710319,0.552713151073109,-6.05592730576184,2.302713151073109
444,-4.8407049914664135,0.552713151073109,-5.046766053710319,2.302713151073109
445,-2.960232389874793,0.552713151073109,-4.8407049914664135,2.302713151073109
446,-2.411588522410714,0.552713151073109,-2.960232389874793,2.302713151073109
447,-2.055393928190329,0.552713151073109,-2.411588522410714,2.302713151073109
448,-1.8640461333919465,0.552713151073109,-2.055393928190329,2.302713151073109
449,-1.6050601046664832,0.552713151073109,-1.8640461333919465,2.302713151073109
450,-1.3649528806842892,0.552713151073109,-1.6050601046664832,2.302713151073109
451,-1.3370453573876755,0.552713151073109,-1.3649528806842892,2.302713151073109
452,-0.18535575376693703,0.552713151073109,-1.3370453573876755,2.302713151073109
453,0.4729942810707274,0.552713151073109,-0.18535575376693703,2.302713151073109
454,0.15737008186990759,0.552713151073109,0.4729942810707274,2.302713151073109
455,0.5511863987170766,0.552713151073109,0.15737008186990759,2.302713151073109
456,2.5823923453090183,0.552713151073109,0.5511863987170766,2.302713151073109
457,3.03631601343951,0.552713151073109,2.5823923453090183,2.302713151073109
458,2.952481925351345,0.552713151073109,3.03631601343951,2.302713151073109
459,3.315019425984641,0.552713151073109,2.952481925351345,2.302713151073109
460,2.2441550720387937,0.552713151073109,3.315019425984641,2.302713151073109
461,2.246536527006075,0.552713151073109,2.2441550720387937,2.302713151073109
462,2.131528062007992,0.552713151073109,2.246536527006075,2.302713151073109
463,1.881673588730456,0.552713151073109,2.131528062007992,2.302713151073109
464,1.7256801381872007,0.552713151073109,1.881673588730456,2.302713151073109
465,1.256881289507005,0.552713151073109,1.7256801381872007,2.302713151073109
466,1.5833066314868263,0.552713151073109,1.256881289507005,2.302713151073109
467,1.157040483951207,0.552713151073109,1.5833066314868263,2.302713151073109
468,0.7939909569189585,0.552713151073109,1.157040483951207,2.302713151073109
469,0.35769901785877983,0.552713151073109,0.7939909569189585,2.302713151073109
470,1.3051234438482409,0.552713151073109,0.35769901785877983,2.302713151073109
471,0.27432910099491203,0.552713151073109,1.3051234438482409,2.302713151073109
472,0.5938574541508801,0.552713151073109,0.27432910099491203,2.302713151073109
473,0.08463448215167368,0.552713151073109,0.5938574541508801,2.302713151073109
474,-0.6430270427578836,0.552713151073109,0.08463448215167368,2.302713151073109
475,-0.4224135993298651,0.552713151073109,-0.6430270427578836,2.302713151073109
476,0.29224900912835317,0.552713151073109,-0.4224135993298651,2.302713151073109
477,0.10244101792656773,0.552713151073109,0.29224900912835317,2.302713151073109
478,-0.8150982134503897,0.552713151073109,0.10244101792656773,2.302713151073109
479,-0.8749124986550103,0.552713151073109,-0.8150982134503897,2.302713151073109
480,0.08799636993905924,0.552713151073109,-0.8749124986550103,2.302713151073109
481,-0.7752880617345012,0.552713151073109,0.08799636993905924,2.302713151073109
482,-0.863422944237947,0.552713151073109,-0.7752880617345012,2.302713151073109
483,-0.6930756145166221,0.552713151073109,-0.863422944237947,2.302713151073109
484,-0.32433875802113843,0.552713151073109,-0.6930756145166221,2.302713151073109
485,-0.9973399126082587,0.552713151073109,-0.32433875802113843,2.302713151073109
486,0.21465973474955602,0.552713151073109,-0.9973399126082587,2.302713151073109
487,-0.3154263109639507,0.552713151073109,0.21465973474955602,2.302713151073109
488,-0.9691478828827784,0.552713151073109,-0.3154263109639507,2.302713151073109
489,-1.2930351527028752,0.552713151073109,-0.9691478828827784,2.302713151073109
490,-2.179102138841543,0.552713151073109,-1.2930351527028752,2.302713151073109
491,-2.292770543490614,0.552713151073109,-2.179102138841543,2.302713151073109
492,-2.6418654345267107,0.552713151073109,-2.292770543490614,2.302713151073109
493,-4.166315933291225,0.552713151073109,-2.6418654345267107,2.302713151073109
494,-5.073032864651108,0.552713151073109,-4.166315933291225,2.302713151073109
495,-3.914815534522008,0.552713151073109,-5.073032864651108,2.302713151073109
496,-3.3661946258427164,0.552713151073109,-3.914815534522008,2.302713151073109
497,-3.9128224514687875,0.552713151073109,-3.3661946258427164,2.302713151073109
498,-4.442154450557666,0.552713151073109,-3.9128224514687875,2.302713151073109
499,-4.30057944190019,0.552713151073109,-4.442154450557666,2.302713151073109
500,-4.822726791631512,0.552713151073109,-4.30057944190019,2.302713151073109
501,-5.029571672942208,0.552713151073109,-4.822726791631512,2.302713151073109
502,-4.631371083918625,0.552713151073109,-5.029571672942208,2.302713151073109
503,-3.1814338767640047,0.552713151073109,-4.631371083918625,2.302713151073109
504,-4.806762408960752,0.552713151073109,-3.1814338767640047,2.302713151073109
505,-5.633949133833692,0.552713151073109,-4.806762408960752,2.302713151073109
506,-4.725250210001608,0.552713151073109,-5.633949133833692,2.302713151073109
507,-4.938741717678212,0.552713151073109,-4.725250210001608,2.302713151073109
508,-5.617506727990786,0.552713151073109,-4.938741717678212,2.302713151073109
509,-5.081086814269099,0.552713151073109,-5.617506727990786,2.302713151073109
510,-5.278372083721813,0.552713151073109,-5.081086814269099,2.302713151073109
511,-5.537213191783465,0.552713151073109,-5.278372083721813,2.302713151073109
512,-5.482547785858397,0.552713151073109,-5.537213191783465,2.302713151073109
513,-5.307849866081588,0.552713151073109,-5.482547785858397,2.302713151073109
514,-4.772612270561016,0.552713151073109,-5.307849866081588,2.302713151073109
515,-4.9917596795833035,0.552713151073109,-4.772612270561016,2.302713151073109
516,-4.975758232270314,0.552713151073109,-4.9917596795833035,2.302713151073109
517,-6.291250605635206,0.552713151073109,-4.975758232270314,2.302713151073109
518,-6.593566911303873,0.552713151073109,-6.291250605635206,2.302713151073109
519,-6.35402675378818,0.552713151073109,-6.593566911303873,2.302713151073109
520,-6.980361204446882,0.552713151073109,-6.35402675378818,2.302713151073109
521,-7.5694252457044,0.552713151073109,-6.980361204446882,2.302713151073109
522,-8.543587239810018,0.552713151073109,-7.5694252457044,2.302713151073109
523,-7.4049819344399435,0.552713151073109,-8.543587239810018,2.302713151073109
524,-8.553109407053462,0.552713151073109,-7.4049819344399435,2.302713151073109
525,-7.787149824274183,0.552713151073109,-8.553109407053462,2.302713151073109
526,-8.853792545329433,0.552713151073109,-7.787149824274183,2.302713151073109
527,-8.86547260314598,0.552713151073109,-8.853792545329433,2.302713151073109
528,-9.554318611937594,0.552713151073109,-8.86547260314598,2.302713151073109
529,-9.275012705087736,0.552713151073109,-9.554318611937594,2.302713151073109
530,-8.449016224311716,0.552713151073109,-9.275012705087736,2.302713151073109
531,-7.421454687355575,0.552713151073109,-8.449016224311716,2.302713151073109
532,-6.783115371020867,0.552713151073109,-7.421454687355575,2.302713151073109
533,-6.279659044309859,0.552713151073109,-6.783115371020867,2.302713151073109
534,-7.010201817566987,0.552713151073109,-6.279659044309859,2.302713151073109
535,-7.612777516236549,0.552713151073109,-7.010201817566987,2.302713151073109
536,-7.7569151021064915,0.552713151073109,-7.612777516236549,2.302713151073109
537,-8.00129151484399,0.552713151073109,-7.7569151021064915,2.302713151073109
538,-8.593444901267867,0.552713151073109,-8.00129151484399,2.302713151073109
539,-8.57756527445049,0.552713151073109,-8.593444901267867,2.302713151073109
540,-7.492768103991098,0.552713151073109,-8.57756527445049,2.302713151073109
541,-6.730077429469818,0.552713151073109,-7.492768103991098,2.302713151073109
542,-8.442721158626764,0.552713151073109,-6.730077429469818,2.302713151073109
543,-9.283329026564882,0.552713151073109,-8.442721158626764,2.302713151073109
544,-9.999845818273087,0.552713151073109,-9.283329026564882,2.302713151073109
545,-11.144225257780107,0.552713151073109,-9.999845818273087,2.302713151073109
546,-11.597344994057929,0.552713151073109,-11.144225257780107,2.302713151073109
547,-10.531038081985036,0.552713151073109,-11.597344994057929,2.302713151073109
548,-11.144413247817738,0.552713151073109,-10.531038081985036,2.302713151073109
549,-12.373659812992594,0.552713151073109,-11.144413247817738,2.302713151073109
550,-13.638453963470416,0.552713151073109,-12.373659812992594,2.302713151073109
551,-13.582358834849783,0.552713151073109,-13.638453963470416,2.302713151073109
552,-13.486881125437558,0.552713151073109,-13.582358834849783,2.302713151073109
553,-14.879608724489993,0.552713151073109,-13.486881125437558,2.302713151073109
554,-13.747546042034827,0.552713151073109,-14.879608724489993,2.302713151073109
555,-13.360762979452536,0.552713151073109,-13.747546042034827,2.302713151073109
556,-13.534077617846119,0.552713151073109,-13.360762979452536,2.302713151073109
557,-14.342893315774225,0.552713151073109,-13.534077617846119,2.302713151073109
558,-14.530652982053542,0.552713151073109,-14.342893315774225,2.302713151073109
559,-14.55632104689141,0.552713151073109,-14.530652982053542,2.302713151073109
560,-14.934193761207863,0.552713151073109,-14.55632104689141,2.302713151073109
561,-14.070871902078444,0.552713151073109,-14.934193761207863,2.302713151073109
562,-14.311004928187149,0.552713151073109,-14.070871902078444,2.302713151073109
563,-15.056060036977753,0.552713151073109,-14.311004928187149,2.302713151073109
564,-13.331910495350836,0.552713151073109,-15.056060036977753,2.302713151073109
565,-13.18835899847648,0.552713151073109,-13.331910495350836,2.302713151073109
566,-12.953634755748798,0.552713151073109,-13.18835899847648,2.302713151073109
567,-12.576795678386254,0.552713151073109,-12.953634755748798,2.302713151073109
568,-13.526908942459757,0.552713151073109,-12.576795678386254,2.302713151073109
569,-12.205755461128573,0.552713151073109,-13.526908942459757,2.302713151073109
570,-11.977330889029313,0.552713151073109,-12.205755461128573,2.302713151073109
571,-12.633963935563916,0.552713151073109,-11.977330889029313,2.302713151073109
572,-12.474473663908698,0.552713151073109,-12.633963935563916,2.302713151073109
573,-12.35206409242653,0.552713151073109,-12.474473663908698,2.302713151073109
574,-12.116916436142974,0.552713151073109,-12.35206409242653,2.302713151073109
575,-12.531650333257458,0.552713151073109,-12.116916436142974,2.302713151073109
576,-12.40108169640721,0.552713151073109,-12.531650333257458,2.302713151073109
577,-11.470613778325793,0.552713151073109,-12.40108169640721,2.302713151073109
578,-11.050463871838863,0.552713151073109,-11.470613778325793,2.302713151073109
579,-10.995045055035664,0.552713151073109,-11.050463871838863,2.302713151073109
580,-10.24622645823275,0.552713151073109,-10.995045055035664,2.302713151073109
581,-9.938985429640736,0.552713151073109,-10.24622645823275,2.302713151073109
582,-11.177775207884684,0.552713151073109,-9.938985429640736,2.302713151073109
583,-9.874710909741443,0.552713151073109,-11.177775207884684,2.302713151073109
584,-10.091150322519036,0.552713151073109,-9.874710909741443,2.302713151073109
585,-10.662024109227168,0.552713151073109,-10.091150322519036,2.302713151073109
586,-12.081676231288846,0.552713151073109,-10.662024109227168,2.302713151073109
587,-11.51623391358143,0.552713151073109,-12.081676231288846,2.302713151073109
588,-12.015688753749307,0.552713151073109,-11.51623391358143,2.302713151073109
589,-12.377044849111016,0.552713151073109,-12.015688753749307,2.302713151073109
590,-12.687387309803567,0.552713151073109,-12.377044849111016,2.302713151073109
591,-12.293542003812757,0.552713151073109,-12.687387309803567,2.302713151073109
592,-11.826983900612127,0.552713151073109,-12.293542003812757,2.302713151073109
593,-12.078355565179585,0.552713151073109,-11.826983900612127,2.302713151073109
594,-12.447776841407949,0.552713151073109,-12.078355565179585,2.302713151073109
595,-11.65161593532021,0.552713151073109,-12.447776841407949,2.302713151073109
596,-13.322316437651917,0.552713151073109,-11.65161593532021,2.302713151073109
597,-13.12126476619867,0.552713151073109,-13.322316437651917,2.302713151073109
598,-13.942634728706343,0.552713151073109,-13.12126476619867,2.302713151073109
599,-13.814424735513398,0.552713151073109,-13.942634728706343,2.302713151073109
600,-13.37756826630809,0.552713151073109,-13.814424735513398,2.302713151073109
601,-13.153347351323854,0.552713151073109,-13.37756826630809,2.302713151073109
602,-14.078103340944406,0.552713151073109,-13.153347351323854,2.302713151073109
603,-15.738014793940248,0.552713151073109,-14.078103340944406,2.302713151073109
604,-16.716525652078314,0.552713151073109,-15.738014793940248,2.302713151073109
605,-15.109487532582635,0.552713151073109,-16.716525652078314,2.302713151073109
606,-16.757272445975158,0.552713151073109,-15.109487532582635,2.302713151073109
607,-16.466350914313647,0.552713151073109,-16.757272445975158,2.302713151073109
608,-14.846265734125977,0.552713151073109,-16.466350914313647,2.302713151073109
609,-14.521197167258114,0.552713151073109,-14.846265734125977,2.302713151073109
610,-14.360629457696371,0.552713151073109,-14.521197167258114,2.302713151073109
611,-14.890304259006886,0.552713151073109,-14.360629457696371,2.302713151073109
612,-14.850298794133227,0.552713151073109,-14.890304259006886,2.302713151073109
613,-15.743681946017213,0.552713151073109,-14.850298794133227,2.302713151073109
614,-15.659576609747674,0.552713151073109,-15.743681946017213,2.302713151073109
615,-15.071973926338625,0.552713151073109,-15.659576609747674,2.302713151073109
616,-15.311910515298448,0.552713151073109,-15.071973926338625,2.302713151073109
617,-15.018847385194322,0.552713151073109,-15.311910515298448,2.302713151073109
618,-15.463834418257708,0.552713151073109,-15.018847385194322,2.302713151073109
619,-15.832840144416677,0.552713151073109,-15.463834418257708,2.302713151073109
620,-16.90839661997904,0.552713151073109,-15.832840144416677,2.302713151073109
621,-16.94581379175341,0.552713151073109,-16.90839661997904,2.302713151073109
622,-18.585564853559504,0.552713151073109,-16.94581379175341,2.302713151073109
623,-17.915817464082515,0.552713151073109,-18.585564853559504,2.302713151073109
624,-17.99852253901605,0.552713151073109,-17.915817464082515,2.302713151073109
625,-17.1126222435017,0.552713151073109,-17.99852253901605,2.302713151073109
626,-18.420398335877152,0.552713151073109,-17.1126222435017,2.302713151073109
627,-20.00908893469555,0.552713151073109,-18.420398335877152,2.302713151073109
628,-21.047457939117916,0.552713151073109,-20.00908893469555,2.302713151073109
629,-21.624618093419116,0.552713151073109,-21.047457939117916,2.302713151073109
630,-20.44179919975097,0.552713151073109,-21.624618093419116,2.302713151073109
631,-20.9004323736933,0.552713151073109,-20.44179919975097,2.302713151073109
632,-22.975456587427335,0.552713151073109,-20.9004323736933,2.302713151073109
633,-22.70059247065555,0.552713151073109,-22.975456587427335,2.302713151073109
634,-22.76421177635814,0.552713151073109,-22.70059247065555,2.302713151073109
635,-23.49501372948654,0.552713151073109,-22.76421177635814,2.302713151073109
636,-21.697479965041914,0.552713151073109,-23.49501372948654,2.302713151073109
637,-21.900098056341857,0.552713151073109,-21.697479965041914,2.302713151073109
638,-20.770536281581617,0.552713151073109,-21.900098056341857,2.302713151073109
639,-21.947544894756696,0.552713151073109,-20.770536281581617,2.302713151073109
640,-20.23260417847479,0.552713151073109,-21.947544894756696,2.302713151073109
641,-18.925805301884694,0.552713151073109,-20.23260417847479,2.302713151073109
642,-17.067555343083935,0.552713151073109,-18.925805301884694,2.302713151073109
643,-19.046905353654985,0.552713151073109,-17.067555343083935,2.302713151073109
644,-19.795745437573277,0.552713151073109,-19.046905353654985,2.302713151073109
645,-19.514876552881407,0.552713151073109,-19.795745437573277,2.302713151073109
646,-20.328094515796383,0.552713151073109,-19.514876552881407,2.302713151073109
647,-20.62791378307749,0.552713151073109,-20.328094515796383,2.302713151073109
648,-20.420823819083854,0.552713151073109,-20.62791378307749,2.302713151073109
649,-19.395189077096223,0.552713151073109,-20.420823819083854,2.302713151073109
650,-19.804260647461152,0.552713151073109,-19.395189077096223,2.302713151073109
651,-20.504464743406686,0.552713151073109,-19.804260647461152,2.302713151073109
652,-20.56558776971591,0.552713151073109,-20.504464743406686,2.302713151073109
653,-20.791757355347524,0.552713151073109,-20.56558776971591,2.302713151073109
654,-21.34471613856056,0.552713151073109,-20.791757355347524,2.302713151073109
655,-21.436174648469986,0.552713151073109,-21.34471613856056,2.302713151073109
656,-21.926914282532216,0.552713151073109,-21.436174648469986,2.302713151073109
657,-22.92484835901071,0.552713151073109,-21.926914282532216,2.302713151073109
658,-24.406720995928247,0.552713151073109,-22.92484835901071,2.302713151073109
659,-23.28029598127138,0.552713151073109,-24.406720995928247,2.302713151073109
660,-22.293126789149706,0.552713151073109,-23.28029598127138,2.302713151073109
661,-23.09326649019382,0.552713151073109,-22.293126789149706,2.302713151073109
662,-24.83086867929251,0.552713151073109,-23.09326649019382,2.302713151073109
663,-25.729033264919664,0.552713151073109,-24.83086867929251,2.302713151073109
664,-24.02306295733385,0.552713151073109,-25.729033264919664,2.302713151073109
665,-23.514212353749148,0.552713151073109,-24.02306295733385,2.302713151073109
666,-24.05176205156909,0.552713151073109,-23.514212353749148,2.302713151073109
667,-24.15479203749361,0.552713151073109,-24.05176205156909,2.302713151073109
668,-24.572790834734242,0.552713151073109,-24.15479203749361,2.302713151073109
669,-25.00328161677268,0.552713151073109,-24.572790834734242,2.302713151073109
670,-25.498314385640526,0.552713151073109,-25.00328161677268,2.302713151073109
671,-25.566693371691436,0.552713151073109,-25.498314385640526,2.302713151073109
672,-25.465941494035857,0.552713151073109,-25.566693371691436,2.302713151073109
673,-25.32969545169234,0.552713151073109,-25.465941494035857,2.302713151073109
674,-25.434505694928085,0.552713151073109,-25.32969545169234,2.302713151073109
675,-25.04504554440334,0.552713151073109,-25.434505694928085,2.302713151073109
676,-25.65601211073855,0.552713151073109,-25.04504554440334,2.302713151073109
677,-26.125320122274054,0.552713151073109,-25.65601211073855,2.302713151073109
678,-26.050322709749068,0.552713151073109,-26.125320122274054,2.302713151073109
679,-25.17616411605347,0.552713151073109,-26.050322709749068,2.302713151073109
680,-26.433934175319724,0.552713151073109,-25.17616411605347,2.302713151073109
681,-26.10793038684386,0.552713151073109,-26.433934175319724,2.302713151073109
682,-27.633059864780044,0.552713151073109,-26.10793038684386,2.302713151073109
683,-27.945271926758018,0.552713151073109,-27.633059864780044,2.302713151073109
684,-28.618105377065785,0.552713151073109,-27.945271926758018,2.302713151073109
685,-30.397794353337996,0.552713151073109,-28.618105377065785,2.302713151073109
686,-30.318186526222707,0.552713151073109,-30.397794353337996,2.302713151073109
687,-30.919773193188753,0.552713151073109,-30.318186526222707,2.302713151073109
688,-29.583901818877738,0.552713151073109,-30.919773193188753,2.302713151073109
689,-30.220780799467313,0.552713151073109,-29.583901818877738,2.302713151073109
690,-30.686834078883685,0.552713151073109,-30.220780799467313,2.302713151073109
691,-31.23148156069884,0.552713151073109,-30.686834078883685,2.302713151073109
692,-32.53872865283187,0.552713151073109,-31.23148156069884,2.302713151073109
693,-33.646567289747644,0.552713151073109,-32.53872865283187,2.302713151073109
694,-32.9581311549632,0.552713151073109,-33.646567289747644,2.302713151073109
695,-32.62603470095335,0.552713151073109,-32.9581311549632,2.302713151073109
696,-34.091016694998075,0.552713151073109,-32.62603470095335,2.302713151073109
697,-34.870509897307095,0.552713151073109,-34.091016694998075,2.302713151073109
698,-34.64456925425774,0.552713151073109,-34.870509897307095,2.302713151073109
699,-34.48309494114911,0.552713151073109,-34.64456925425774,2.302713151073109
700,-34.6030688834141,0.552713151073109,-34.48309494114911,2.302713151073109
701,-34.59635174133335,0.552713151073109,-34.6030688834141,2.302713151073109
702,-35.93851883594401,0.552713151073109,-34.59635174133335,2.302713151073109
703,-36.52455962220738,0.552713151073109,-35.93851883594401,2.302713151073109
704,-36.81435983945162,0.552713151073109,-36.52455962220738,2.302713151073109
705,-37.19459642152188,0.552713151073109,-36.81435983945162,2.302713151073109
706,-36.522567782740644,0.552713151073109,-37.19459642152188,2.302713151073109
707,-36.08926291772127,0.552713151073109,-36.522567782740644,2.302713151073109
708,-35.16633531592493,0.552713151073109,-36.08926291772127,2.302713151073109
709,-36.50164611574142,0.552713151073109,-35.16633531592493,2.302713151073109
710,-36.971449417599615,0.552713151073109,-36.50164611574142,2.302713151073109
711,-37.40744318872485,0.552713151073109,-36.971449417599615,2.302713151073109
712,-36.45762997175216,0.552713151073109,-37.40744318872485,2.302713151073109
713,-36.27427727275854,0.552713151073109,-36.45762997175216,2.302713151073109
714,-36.92352664409523,0.552713151073109,-36.27427727275854,2.302713151073109
715,-37.77739539279561,0.552713151073109,-36.92352664409523,2.302713151073109
716,-37.900948676801086,0.552713151073109,-37.77739539279561,2.302713151073109
717,-38.109539922894776,0.552713151073109,-37.900948676801086,2.302713151073109
718,-38.804090184097454,0.552713151073109,-38.109539922894776,2.302713151073109
719,-39.20839807525388,0.552713151073109,-38.804090184097454,2.302713151073109
720,-39.86546091399685,0.552713151073109,-39.20839807525388,2.302713151073109
721,-39.52896553133935,0.552713151073109,-39.86546091399685,2.302713151073109
722,-39.2232788847828,0.552713151073109,-39.52896553133935,2.302713151073109
723,-38.869641763621146,0.552713151073109,-39.2232788847828,2.302713151073109
724,-36.274462007723095,0.552713151073109,-38.869641763621146,2.302713151073109
725,-35.64959816362523,0.552713151073109,-36.274462007723095,2.302713151073109
726,-35.184065517909,0.552713151073109,-35.64959816362523,2.302713151073109
727,-34.187393363485846,0.552713151073109,-35.184065517909,2.302713151073109
728,-33.12627261969334,0.552713151073109,-34.187393363485846,2.302713151073109
729,-34.91861599152712,0.552713151073109,-33.12627261969334,2.302713151073109
730,-35.21832351652026,0.552713151073109,-34.91861599152712,2.302713151073109
731,-35.440869612463615,0.552713151073109,-35.21832351652026,2.302713151073109
732,-34.74051721502045,0.552713151073109,-35.440869612463615,2.302713151073109
733,-37.0248251137535,0.552713151073109,-34.74051721502045,2.302713151073109
734,-36.35510672889073,0.552713151073109,-37.0248251137535,2.302713151073109
735,-35.94462830894044,0.552713151073109,-36.35510672889073,2.302713151073109
736,-35.705251890811454,0.552713151073109,-35.94462830894044,2.302713151073109
737,-33.910994995608256,0.552713151073109,-35.705251890811454,2.302713151073109
738,-33.09448441687771,0.552713151073109,-33.910994995608256,2.302713151073109
739,-33.82795586047577,0.552713151073109,-33.09448441687771,2.302713151073109
740,-34.28664200322312,0.552713151073109,-33.82795586047577,2.302713151073109
741,-34.763584788181646,0.552713151073109,-34.28664200322312,2.302713151073109
742,-35.01233558069757,0.552713151073109,-34.763584788181646,2.302713151073109
743,-35.26511377489695,0.552713151073109,-35.01233558069757,2.302713151073109
744,-35.41511544559009,0.552713151073109,-35.26511377489695,2.302713151073109
745,-36.46591651294639,0.552713151073109,-35.41511544559009,2.302713151073109
746,-35.459326295651636,0.552713151073109,-36.46591651294639,2.302713151073109
747,-34.94397129054149,0.552713151073109,-35.459326295651636,2.302713151073109
748,-35.681744803256336,0.552713151073109,-34.94397129054149,2.302713151073109
749,-34.07621087040725,0.552713151073109,-35.681744803256336,2.302713151073109
750,-33.358974290111036,0.552713151073109,-34.07621087040725,2.302713151073109
751,-31.90602840570574,0.552713151073109,-33.358974290111036,2.302713151073109
752,-30.55160717567764,0.552713151073109,-31.90602840570574,2.302713151073109
753,-29.769088623706004,0.552713151073109,-30.55160717567764,2.302713151073109
754,-29.254626344071045,0.552713151073109,-29.769088623706004,2.302713151073109
755,-29.580590197290988,0.552713151073109,-29.254626344071045,2.302713151073109
756,-28.88961613416003,0.552713151073109,-29.580590197290988,2.302713151073109
757,-27.72765985913464,0.552713151073109,-28.88961613416003,2.302713151073109
758,-29.325193577060922,0.552713151073109,-27.72765985913464,2.302713151073109
759,-29.03056960362744,0.552713151073109,-29.325193577060922,2.302713151073109
760,-28.869276710447156,0.552713151073109,-29.03056960362744,2.302713151073109
761,-26.523510394059677,0.552713151073109,-28.869276710447156,2.302713151073109
762,-26.31155862131703,0.552713151073109,-26.523510394059677,2.302713151073109
763,-26.315853456901106,0.552713151073109,-26.31155862131703,2.302713151073109
764,-26.301569775724275,0.552713151073109,-26.315853456901106,2.302713151073109
765,-27.016136064716626,0.552713151073109,-26.301569775724275,2.302713151073109
766,-26.550713037660213,0.552713151073109,-27.016136064716626,2.302713151073109
767,-27.01759697123661,0.552713151073109,-26.550713037660213,2.302713151073109
768,-26.288002039802528,0.552713151073109,-27.01759697123661,2.302713151073109
769,-26.427972977853713,0.552713151073109,-26.288002039802528,2.302713151073109
770,-27.34063099134761,0.552713151073109,-26.427972977853713,2.302713151073109
771,-27.06354365213749,0.552713151073109,-27.34063099134761,2.302713151073109
772,-27.575868286943788,0.552713151073109,-27.06354365213749,2.302713151073109
773,-27.317240114851806,0.552713151073109,-27.575868286943788,2.302713151073109
774,-25.35711769577444,0.552713151073109,-27.317240114851806,2.302713151073109
775,-25.98366972104992,0.552713151073109,-25.35711769577444,2.302713151073109
776,-27.13577391688398,0.552713151073109,-25.98366972104992,2.302713151073109
777,-27.560623564379334,0.552713151073109,-27.13577391688398,2.302713151073109
778,-26.239746188989933,0.552713151073109,-27.560623564379334,2.302713151073109
779,-25.972916843648903,0.552713151073109,-26.239746188989933,2.302713151073109
780,-26.12393418322819,0.552713151073109,-25.972916843648903,2.302713151073109
781,-26.764948596685436,0.552713151073109,-26.12393418322819,2.302713151073109
782,-25.12192292072229,0.552713151073109,-26.764948596685436,2.302713151073109
783,-24.956678474354213,0.552713151073109,-25.12192292072229,2.302713151073109
784,-25.9878465854711,0.552713151073109,-24.956678474354213,2.302713151073109
785,-27.002737431946528,0.552713151073109,-25.9878465854711,2.302713151073109
786,-27.380326132123624,0.552713151073109,-27.002737431946528,2.302713151073109
787,-27.13119430043878,0.552713151073109,-27.380326132123624,2.302713151073109
788,-26.073259220887476,0.552713151073109,-27.13119430043878,2.302713151073109
789,-25.415898614605588,0.552713151073109,-26.073259220887476,2.302713151073109
790,-25.25466842575681,0.552713151073109,-25.415898614605588,2.302713151073109
791,-25.30782210830626,0.552713151073109,-25.25466842575681,2.302713151073109
792,-23.893419931171884,0.552713151073109,-25.30782210830626,2.302713151073109
793,-24.52493895246446,0.552713151073109,-23.893419931171884,2.302713151073109
794,-25.864052576756052,0.552713151073109,-24.52493895246446,2.302713151073109
795,-25.63083502296851,0.552713151073109,-25.864052576756052,2.302713151073109
796,-28.194280963540546,0.552713151073109,-25.63083502296851,2.302713151073109
797,-28.54169571317639,0.552713151073109,-28.194280963540546,2.302713151073109
798,-29.220867884097082,0.552713151073109,-28.54169571317639,2.302713151073109
799,-28.56875598558574,0.552713151073109,-29.220867884097082,2.302713151073109
800,-28.81563399610414,0.552713151073109,-28.56875598558574,2.302713151073109
801,-28.557609244339968,0.552713151073109,-28.81563399610414,2.302713151073109
802,-27.79228859676191,0.552713151073109,-28.557609244339968,2.302713151073109
803,-26.243248613582406,0.552713151073109,-27.79228859676191,2.302713151073109
804,-25.985743641028062,0.552713151073109,-26.243248613582406,2.302713151073109
805,-25.954071220084288,0.552713151073109,-25.985743641028062,2.302713151073109
806,-26.28153163336002,0.552713151073109,-25.954071220084288,2.302713151073109
807,-25.966586414656987,0.552713151073109,-26.28153163336002,2.302713151073109
808,-25.324248702237085,0.552713151073109,-25.966586414656987,2.302713151073109
809,-25.96382014549676,0.552713151073109,-25.324248702237085,2.302713151073109
810,-27.033181724409342,0.552713151073109,-25.96382014549676,2.302713151073109
811,-27.271153564504647,0.552713151073109,-27.033181724409342,2.302713151073109
812,-26.26632852008537,0.552713151073109,-27.271153564504647,2.302713151073109
813,-23.74581679477847,0.552713151073109,-26.26632852008537,2.302713151073109
814,-25.41447114050678,0.552713151073109,-23.74581679477847,2.302713151073109
815,-25.70868002713661,0.552713151073109,-25.41447114050678,2.302713151073109
816,-27.267803637207166,0.552713151073109,-25.70868002713661,2.302713151073109
817,-27.22020656605181,0.552713151073109,-27.267803637207166,2.302713151073109
818,-26.222899343926084,0.552713151073109,-27.22020656605181,2.302713151073109
819,-25.743454304821295,0.552713151073109,-26.222899343926084,2.302713151073109
820,-25.838460794892583,0.552713151073109,-25.743454304821295,2.302713151073109
821,-26.462851541055024,0.552713151073109,-25.838460794892583,2.302713151073109
822,-27.722031651001643,0.552713151073109,-26.462851541055024,2.302713151073109
823,-28.21685890098388,0.552713151073109,-27.722031651001643,2.302713151073109
824,-27.931658389506076,0.552713151073109,-28.21685890098388,2.302713151073109
825,-27.388169422933174,0.552713151073109,-27.931658389506076,2.302713151073109
826,-27.369938021361076,0.552713151073109,-27.388169422933174,2.302713151073109
827,-29.02516307741966,0.552713151073109,-27.369938021361076,2.302713151073109
828,-27.716437230886704,0.552713151073109,-29.02516307741966,2.302713151073109
829,-28.762808409505865,0.552713151073109,-27.716437230886704,2.302713151073109
830,-28.881364436930106,0.552713151073109,-28.762808409505865,2.302713151073109
831,-28.793773244731582,0.552713151073109,-28.881364436930106,2.302713151073109
832,-28.105511194748033,0.552713151073109,-28.793773244731582,2.302713151073109
833,-28.193878016067256,0.552713151073109,-28.105511194748033,2.302713151073109
834,-28.164209747561124,0.552713151073109,-28.193878016067256,2.302713151073109
835,-26.26197315263086,0.552713151073109,-28.164209747561124,2.302713151073109
836,-26.286474935040985,0.552713151073109,-26.26197315263086,2.302713151073109
837,-26.071069782860537,0.552713151073109,-26.286474935040985,2.302713151073109
838,-25.86583309280456,0.552713151073109,-26.071069782860537,2.302713151073109
839,-26.599661700009328,0.552713151073109,-25.86583309280456,2.302713151073109
840,-26.926638822621033,0.552713151073109,-26.599661700009328,2.302713151073109
841,-27.062062582753004,0.552713151073109,-26.926638822621033,2.302713151073109
842,-27.122510646292987,0.552713151073109,-27.062062582753004,2.302713151073109
843,-27.11486970276012,0.552713151073109,-27.122510646292987,2.302713151073109
844,-27.401293967374244,0.552713151073109,-27.11486970276012,2.302713151073109
845,-26.496988835557712,0.552713151073109,-27.401293967374244,2.302713151073109
846,-26.613823315765572,0.552713151073109,-26.496988835557712,2.302713151073109
847,-25.66204164748294,0.552713151073109,-26.613823315765572,2.302713151073109
848,-23.62515399902415,0.552713151073109,-25.66204164748294,2.302713151073109
849,-24.102801914549662,0.552713151073109,-23.62515399902415,2.302713151073109
850,-25.071096357376668,0.552713151073109,-24.102801914549662,2.302713151073109
851,-24.338810225143455,0.552713151073109,-25.071096357376668,2.302713151073109
852,-25.46899865206769,0.552713151073109,-24.338810225143455,2.302713151073109
853,-24.14352780996341,0.552713151073109,-25.46899865206769,2.302713151073109
854,-23.571850492813812,0.552713151073109,-24.14352780996341,2.302713151073109
855,-22.40665413130296,0.552713151073109,-23.571850492813812,2.302713151073109
856,-23.398238501889857,0.552713151073109,-22.40665413130296,2.302713151073109
857,-23.769857472012376,0.552713151073109,-23.398238501889857,2.302713151073109
858,-22.410137211141183,0.552713151073109,-23.769857472012376,2.302713151073109
859,-22.95866467626493,0.552713151073109,-22.410137211141183,2.302713151073109
860,-21.56865380398026,0.552713151073109,-22.95866467626493,2.302713151073109
861,-21.877001504605822,0.552713151073109,-21.56865380398026,2.302713151073109
862,-21.18704186625104,0.552713151073109,-21.877001504605822,2.302713151073109
863,-20.0310810950647,0.552713151073109,-21.18704186625104,2.302713151073109
864,-20.009109516029724,0.552713151073109,-20.0310810950647,2.302713151073109
865,-19.384137299458132,0.552713151073109,-20.009109516029724,2.302713151073109
866,-18.46566333887063,0.552713151073109,-19.384137299458132,2.302713151073109
867,-17.541485149107803,0.552713151073109,-18.46566333887063,2.302713151073109
868,-16.758864038514496,0.552713151073109,-17.541485149107803,2.302713151073109
869,-16.935163871644487,0.552713151073109,-16.758864038514496,2.302713151073109
870,-15.887930299695316,0.552713151073109,-16.935163871644487,2.302713151073109
871,-14.299376325913716,0.552713151073109,-15.887930299695316,2.302713151073109
872,-15.047884479062088,0.552713151073109,-14.299376325913716,2.302713151073109
873,-14.009557988618306,0.552713151073109,-15.047884479062088,2.302713151073109
874,-14.801647306604014,0.552713151073109,-14.009557988618306,2.302713151073109
875,-15.118686056183904,0.552713151073109,-14.801647306604014,2.302713151073109
876,-16.37426103415574,0.552713151073109,-15.118686056183904,2.302713151073109
877,-16.492503198206883,0.552713151073109,-16.37426103415574,2.302713151073109
878,-18.309653211683642,0.552713151073109,-16.492503198206883,2.302713151073109
879,-18.71741965951526,0.552713151073109,-18.309653211683642,2.302713151073109
880,-17.114179385219522,0.552713151073109,-18.71741965951526,2.302713151073109
881,-17.767907841959342,0.552713151073109,-17.114179385219522,2.302713151073109
882,-18.57831551665528,0.552713151073109,-17.767907841959342,2.302713151073109
883,-18.12433522494228,0.552713151073109,-18.57831551665528,2.302713151073109
884,-16.87084518246152,0.552713151073109,-18.12433522494228,2.302713151073109
885,-16.596874608628895,0.552713151073109,-16.87084518246152,2.302713151073109
886,-15.725707913064959,0.552713151073109,-16.596874608628895,2.302713151073109
887,-15.248016790259177,0.552713151073109,-15.725707913064959,2.302713151073109
888,-17.080138019066545,0.552713151073109,-15.248016790259177,2.302713151073109
889,-18.073927468816468,0.552713151073109,-17.080138019066545,2.302713151073109
890,-18.380249314302752,0.552713151073109,-18.073927468816468,2.302713151073109
891,-17.39180072996181,0.552713151073109,-18.380249314302752,2.302713151073109
892,-17.59897771746041,0.552713151073109,-17.39180072996181,2.302713151073109
893,-17.10843445306531,0.552713151073109,-17.59897771746041,2.302713151073109
894,-16.30619358301245,0.552713151073109,-17.10843445306531,2.302713151073109
895,-17.42523308012587,0.552713151073109,-16.30619358301245,2.302713151073109
896,-16.792684959824996,0.552713151073109,-17.42523308012587,2.302713151073109
897,-16.672177901918012,0.552713151073109,-16.792684959824996,2.302713151073109
898,-16.946349144077637,0.552713151073109,-16.672177901918012,2.302713151073109
899,-17.47435023036648,0.552713151073109,-16.946349144077637,2.302713151073109
900,-17.369040240187196,0.552713151073109,-17.47435023036648,2.302713151073109
901,-17.915120421432373,0.552713151073109,-17.369040240187196,2.302713151073109
902,-16.87864799196363,0.552713151073109,-17.915120421432373,2.302713151073109
903,-14.493141346540842,0.552713151073109,-16.87864799196363,2.302713151073109
904,-13.30105987254073,0.552713151073109,-14.493141346540842,2.302713151073109
905,-13.858601382323448,0.552713151073109,-13.30105987254073,2.302713151073109
906,-14.021519324642613,0.552713151073109,-13.858601382323448,2.302713151073109
907,-14.745951231478474,0.552713151073109,-14.021519324642613,2.302713151073109
908,-13.39425415143229,0.552713151073109,-14.745951231478474,2.302713151073109
909,-14.581766555998255,0.552713151073109,-13.39425415143229,2.302713151073109
910,-14.45103123531036,0.552713151073109,-14.581766555998255,2.302713151073109
911,-15.151487458196337,0.552713151073109,-14.45103123531036,2.302713151073109
912,-15.161319571330244,0.552713151073109,-15.151487458196337,2.302713151073109
913,-14.923961665366786,0.552713151073109,-15.161319571330244,2.302713151073109
914,-15.41063609051471,0.552713151073109,-14.923961665366786,2.302713151073109
915,-14.640879014178427,0.552713151073109,-15.41063609051471,2.302713151073109
916,-14.03212512450776,0.552713151073109,-14.640879014178427,2.302713151073109
917,-13.65672898495435,0.552713151073109,-14.03212512450776,2.302713151073109
918,-13.25545047421598,0.552713151073109,-13.65672898495435,2.302713151073109
919,-14.158729943089996,0.552713151073109,-13.25545047421598,2.302713151073109
920,-13.390482610342955,0.552713151073109,-14.158729943089996,2.302713151073109
921,-13.613987020419742,0.552713151073109,-13.390482610342955,2.302713151073109
922,-14.727472898576137,0.552713151073109,-13.613987020419742,2.302713151073109
923,-14.503374479666142,0.552713151073109,-14.727472898576137,2.302713151073109
924,-14.650061415436296,0.552713151073109,-14.503374479666142,2.302713151073109
925,-14.59308941359607,0.552713151073109,-14.650061415436296,2.302713151073109
926,-16.82735942547645,0.552713151073109,-14.59308941359607,2.302713151073109
927,-15.307726177525065,0.552713151073109,-16.82735942547645,2.302713151073109
928,-14.942574539314473,0.552713151073109,-15.307726177525065,2.302713151073109
929,-16.360329528227762,0.552713151073109,-14.942574539314473,2.302713151073109
930,-17.44988324248357,0.552713151073109,-16.360329528227762,2.302713151073109
931,-16.981931139775543,0.552713151073109,-17.44988324248357,2.302713151073109
932,-17.415072240912487,0.552713151073109,-16.981931139775543,2.302713151073109
933,-16.92243123635403,0.552713151073109,-17.415072240912487,2.302713151073109
934,-16.480158776432955,0.552713151073109,-16.92243123635403,2.302713151073109
935,-17.38703391967566,0.552713151073109,-16.480158776432955,2.302713151073109
936,-17.336651042680142,0.552713151073109,-17.38703391967566,2.302713151073109
937,-18.43787700013434,0.552713151073109,-17.336651042680142,2.302713151073109
938,-18.103913109122782,0.552713151073109,-18.43787700013434,2.302713151073109
939,-18.184002970413726,0.552713151073109,-18.103913109122782,2.302713151073109
940,-18.547023606425135,0.552713151073109,-18.184002970413726,2.302713151073109
941,-17.459646007202096,0.552713151073109,-18.547023606425135,2.302713151073109
942,-17.533805100013712,0.552713151073109,-17.459646007202096,2.302713151073109
943,-18.4458990551816,0.552713151073109,-17.533805100013712,2.302713151073109
944,-17.470809564369144,0.552713151073109,-18.4458990551816,2.302713151073109
945,-17.37350298105613,0.552713151073109,-17.470809564369144,2.302713151073109
946,-17.371719898377847,0.552713151073109,-17.37350298105613,2.302713151073109
947,-17.63000978643409,0.552713151073109,-17.371719898377847,2.302713151073109
948,-17.49375258643988,0.552713151073109,-17.63000978643409,2.302713151073109
949,-17.776399000044282,0.552713151073109,-17.49375258643988,2.302713151073109
950,-16.952642583687677,0.552713151073109,-17.776399000044282,2.302713151073109
951,-17.960229190934083,0.552713151073109,-16.952642583687677,2.302713151073109
952,-17.035030427783312,0.552713151073109,-17.960229190934083,2.302713151073109
953,-17.32008360461595,0.552713151073109,-17.035030427783312,2.302713151073109
954,-18.575176140165144,0.552713151073109,-17.32008360461595,2.302713151073109
955,-18.773048941262964,0.552713151073109,-18.575176140165144,2.302713151073109
956,-18.792726397075445,0.552713151073109,-18.773048941262964,2.302713151073109
957,-18.691509010894347,0.552713151073109,-18.792726397075445,2.302713151073109
958,-17.55405046284759,0.552713151073109,-18.691509010894347,2.302713151073109
959,-18.520899213013095,0.552713151073109,-17.55405046284759,2.302713151073109
960,-18.264982513050146,0.552713151073109,-18.520899213013095,2.302713151073109
961,-18.40194066266968,0.552713151073109,-18.264982513050146,2.302713151073109
962,-17.695178208161835,0.552713151073109,-18.40194066266968,2.302713151073109
963,-16.19461054511219,0.552713151073109,-17.695178208161835,2.302713151073109
964,-15.890307140536839,0.552713151073109,-16.19461054511219,2.302713151073109
965,-16.221850916711965,0.552713151073109,-15.890307140536839,2.302713151073109
966,-17.766251414092746,0.552713151073109,-16.221850916711965,2.302713151073109
967,-17.549085565191866,0.552713151073109,-17.766251414092746,2.302713151073109
968,-17.461549022455863,0.552713151073109,-17.549085565191866,2.302713151073109
969,-15.993106134409434,0.552713151073109,-17.461549022455863,2.302713151073109
970,-14.854487371644336,0.552713151073109,-15.993106134409434,2.302713151073109
971,-14.65688273456532,0.552713151073109,-14.854487371644336,2.302713151073109
972,-14.553946700242395,0.552713151073109,-14.65688273456532,2.302713151073109
973,-13.525221280813776,0.552713151073109,-14.553946700242395,2.302713151073109
974,-13.849734878975328,0.552713151073109,-13.525221280813776,2.302713151073109
975,-15.495430290691658,0.552713151073109,-13.849734878975328,2.302713151073109
976,-15.207277941864469,0.552713151073109,-15.495430290691658,2.302713151073109
977,-13.97658827376729,0.552713151073109,-15.207277941864469,2.302713151073109
978,-17.072474471576324,0.552713151073109,-13.97658827376729,2.302713151073109
979,-17.303349593108685,0.552713151073109,-17.072474471576324,2.302713151073109
980,-16.273599968824463,0.552713151073109,-17.303349593108685,2.302713151073109
981,-15.150116390480555,0.552713151073109,-16.273599968824463,2.302713151073109
982,-15.319467251879798,0.552713151073109,-15.150116390480555,2.302713151073109
983,-17.01188021265911,0.552713151073109,-15.319467251879798,2.302713151073109
984,-16.941197682350683,0.552713151073109,-17.01188021265911,2.302713151073109
985,-16.646744834013454,0.552713151073109,-16.941197682350683,2.302713151073109
986,-17.382713060998285,0.552713151073109,-16.646744834013454,2.302713151073109
987,-18.04251665172424,0.552713151073109,-17.382713060998285,2.302713151073109
988,-17.65670855908246,0.552713151073109,-18.04251665172424,2.302713151073109
989,-16.73099352466076,0.552713151073109,-17.65670855908246,2.302713151073109
990,-17.07334425224893,0.552713151073109,-16.73099352466076,2.302713151073109
991,-15.86863313946196,0.552713151073109,-17.07334425224893,2.302713151073109
992,-14.074500992211187,0.552713151073109,-15.86863313946196,2.302713151073109
993,-13.91054816655246,0.552713151073109,-14.074500992211187,2.302713151073109
994,-13.255128974668498,0.552713151073109,-13.91054816655246,2.302713151073109
995,-13.297497812127544,0.552713151073109,-13.255128974668498,2.302713151073109
996,-12.447939167518616,0.552713151073109,-13.297497812127544,2.302713151073109
997,-13.227657579815501,0.552713151073109,-12.447939167518616,2.302713151073109
998,-15.172137964623332,0.552713151073109,-13.227657579815501,2.302713151073109
999,-14.965935563991483,0.552713151073109,-15.172137964623332,2.302713151073109
1000,-13.885612124645014,0.552713151073109,-14.965935563991483,2.302713151073109
