time,observation_1,observation_2,state_1,state_2,state_3
1.0,4.315133187331401,1.1273179990940507,2.483410203496149,2.2359151258306778,-0.5614831677963191
2.0,0.549227106287546,0.27367659492321983,1.98293910263114,1.4151307016806578,-0.736043800081088
3.0,1.1772077984478848,-1.0046339256380539,2.2424396945813747,-1.9279875665752482,0.1806119906100434
4.0,3.3015204885415517,-0.967488526508121,3.139837288596807,-0.768033686282471,1.2591013851734554
5.0,3.677869055942865,1.4600777936453604,3.9875444638894817,0.14597287353168942,1.4068992463475554
6.0,2.846538433228803,1.2967053448077872,1.8092636965145488,-1.7372730123500448,1.0997931256692612
7.0,3.823033714244505,-2.719315402025611,2.106902618022675,-1.1102193435204604,0.9002505968893093
8.0,-1.3505153481420111,-1.1966404596589615,1.1947360992360305,-2.743981499118367,-1.9300521297504045
9.0,3.329946050528726,-0.7835125346659275,3.3382127522483334,-3.2701727040155726,-1.4106971411253026
10.0,4.833362763746475,-5.863082724155329,5.28762484600456,-3.6163565378411437,-2.163698126349047
11.0,4.909209672425044,-3.9444433987222416,6.9710975075275385,-3.3873939451882547,-2.895805182098904
12.0,6.818347500236606,-8.321524753868303,6.849744772899282,-9.402933288837543,-4.3791072211070805
13.0,4.736140084871043,-12.770220408900268,4.766188051149481,-13.27673333956943,-3.790596999497977
14.0,4.208401656249672,-13.214245640240584,4.714550135196932,-16.233482256008035,-3.3289957394064977
15.0,2.2718986312797504,-18.552195643812517,1.5205174953773657,-17.493548402052774,-2.9375602802818066
16.0,1.7297222713011966,-21.03005997345614,-0.32133931055286147,-21.957183607257058,-2.8040820120126195
17.0,0.7378353118620646,-24.65283328613068,1.934588965388005,-23.884213007080298,-2.6651636385556854
18.0,0.12641310351609936,-24.36416646307395,1.1335035823601058,-23.4255348605978,-2.8636585623601842
19.0,0.34811331822525,-24.64159738171689,0.5537909465442402,-24.804967155360533,-1.4724214073025992
20.0,-0.7087514425835141,-27.862924140296958,0.6887936976287335,-26.14278962900269,-1.4041536016440146
21.0,1.1754237730736001,-26.571124399558126,0.9883404702276,-25.342007751932222,-1.5788665912139752
22.0,-0.21191745776977244,-29.621942925508232,0.41459695062195934,-29.94599259281464,-0.8045457556365002
23.0,1.1567983891507234,-33.407225989970094,1.2875453325430615,-32.41443798071795,0.05490504747449365
24.0,1.983607497930764,-31.315806870166085,1.2505826664735502,-32.4584451806138,1.427404439037089
25.0,0.546644096163057,-31.21469780496413,-0.9084485235277371,-31.5676816688961,3.2361848361785075
26.0,1.9786383826827012,-22.544228481258553,1.6519553672931706,-26.53093331343476,4.178026842416132
27.0,3.194360089764488,-22.76254575186667,2.3407460065074175,-20.978114725174393,4.883129814006137
28.0,2.976645940839978,-16.82960056712696,4.3884525838993,-17.04087529566782,3.841900327224846
29.0,6.58739308740539,-13.443237251679747,5.76019428046338,-11.614047176268494,3.2340933658531075
30.0,8.283943839341394,-10.218219805076009,6.584313929823936,-10.083121179444817,3.062684451537533
31.0,6.516242593099185,-4.710960477657656,5.183259533562949,-7.118955517071722,4.241045095384944
32.0,6.148058572498118,-5.1865727555902215,4.979486248380339,-4.4703206862147855,6.44222901517761
33.0,4.97689075766476,4.250913003326765,3.0574601189104085,2.2586493047968146,8.419401410580022
34.0,3.8012533610913115,8.349171889353428,4.299230871494113,9.046233112686986,8.827402623544007
35.0,3.9408974889232056,19.273691643116994,3.5590385834325096,20.323428975259976,9.595169002416261
36.0,3.24158633117795,29.678902399312044,3.5292189761436457,27.461888630304014,10.029056660907354
37.0,3.824897470858902,36.30890636246974,5.469483247983632,39.420453781396546,9.700120506607309
38.0,4.150395548071364,52.24652395724057,4.115476262132475,50.02192165976139,9.605749107544339
39.0,3.085685320472169,58.368097550289754,4.22242323390087,60.096062263943104,9.720154316999869
40.0,3.274917485780874,69.0769545321357,3.2955123806582587,71.26303726280106,8.632430756747276
41.0,6.030072949700995,83.75310674491907,6.2292224836330385,81.5910808632013,6.883112938956052
42.0,6.435439771336867,88.65178080638327,7.187052823566354,88.58573762679538,6.004111136769438
43.0,6.383284788617739,94.67441815136948,8.28986923177444,91.5623540777648,3.988742256276561
44.0,10.089083836371076,90.94685463170003,9.976204824247288,92.0928449613489,4.222806173328328
45.0,10.501687680956662,94.6260650148471,9.199991270519515,94.58017512305835,4.780378651213467
46.0,8.310929987667198,99.06482466202355,7.311719645866624,99.0523799910668,6.4452394481074435
47.0,6.440887855180368,104.0484135708738,7.020265109408543,102.46489925090542,7.526801907176544
48.0,5.968428132738791,108.94504006534643,6.797719706142639,109.01100419276497,6.95704156481168
49.0,6.333691200680052,116.39848116528299,5.441794228273525,116.02867124810066,6.732696738349314
50.0,6.319469772966931,121.01969219790394,5.706780312345711,121.97447205388988,6.035939101638172
51.0,3.4810799625914264,129.64438394746992,5.279879216113946,129.02902248420736,5.533051093910166
52.0,4.537318900778082,137.22961888920491,4.983306649811555,136.3342603314773,4.89813746874746
53.0,6.676173355593902,139.70694956832548,6.915034470916175,139.14746251262645,4.080477260939758
54.0,9.814767360710855,141.39764878537292,8.14824042525216,142.43435642752854,4.1299051637767565
55.0,6.308019561897419,145.5599721088082,6.658513967213404,145.59207267047992,4.869213320441228
56.0,5.801416696768979,157.2444112058303,6.842006624464844,153.25168981050248,6.841614483419983
57.0,8.96386823320584,160.4388714405263,8.422967133565074,161.05709485521598,5.988713124254228
58.0,8.041904168954394,166.38455262514617,9.027055677988828,166.50236450848442,6.464292535412197
59.0,8.59701266034039,173.5981774567478,9.45259516986475,173.4895246060947,8.037634339690591
60.0,7.7151960465391705,178.67791479168818,6.749906400075449,178.4850810060759,8.5088685686679
61.0,8.046958910257647,185.0344424930218,8.86026177429513,187.1776489670647,8.94980616832587
62.0,8.075079756278567,196.6394127657913,9.784607149099099,198.55078146355564,9.636881770749257
63.0,12.046628064645413,206.70184238409695,9.98727725764018,207.03271577817327,9.659051129388487
64.0,12.011165121910945,215.71626477605523,10.273079442637815,215.88576448564274,9.665004790457253
65.0,10.859348243757491,225.85123638903374,11.52097142122821,226.55604025338098,9.695901853738192
66.0,11.051717732012122,234.34008377229233,11.017250784616042,236.59292189699497,7.623963932084402
67.0,7.53167990267493,241.76331032183663,9.02623865846075,242.28289508927708,9.365830700780501
68.0,6.5294719639183665,250.90582763346768,7.185382424995948,252.71018111262194,8.045583844920294
69.0,6.63156021148783,263.14768916295856,5.59262731256618,262.0654254928722,9.587477537444023
70.0,6.179324843459994,274.5933063189728,5.389444352101273,274.9551069254783,10.809591600917226
71.0,6.102947523017945,285.5465084259571,5.304576407029455,285.8902276734334,11.919691355809455
72.0,5.514658356658034,296.41478154027004,6.156979234686803,299.05951753376166,10.63736871872258
73.0,6.321667664913591,313.16515628641366,6.938835840897181,312.75659753023183,8.889324285714874
74.0,5.775665655508289,323.40339367024563,6.110218190822428,322.0085818386252,9.366747917977493
75.0,4.790301135311738,328.8661198010613,6.7358135608917875,329.2544490476675,10.818612811879712
76.0,6.955958994121316,335.67141777203534,6.0865907824084555,337.10191065770175,11.315759783276203
77.0,5.548716465517929,350.44423502066235,6.032394560122929,349.70971975552857,10.362233455515483
78.0,5.63722865018684,362.0952993489546,6.600081908079456,360.47454186843197,11.974256440841913
79.0,8.599457133300511,370.7367620509886,6.035832210777268,372.9711505112635,12.651819129702861
80.0,7.98737927055553,383.9205889194064,6.479111240521146,385.21630387327593,13.399383173941617
81.0,6.434960344578306,397.27496555893003,6.759777608162333,399.4540819651721,13.287502286059244
82.0,6.280199932117712,413.0699704958994,7.217944317820777,412.37492396811865,11.037951391865773
83.0,9.275596533698103,423.7322882510934,8.687102019336995,423.8006412602767,12.42164715188389
84.0,8.279403458480653,436.0544942151343,6.8783865239978255,436.4232208684024,12.896215256219639
85.0,6.1006213137023915,451.5840770783855,6.743591076642518,449.35269997088864,13.929843336296361
86.0,6.938947268523722,464.6056140821742,6.997213174519742,465.5014696913196,13.391898356670346
87.0,6.01028573669035,478.1851203689888,6.445170484706965,476.89311150496303,15.411269060470728
88.0,4.486339116344871,492.9644496794211,6.369273870800583,493.3567849780041,14.034038814660255
89.0,5.600076039480536,509.09759125791777,4.997948215235866,509.2045135582101,13.566063513189578
90.0,7.980191024026404,521.7638473284785,7.289697464901888,520.8395160507521,14.54463217707352
91.0,9.224056702567504,533.4569946747733,7.733012669493441,534.0518867931834,15.833765559337332
92.0,10.930997919645261,552.1363707100102,9.325793631805293,551.655724912536,15.521714614145102
93.0,11.004889901316563,566.1472649335966,9.17725741283069,567.7386916317763,16.326671751187693
94.0,10.046251148840312,582.1875576094633,10.741607626029959,583.8121073821774,15.87802726134041
95.0,13.756132264315674,600.1446105543454,14.475254716487093,599.5744569220831,15.630916533316666
96.0,15.071351408926374,616.9564217328731,13.510173341052088,616.4802570485236,16.14021256144503
97.0,7.976859714665569,628.7634976156686,11.350647341160588,630.9334286474889,16.062196295874557
98.0,14.006969570312846,645.2332592081182,12.129557412377872,645.7116942792254,16.942582551261516
99.0,12.56450694179222,664.8284231051034,10.792101426002143,664.2974281478888,19.287420537010767
100.0,11.662341912376386,684.5475874475322,11.267050219145974,684.4750888643567,20.377424249408605
101.0,10.810665182887512,703.3461640359178,10.503250042305384,704.630982299216,19.649872729578313
102.0,8.650996065405089,725.0181659821598,9.295499999044655,723.5540645092589,20.254692429116577
103.0,11.049505914810247,743.514746377092,12.403972861681854,744.5795373890147,20.70399268269105
104.0,12.22624584015956,767.6753597237536,12.392424790390844,765.2988526845367,20.860050920601363
105.0,8.039841481578248,786.7381318308641,8.431175707359502,785.6448932430415,20.90126931239815
106.0,7.861322687178403,808.9537094666142,7.96341209612625,808.2257088197732,21.06498347337597
107.0,7.855913475566157,829.7741109283492,10.025187027033539,828.9179253449813,20.118222805082258
108.0,11.352178599934552,847.3696164970154,9.756709348914734,849.7055367889188,19.25441412292203
109.0,10.907183851946298,866.7651359942315,9.899624812867238,866.9334183721935,19.342181056151105
110.0,9.644410900846076,886.1263089220755,9.917561508819329,884.3416799323882,18.553317332395086
111.0,9.2684462672561,898.6292264327927,9.868684908194654,898.763214910755,19.236644894415935
112.0,6.89028999924054,917.7521107045715,7.217570589082801,919.0485942953353,19.549746219871253
113.0,7.640617169554031,938.6826285154114,6.266836233081967,938.6925755104465,18.552638032912864
114.0,5.80248215461194,954.5701516043183,4.703092758009571,955.3253841590347,18.623230812094736
115.0,4.6586707552268205,972.9302529723805,4.942296567354967,974.7221893075873,18.54233820622999
116.0,4.532145928928518,992.3867260235543,5.264573615719588,992.2183910426066,19.28652671006301
117.0,0.8238759806888306,1011.8734606956493,1.4701817302754736,1012.6329113794287,19.696160489577007
118.0,2.277920473869322,1034.7850826929905,2.6408277841248404,1030.4877247611182,19.92266211177909
119.0,1.7527466983680748,1046.9793435685388,1.865830147177316,1051.3221674234596,22.072725339333687
120.0,1.2311956074257873,1074.3606885708832,1.8246661266380468,1072.4023935607606,23.133272815887235
121.0,1.084851254670659,1093.5315143884943,0.9760204205704837,1092.4874789209157,23.74339067120549
122.0,0.4312725101536021,1114.1253893176695,0.6961830298403153,1114.024427800741,26.076471535572548
123.0,1.0651455192608599,1140.1808126460783,-0.13313689303638254,1140.0247447559952,25.27968591675367
124.0,1.2741581403306899,1164.9863045326006,0.990453620854159,1164.4937185319277,24.90043422276571
125.0,-0.46035917408644633,1193.8152228781178,-0.04425618638239359,1191.49759983672,25.034492866215924
126.0,0.30820700913810195,1218.9882662891362,0.5780104986945407,1218.2668741386792,23.800923271436876
127.0,2.4633822729914563,1240.2833431849729,2.195951275826661,1241.5670651142225,22.256087248201887
128.0,3.5532102290371093,1263.728687719061,2.315391849094756,1264.0439498101157,19.55390452098444
129.0,2.4879296209280337,1286.3866671935587,2.0745208220614764,1283.9807268130462,21.175817118326748
130.0,4.125622078480394,1307.0344019305226,4.268804118565148,1305.842804906657,20.50708059147071
131.0,4.648793632083408,1326.302466127357,4.633893436214267,1324.4917034417094,20.227095771603345
132.0,4.253222624291688,1342.6089514145383,3.2120733440452285,1343.460507366412,19.791267174544004
133.0,4.692574182676801,1364.24044169546,3.1665294225476814,1364.50183284366,21.230199326740347
134.0,2.213628898127907,1385.2341193365141,2.149419044080072,1382.0105957282312,19.96854321477288
135.0,2.1971778706604157,1403.6917146179856,1.4285570411666257,1401.6653752030638,20.53362903048979
136.0,2.145598007800108,1422.7525026417486,1.6176263766135937,1423.3507787168862,20.815459846570487
137.0,-1.1789177543769436,1442.4214576103611,-0.0790624914552589,1442.9362308549516,21.685624632006515
138.0,2.4504538095846042,1466.826699088666,1.5757198915395958,1464.8269148110705,20.400178032928615
139.0,1.8863003576130521,1482.7579812230535,3.471881061324209,1482.5586788025264,20.918994956949383
140.0,3.5458781406891786,1502.4896041743891,3.140483060589328,1502.1026102168394,18.95592680507162
141.0,2.352087467341843,1523.2554236401259,3.6150157473540223,1522.7772198488003,18.003879576645197
142.0,4.354076825719138,1541.6454417896787,3.98475728528175,1541.6482124864665,19.83877732277601
143.0,5.298070737467449,1559.7502634233767,4.848926082139078,1561.45876169892,20.139230165709318
144.0,7.851652477362666,1581.4060730974575,5.428334374935692,1580.891235486799,18.820367190030783
145.0,5.263779294826292,1596.7953277101738,5.781218539647991,1600.4316380900286,18.369048693811823
146.0,4.051198263883794,1618.8750974787113,4.678497571796626,1620.411691359007,18.915723837546093
147.0,4.481781233570505,1642.0886304022001,5.083964180503696,1641.512586056881,18.815543008971844
148.0,3.2633476098586454,1661.8053529420001,3.7995491570112554,1660.1785015028327,19.149424369278957
149.0,4.4200393473758695,1680.5029178133261,3.3389701233320737,1681.3859138941125,20.285700074275216
150.0,3.909406198485539,1700.8359107926658,2.776038333605534,1701.1196194351323,19.391237124757073
151.0,7.079696463513597,1721.8150414770466,5.844491283069225,1722.4250093030091,18.748335977161076
152.0,7.384301557466975,1742.9624159498217,8.123219070680692,1742.401114026899,18.424619728390212
153.0,6.052866759866674,1759.4283647057712,7.170557838751118,1759.2766777760853,18.733230977490155
154.0,9.30386591399422,1780.5194474933137,9.038587750893882,1779.3284150197508,18.74654341078615
155.0,7.938929463704519,1798.0745192440804,7.792856479048963,1796.4363318754845,17.65040650434424
156.0,7.676593565088281,1814.7819787145297,9.354889282565978,1815.933272237709,17.448156806153264
157.0,10.407833282839457,1835.5144189302662,9.050645835410876,1834.4472200596995,17.878034264257593
158.0,9.215065248369385,1855.1478858917978,9.7213227339762,1853.931358325619,18.46251647499937
159.0,9.417577983404446,1871.2632965363466,9.655539025376854,1870.7802619711802,18.359523365073485
160.0,8.32210043281314,1886.8486645504208,9.78791682910459,1887.885810993627,17.68648625902013
161.0,10.26055650953964,1907.2121185797528,11.108546060740526,1906.5148924056814,17.44142506018909
162.0,8.52815796002771,1926.791996409274,9.767975856883718,1925.9158889251557,18.981766849410125
163.0,9.427124800458941,1946.021377013347,9.025362696550427,1945.3670543321623,18.297491124024965
164.0,11.45703301894596,1965.806380210553,9.702651947302984,1965.0502601218334,19.055022077683947
165.0,6.926355202034059,1983.0352569232257,7.6300990539651385,1983.105290245281,18.13841743139763
166.0,5.3428201273564,2001.4100631913466,4.772388003294232,2000.2421019311485,18.312834008957005
167.0,5.915953651564155,2015.362185237532,5.785633227501508,2016.1353455482188,19.228807038989174
168.0,4.334476956857503,2034.7999129288105,3.660138146938479,2034.550683082784,21.54685394233379
169.0,3.2158914640779774,2055.5137386377005,2.3851684683533385,2056.3122846679485,23.20497251540528
170.0,2.8027623538277044,2079.070833252421,2.0408024105274616,2077.782351271353,22.157437924723403
171.0,2.342970902621764,2098.609052884142,2.4438677094815877,2099.609133484087,23.935462228195142
172.0,3.4003143446916386,2123.965202646286,4.740651462333387,2126.054150177421,23.287457458810508
173.0,5.56360313115724,2148.0001743124476,4.958033533108561,2148.430565478041,24.48205233114452
174.0,6.977648837917414,2174.5994902014286,5.675597772779123,2175.0571723110993,24.53193035873776
175.0,5.3907814278838595,2198.6774569552804,7.364758528615024,2199.967329199593,23.671319656133523
176.0,9.632756499591693,2225.842050773446,10.51026485217013,2224.8889800966667,23.115203744396972
177.0,9.90152922128315,2250.6130026095475,10.291711521874381,2248.7562441975383,23.113580225329695
178.0,12.222739733748544,2273.303993890477,10.999906074687305,2271.8300824700113,23.993271620228256
179.0,8.944068362065288,2295.2485062148717,8.479297937071369,2294.8050321298365,23.717151252300564
180.0,11.214929368016993,2321.029964339249,9.4206757152357,2318.6186756307293,24.529649811270268
181.0,8.715704632911047,2336.7257915971704,8.114163889308223,2339.69305675417,25.260037086303083
182.0,8.593355352029976,2366.7818574715243,7.737411162711265,2365.846271757383,23.70297035422871
183.0,7.355907726808629,2390.243592580298,8.731433608960536,2389.7048923588823,21.288722266070593
184.0,6.523043833013382,2411.2736453374496,6.674265905914444,2410.3532962918275,21.564482477109173
185.0,6.0606126812664955,2433.118736662262,5.821628931436205,2434.1689099676637,21.930010884184952
186.0,3.6321373008551507,2456.357623651566,4.139908943429753,2455.0804776251794,22.768442971076244
187.0,4.74426739176652,2478.2719359338153,5.659760618690467,2478.5574478209537,23.53193755070775
188.0,4.924573410472348,2499.7882326770496,5.414857545025865,2501.480996222014,23.42555869075114
189.0,6.773330357709574,2521.0788239155513,6.2628943620654,2524.40208385352,24.48021699902637
190.0,2.938032634742398,2546.78760391598,3.967273180848963,2545.4234163157653,25.165403820760794
191.0,3.485063880850512,2571.0764936708356,4.748094064871369,2571.725354358166,25.417177393436724
192.0,2.8316903194253826,2596.6326868895,4.337764611040118,2596.141158025982,26.513446044537535
193.0,1.9289820298798994,2621.123007415176,1.9122867452684496,2623.026894480814,26.861963924301314
194.0,3.8113273441676965,2645.891174271579,2.4694291886693813,2646.4429768389814,26.5140901856904
195.0,3.1015393476882718,2673.729602032974,2.912700361212224,2672.9747257147983,26.724660976074556
196.0,2.3749718436930847,2696.6320543872375,4.692577485788355,2698.3270284742757,28.785534178438365
197.0,1.7871563670110513,2728.182367861325,3.471157011329047,2726.873635845975,27.994893711811766
198.0,2.040101928385429,2752.1678350184466,2.4203594803721584,2752.6606195334725,27.576656430328995
199.0,2.660370607683227,2780.2125828838666,2.6558565805457586,2781.5945460767166,28.942092679253804
200.0,2.432500510509005,2810.9783046205757,1.9966408290572344,2809.827325276213,28.891414064525456
201.0,1.4768582116161426,2836.6765414583692,2.010276097155738,2838.8531440491465,27.04705600979331
202.0,2.2669779546817925,2865.4708284368944,2.0497926168324,2863.1182684454957,27.00719192850068
203.0,2.2165738306718,2894.69867756021,1.1957698336957372,2889.885708914549,24.311064260253666
204.0,2.896729309839788,2914.7027552571562,2.4741248350769665,2915.437871680847,26.487935966161118
205.0,0.7256429309957123,2941.617468302585,1.5316074605487113,2940.6045528766513,26.082035183158766
206.0,0.9500404953863125,2967.124766971511,1.7479571181196851,2967.0717098168284,25.731197805192075
207.0,0.45373250102555596,2996.6071205493427,0.2063812776983851,2994.8895299590426,26.334306084009405
208.0,-1.0151352069242123,3017.182468307127,-0.13839625412657086,3020.2673657585688,27.190841256184452
209.0,0.04715102768125566,3046.208312674797,0.12206199238450627,3046.3959805902255,26.667541013819182
210.0,1.947301478210611,3073.249714836751,-0.39962868183740946,3070.4322287211926,26.75984936612125
211.0,0.7721363975966826,3095.9876059484936,0.5951495758243326,3096.6888761737546,29.08184332462941
212.0,1.1065279176474403,3122.0981913575465,0.8735909171276519,3123.071063311075,27.422942203736145
213.0,-0.21263693963080876,3151.9480117358494,1.2696553157612056,3151.7418284896153,28.737726486915186
214.0,1.5342169482962298,3180.2894355392364,0.5761123590859799,3181.800443836365,29.943073418160058
215.0,1.6032096045208062,3211.746223751884,1.6474535809645037,3212.122483945857,29.400875869687045
216.0,1.6921030083456599,3241.8292152976583,0.9363224557225063,3241.674211802108,30.015633340083166
217.0,0.5359925579794627,3272.767088206332,1.173341640184795,3270.718454188244,31.010887367175766
218.0,3.318339249560821,3302.0428890883763,2.0132513741669458,3302.483197491446,32.23384219752284
219.0,1.6404826399187022,3334.604726421707,1.181008730550971,3333.2300720101907,32.4745058506073
220.0,-2.9703188806223517,3364.4130556241553,-2.1845810943383657,3364.1439816416805,32.07096098796573
221.0,0.08981139908181915,3393.794659441413,0.04497706708477489,3394.0405668700787,33.08189456253159
222.0,-1.6571845855490732,3427.6920705211023,-1.5479267650131483,3427.2353021189874,33.06080115107263
223.0,-4.695198608692905,3461.0367178215015,-3.994343752401371,3461.4646711218957,32.59324708493488
224.0,-3.5823570719901228,3492.226339410595,-3.7710837415114695,3490.740460982839,32.39618163813704
225.0,-4.410575579329158,3522.615421320467,-4.080394328058156,3521.6192498601968,33.667569829826654
226.0,-5.625715892990702,3554.1222001827286,-5.883070613079103,3553.216861123339,33.980601426686185
227.0,-6.804536648224542,3588.147663561379,-5.27066121411727,3588.546171708539,35.67657452060849
228.0,-2.6291961122608702,3624.7604065708456,-3.08996599084824,3624.1946166494,33.97206329313571
229.0,-1.0441524742488808,3658.135508592998,-1.670429664250733,3657.2509701404488,33.000117976668804
230.0,-0.8870286324473684,3686.7084833307845,-2.299374566460906,3689.399660561894,31.179017683366492
231.0,-2.205865070345748,3719.750364702616,-1.235818751323595,3719.2348398774952,31.04198166794037
232.0,-3.96322558044322,3747.990578085084,-2.134216440660337,3749.696777043441,30.73695861031013
233.0,0.8153482035337416,3779.845366903734,-1.2835864407216913,3783.313438301082,31.749011093065864
234.0,0.816505870421928,3814.451251995616,0.5753576071007285,3815.856333894074,32.429843202849874
235.0,3.201566684539678,3852.567691805476,2.1840121080029498,3853.6329107341885,31.774879664935227
236.0,4.07408799121865,3884.5404028130615,3.7269183728944313,3884.4451527261667,30.844114831102424
237.0,4.663411648335909,3915.7918710757826,5.711307062819736,3914.933164613274,28.652943160920866
238.0,9.135073968108216,3940.997693461596,8.224489917224657,3941.2770303038087,27.087363242388523
239.0,6.871540482485653,3970.7159038194654,6.52621886475017,3969.8527611639274,27.625255345530572
240.0,8.213474836692601,3997.9267647990664,6.317843068467322,3995.9070530529084,30.006360940671673
241.0,7.97968640709415,4026.48541553519,7.984374994644689,4026.306270888998,30.516923576261952
242.0,7.557939241544568,4057.476738562983,7.993093352974274,4057.1087175373996,29.478091628584274
243.0,6.6843596507351215,4086.4647552085235,7.813680742694591,4085.3310164395475,30.158349107977685
244.0,5.58434563710928,4115.605109960103,7.1891397743785195,4115.597392674907,28.620619737498668
245.0,8.36221898545206,4143.381660236404,7.8327084832668765,4144.724029299432,29.00544191412337
246.0,9.226844010338809,4178.458290224889,8.400109636786782,4174.986149166818,28.941997098805416
247.0,9.45526833556967,4210.171225989712,7.146713683033143,4205.123863151882,29.788903345416188
248.0,7.067554959626802,4239.89862739335,7.339954690324842,4237.299517325767,30.049585550284828
249.0,8.715331001261301,4265.072359035512,9.930585720156657,4265.8875602468825,29.318755724923335
250.0,9.121556195965967,4294.336752984532,9.404342358788835,4294.374299224369,29.46776007487887
251.0,11.41629303088002,4323.08503982453,11.774586198938163,4323.682254452519,29.110374206734058
252.0,9.949682566461254,4351.768222492603,9.817231048430207,4351.068506393663,29.346888984649166
253.0,10.85712841533864,4379.205294322017,9.54144443066621,4380.15926742635,30.70649893350057
254.0,9.064522120709283,4409.438275558911,9.639281171096387,4409.915346550444,29.7866393653425
255.0,9.383834068061088,4439.061627008579,8.942011888238438,4441.451408126394,29.786939475292492
256.0,12.346280865228948,4475.489941925819,10.936778860939999,4473.295731339034,30.021803420363828
257.0,9.99938527796781,4504.639195183252,10.043776126565804,4505.757196251664,29.311748847773035
258.0,10.508869920099375,4533.3961200890235,10.906100895788873,4535.030840491049,30.109846683365426
259.0,12.67301714555496,4565.244105410792,11.292587790109192,4564.407087045321,31.306393579695886
260.0,10.292873978059628,4591.14786315759,11.282832777968629,4592.558720803314,32.465320174957746
261.0,10.264695023602096,4626.808695076791,10.51855142583577,4625.440691660489,32.85825257185383
262.0,10.749391563151843,4658.577282590658,11.953976202884675,4658.10480189409,33.4582278004234
263.0,13.43416047436928,4689.4386774505165,13.790798352480387,4691.056196243224,33.89890116455071
264.0,12.720355644138621,4722.763961622546,12.496667336903883,4722.161150481582,32.7419694749789
265.0,14.73850556928028,4754.152447228728,13.455697717642135,4753.879828411992,33.58198319670266
266.0,15.300079940974666,4786.608423536034,14.412107244364464,4786.454696976466,32.89505314057887
267.0,12.990491733635107,4820.838510079146,11.644180805373804,4819.830540464111,32.36072177293606
268.0,9.119107954387388,4852.389391667412,9.606991741818712,4850.48636395608,33.2604952532067
269.0,6.329640753890488,4881.65642935826,7.763777905022332,4882.869280581424,32.03042370321742
270.0,7.562795887926174,4913.2720888442645,8.687653195993919,4915.335680768368,31.747277817066735
271.0,11.78124536454751,4948.334860185151,9.240581166060199,4948.9779260634405,32.26048102272338
272.0,10.17544684456388,4981.393298933397,10.229468296467518,4982.644320042863,32.07304766073688
273.0,9.79243347048178,5015.454405315189,9.007229264763708,5013.304653089238,33.464730922261
274.0,9.87344775288346,5046.094263408227,8.988734997255175,5045.873344677465,35.067552682032385
275.0,9.390846650021333,5082.407503579534,8.633592019883542,5082.445688237965,32.87393548868694
276.0,10.99070337840262,5115.93562107774,9.370349849711916,5115.817293675717,31.712696184740114
277.0,8.139664927453317,5147.343283584339,8.443531183798024,5147.733043276024,32.592868045891706
278.0,10.671794593520836,5180.121612039942,8.572667305874116,5180.068800446517,33.53139262877638
279.0,4.59695747097728,5215.143190700636,5.5193673143904975,5214.6962865469,31.822692256649972
280.0,4.585845064220408,5247.15056528808,6.29918288967236,5246.839299888377,31.753921413745797
281.0,7.2867570368873515,5277.194218543898,7.443472128079972,5278.459556506161,31.950054911635025
282.0,8.574183205993455,5309.795415345144,8.554526323440372,5310.009268451005,31.68980676557557
283.0,7.985178620492716,5342.714766113229,8.972100040690323,5345.320736509885,29.806359547919453
284.0,9.187390031465887,5376.626973075949,10.645310837579286,5376.435763146233,30.597065648118157
285.0,9.108673818792386,5407.9605884772955,8.85424999060899,5406.297872178257,30.137382174108293
286.0,9.446985289133627,5434.758755800205,7.422684480023116,5433.918621157917,30.745028259826096
287.0,6.20487567677704,5469.005168737889,7.053555807789217,5466.718272453017,32.49452557708229
288.0,8.699093414888228,5494.8476708865155,7.310039219932105,5496.855126594621,34.51657085770341
289.0,9.38107449295559,5532.543390809737,8.409550397838862,5533.467125838157,35.708404956809886
290.0,6.633258132016111,5568.43348988288,8.050242352889638,5570.044269125075,34.66150263269579
291.0,2.8950580628282303,5601.450729313302,4.021698219859797,5603.301517402099,34.296747831412524
292.0,3.381535384816205,5637.903031628799,4.510468601929426,5637.470847811995,35.10894785029714
293.0,4.463738135505331,5669.938022290502,5.043031911953069,5668.907553628355,34.27094270255871
294.0,4.386098322779258,5703.101291449194,3.6197880924717043,5702.207235125575,35.29857847084421
295.0,2.453620348138952,5739.285102440197,1.672276639614972,5738.988844625563,34.371245689889356
296.0,4.37290264811231,5776.227268930857,4.159572309521983,5774.602708305378,33.54217813502859
297.0,2.922321626762584,5811.743999002974,3.444770267347603,5810.7289510343635,32.69427870827596
298.0,3.7616274704271175,5842.346388655352,3.0354552873765597,5843.800047126491,31.93190144567875
299.0,2.0278027049028866,5873.739252709584,1.9560984534320054,5872.93503687172,31.76970157157809
300.0,4.911762917437727,5904.316278456916,3.1192044018948337,5904.523056515075,31.462928732707866
301.0,3.374148436906178,5928.8195282934275,2.50127777318553,5931.451034929602,31.043725059048164
302.0,1.7037992481726913,5962.639974164067,2.611461820599591,5962.515271865846,31.843259613495086
303.0,6.120286258672076,5989.531114023805,6.149802804971316,5991.243410832728,32.740537350876984
304.0,7.155893900975947,6023.180240173746,7.6447302066848115,6023.906540968242,31.89620948026358
305.0,6.027280364354652,6053.949750771446,5.510175222152563,6054.517595949491,30.789538133693107
306.0,3.6984278077705106,6085.221497614132,3.9746137086161504,6085.411822633765,30.218793196844995
307.0,4.9686080060935165,6115.479114646963,4.635275673084228,6114.884755988837,30.681255071199423
308.0,2.1519256266103914,6144.053616721557,2.658426345786613,6144.89094865726,33.584507089791465
309.0,2.5286606490661976,6180.311523503198,2.339379393607851,6179.861905803852,34.165250267553226
310.0,1.8121841221735338,6215.182354771971,2.271755565369789,6214.816660192837,33.26452847041835
311.0,2.3890355909937604,6245.243879116958,2.139339262762209,6246.574341414811,34.839024449194916
312.0,3.339044075952689,6281.24802213603,3.6532844910836877,6282.503745198414,35.189941015939915
313.0,2.376137648495331,6321.422745649906,3.3839850957200146,6320.110717680995,35.8382574673226
314.0,3.7447450352993137,6358.137121259654,1.56219381979085,6356.243673454113,37.10985433969191
315.0,1.6809706811061533,6392.866708405847,1.4150499347127161,6394.58857783971,36.639697414405234
316.0,3.134603304171824,6432.8259828004775,3.673895946388983,6433.459684385735,36.086040910368965
317.0,3.8877613188078075,6471.421954459694,4.513227641128397,6470.778441589248,36.33823100321459
318.0,6.3057408234480565,6509.767999936728,5.7655179858826795,6507.234538624265,34.691993311287774
319.0,3.452400855131708,6539.810885484584,2.704458138870896,6542.107311981134,34.71395912311423
320.0,1.5897878749362815,6575.005248428277,2.378913573672037,6574.714730295137,33.06707948855482
321.0,5.115294469577944,6608.2615646445265,4.614328562417214,6609.322675957735,32.651296754579896
322.0,7.7930984587521,6640.705201047187,6.282006219544625,6641.7925387459845,33.79958298934588
323.0,5.741590851735928,6677.512914146109,5.380150331132849,6676.673790533161,33.56359789976011
324.0,2.097727458605054,6709.214790206103,3.4392039833596035,6710.869068612213,33.38594751036878
325.0,4.888336957602754,6743.69102300712,3.680906814488935,6744.5683728341755,32.68880989971798
326.0,3.0247345987285765,6776.618093035063,1.8299702316706408,6775.443640038093,32.60803534826324
327.0,0.08766885903738353,6805.6786845803335,-0.945004300495651,6807.431761964963,32.1767978846335
328.0,-0.16932107553792264,6839.683030131767,-0.6507276890063967,6839.285489268918,32.94380632843882
329.0,0.037149349432001655,6871.748612200141,0.9664759489003723,6872.443652334346,31.895247096446603
330.0,0.2060008112786712,6903.786624052634,-0.5643277970203866,6904.330473207441,30.399513997332512
331.0,-1.5339456199584092,6933.355419422969,0.14835695221594603,6932.160568803483,29.602491744935858
332.0,-1.5754329959707638,6962.383344814874,-1.1557407087142904,6962.606038203045,29.311996796699113
333.0,-4.21253740800877,6989.604754519945,-3.4009106765960215,6990.630117905611,29.862024642902178
334.0,-3.625863491453017,7017.669776662194,-2.704247569807226,7018.87126498815,28.579257075672423
335.0,-2.83431458082999,7048.532584175572,-3.814053036410458,7048.795079926393,28.247557121364025
336.0,-4.662624738067819,7077.879310777594,-5.123421912792456,7077.462413920688,27.567012142186137
337.0,-2.964551236959286,7106.451524870631,-3.6574407820905743,7105.577176868767,25.775756773994623
338.0,-5.954341843866645,7129.905049622677,-4.4673445891703665,7130.231037391767,25.107593689175612
339.0,-2.3018138091999827,7160.235280813424,-2.406562591772187,7156.963727274699,25.744588411988804
340.0,-1.9473028766585352,7185.964410759564,-2.1982271242462303,7183.689353442695,25.925425128990554
341.0,-3.2759460401631517,7207.6069149697,-3.5491841224522176,7208.438929612272,27.406564880445348
342.0,-6.1211205101353805,7236.787789341935,-4.698544662097901,7234.619338487361,28.461376147341852
343.0,-4.707001699754797,7264.309057111403,-4.349328838655059,7263.795732698904,29.07779886419859
344.0,-5.054239225881127,7293.687146105422,-3.231523100232516,7292.722262811808,28.0172747043136
345.0,-3.3101989723642697,7320.317172353328,-4.071251571245676,7317.9564817168075,27.378812862349665
346.0,-4.0823795997558525,7342.939339885434,-2.8572977540216646,7340.940557581082,27.018622003148693
347.0,-0.2576857898810557,7365.875628674074,-0.6504408942857443,7367.884042990303,27.770668728606648
348.0,-2.2964898036265184,7395.412737129248,-2.0869072582356,7395.201708575604,27.13224566086259
349.0,-2.611847778982928,7420.256780865584,-1.5348969026679429,7422.58656835712,29.47675984972722
350.0,-1.464553321679303,7451.33032177074,-1.4926954326800659,7451.489500458716,30.174716257421444
351.0,0.7535200178826651,7480.05998343645,0.25800187115768103,7480.1036876530015,31.570483345409773
352.0,-1.2276761143357628,7514.98573737709,-1.409625015186734,7511.5598199602555,30.13000254059264
353.0,-0.524611276605983,7542.390856594948,0.1780565496378217,7542.372212493314,31.127838145126226
354.0,1.3088517958781614,7574.477257019105,1.6995307384448484,7574.444429522687,29.931244025052187
355.0,5.268171770284934,7603.9221800271225,3.59502644004679,7603.4749815460955,31.280757373607173
356.0,2.54488785850053,7636.02307423308,2.503469529314919,7636.0816855321455,31.987108035050785
357.0,2.8722883536250654,7665.4772331780305,3.584929670597269,7667.651639477664,32.388057665505784
358.0,0.6412011428562652,7697.12528088136,2.606058173494323,7698.256053763248,32.004310335933084
359.0,3.697048808255099,7733.95075656035,4.669444646533868,7731.653491780074,33.14794434818606
360.0,3.926909513443189,7766.806130635999,2.9272841500348576,7765.712514888603,33.93033190300876
361.0,5.693772639436542,7800.023856834064,4.211539764063939,7800.8320850356195,33.39988294461294
362.0,3.8922479359344546,7836.866186527934,2.9393716406663213,7836.064538393969,33.387799772267776
363.0,3.8555958039009997,7871.640645042257,4.426917218234367,7870.310584993905,33.40786793153842
364.0,5.877621713160857,7900.750740523637,6.316265738488664,7902.150027662392,34.76648833526123
365.0,8.06036965481877,7935.9407395920325,8.246786244618411,7934.988241839169,34.54561993456454
366.0,11.347110958703231,7970.156118764118,10.860669785753172,7970.588398044159,33.447124551710615
367.0,12.051819293754948,8005.913061383615,12.217789962227641,8003.908522177158,34.06394875926379
368.0,11.57627581284286,8040.4305417847145,11.897199167846544,8040.277769732378,33.384037678840514
369.0,13.102876299876279,8074.831117556671,13.459781073846944,8074.188549654401,32.92569970062292
370.0,15.033225434903647,8108.904539615208,13.718478780603833,8107.946252006011,31.60729155976646
371.0,11.512439366060477,8139.607357584316,13.50457293552466,8139.501994452727,30.934278219872795
372.0,12.109599821529862,8171.4885486958965,12.115742204147466,8171.5606537984195,31.130697361794066
373.0,12.900024052230293,8204.433114547914,13.716975566552502,8203.018484825152,31.190169166175366
374.0,12.960529512981239,8232.903053773567,12.573910857787705,8232.982841877429,31.041678650408
375.0,12.560323174131476,8264.680827149094,13.390954513990868,8263.895088848896,30.728429920232646
376.0,14.860741942220077,8292.832272685431,14.728874504538725,8293.666052663673,31.344843220592384
377.0,16.779347232592357,8323.218216456162,17.152983358104862,8325.657854224855,32.06969762038758
378.0,19.348511862179308,8355.282783992963,19.015901722423983,8355.807065529078,31.713004247797333
379.0,16.906473654551807,8387.63311206524,17.00352472691371,8388.042794719151,33.719631052081844
380.0,15.767862365171755,8422.005959885679,16.550009166006248,8421.354477657917,32.19998125146665
381.0,15.214260016500388,8448.311690463473,15.909582399854996,8450.324455064681,34.71037820610954
382.0,18.875522553559545,8483.485177392655,19.31413629500051,8483.1908174499,34.563433916384255
383.0,20.818997614341644,8520.277254379993,19.971006753023563,8520.034991965866,35.91170768543599
384.0,19.468691799012028,8559.465659376678,20.707781980034945,8558.183285610048,36.83218754538471
385.0,20.146838354340222,8594.51321899711,19.47195061530441,8594.485925659159,37.70769958177343
386.0,17.981509165455414,8633.536002620733,20.086299483581396,8633.232508037834,37.79960426264018
387.0,17.92243940757291,8669.252635107054,18.800028826991547,8669.858064722004,36.525731797752606
388.0,20.306912852129212,8710.164468039735,21.073470692462287,8710.665976954406,36.884575929008406
389.0,21.271024992965327,8751.167385134655,20.140578853298937,8749.339585214246,36.499434156233725
390.0,20.803098288206737,8785.914145025488,18.481963246637996,8785.1424562835,36.331064315609666
391.0,16.578619453969484,8823.481841211653,17.157789867536287,8822.765097628218,35.93639291725041
392.0,16.033119033641256,8859.7715541884,16.643763892112744,8859.685621690664,34.54476742151802
393.0,16.54152376643489,8897.094416597649,16.59017292763707,8896.797489672832,35.63855180160547
394.0,21.47681474512599,8930.087030680244,20.469251963476314,8931.061381509868,34.3138777195438
395.0,21.71464458940221,8962.714430080254,21.813932665640323,8963.507745833582,32.55286488020751
396.0,21.93057369000097,8995.672922699281,22.73041718546719,8994.728711385269,32.415281203736164
397.0,24.825377573997507,9031.20800497512,24.719161044485986,9027.279529731251,31.374801037518633
398.0,22.805467567460763,9057.540200349993,24.219508910605185,9056.316663026066,31.624986191631077
399.0,24.10723649128327,9088.066759975829,23.3915059016833,9087.151701211425,32.851787823892366
400.0,25.539307672099234,9120.168824616967,23.589718874551306,9121.932020885955,33.050087689211246
401.0,20.555942901090294,9156.141290318448,20.44291345852559,9156.42457338037,32.90498816817938
402.0,21.834792397733786,9189.135801641174,21.038670297930917,9188.586351612834,32.15620584733428
403.0,23.052307151117958,9225.183611527338,21.747847457057954,9223.153303046363,32.02993542954687
404.0,20.500045569596267,9256.195403012323,20.43926608183564,9254.10685791552,32.0450887579604
405.0,20.435198048846843,9285.46240049274,20.454061235460436,9285.082566121702,32.02140531182713
406.0,17.558353671526024,9312.523505215782,19.27582867392399,9311.977851024962,31.179087046122824
407.0,19.22597004742851,9340.867492383617,18.918571149125423,9342.226410809913,32.45544032526514
408.0,18.690778682843288,9370.473812862369,19.45337290095568,9372.331448870389,32.065692331443465
409.0,18.274930799152752,9404.081238532608,18.937886652780104,9404.203269321446,31.396548714521355
410.0,22.271005969422475,9436.700795258272,20.43659250348436,9436.41667667429,31.44453527472225
411.0,21.528054872766862,9468.117878237541,20.619961367057137,9467.772057468272,31.121177896417016
412.0,18.450088667699617,9498.50544155511,18.267109835210743,9497.80165141649,31.724581819586295
413.0,16.219707754895808,9531.71988962001,16.201420146759645,9530.995820616676,32.014708067737
414.0,15.315748263981774,9562.739443884819,15.632815914043164,9562.205703593085,32.28283274135155
415.0,15.668085516220842,9596.587179949214,14.876823765198194,9596.374490479195,32.47088318587407
416.0,12.779626960566981,9628.447134291479,14.422958021687878,9627.93131181028,31.686887511662547
417.0,13.963672870726997,9660.011421451552,13.743730803393232,9660.495402782171,32.83036442087438
418.0,13.4466894370998,9692.864693939717,13.474852336973191,9693.303621753008,34.032935026443965
419.0,11.924837027035954,9726.828833699688,12.106470942150743,9728.326256334221,34.770540712203776
420.0,11.843489823877206,9760.459162852103,12.04449041699428,9762.177309006896,35.360265764450745
421.0,11.026941562760664,9799.744562978922,12.790428470639398,9798.942187510638,34.29605103832202
422.0,11.163158496822405,9834.056749531186,12.537511847012407,9831.96832754651,33.55390793988792
423.0,13.210138598796922,9865.726639059429,13.750229845165245,9866.199362598563,33.30315680133088
424.0,16.350439090747088,9901.019497244366,15.279212302874736,9901.401252679252,32.86896375210151
425.0,11.406281140250849,9929.877228279463,14.208049918944178,9931.309011442889,32.795901642243464
426.0,11.819567233909934,9966.137874111422,12.556165825285571,9963.380387937199,34.324325956900005
427.0,12.668368031505716,9997.132935461981,12.804612941016732,9996.426496470982,32.216842203545305
428.0,12.161335272773997,10024.43624765696,12.477300862570003,10026.628227658923,31.642168113970726
429.0,11.178971838586836,10057.33732983916,11.761146179670394,10058.012500886907,30.325310781163708
430.0,12.746116171280574,10089.832471451167,12.414549375351354,10090.866286193908,31.855468354866634
431.0,13.546539067919632,10124.75374140589,12.244973962646755,10124.681828717046,32.021680659780856
432.0,7.409711246640105,10157.278883119041,9.827680576459242,10156.091585033771,31.149335844230276
433.0,13.65881376553704,10186.983077360872,10.885949008507747,10186.31598181487,32.45566657983794
434.0,10.290076259662008,10216.342671750452,8.288617745318813,10215.818202156826,32.65829433542617
435.0,8.047612345541854,10249.976382803427,8.23057287544257,10249.889519854552,32.6263267657488
436.0,9.006614125970298,10282.223835757277,9.186566185412058,10284.030198030921,33.82645688475874
437.0,10.318923613147993,10315.601140906108,9.385192927110374,10317.02349720571,34.05662562828402
438.0,13.04399232581465,10353.05169407464,10.52588048017911,10351.106706769215,33.153972202438624
439.0,12.178928351891233,10384.971446184883,11.589031584724053,10384.98724659522,32.33709451125398
440.0,12.820034708214767,10419.653351781019,11.996515943954934,10417.64933847316,34.813406521209394
441.0,11.251283513488142,10453.7254634991,10.500407223551223,10452.022653510925,32.92071257691783
442.0,9.484417737502561,10487.750648710231,9.699333057589081,10486.058069528368,32.50930626597234
443.0,11.789548842860558,10515.874666214093,9.901954288402726,10516.035234139956,31.43096463028634
444.0,12.043128954667438,10549.690602303199,10.297380820785403,10549.793436615853,32.55700426987214
445.0,10.612542239447711,10579.577813645637,10.288128885675315,10579.582207633815,33.21981291477684
446.0,12.033241013710862,10615.202953648382,10.296241761578012,10612.820398442369,32.880095590516795
447.0,9.924004934498692,10641.357613885197,9.164336332417886,10642.961857002298,31.79939075670711
448.0,10.024950120302789,10672.15286129784,9.314252985957143,10673.94686597233,31.66586343243737
449.0,12.778130388994255,10705.789378431396,11.0308597664366,10705.549916286436,29.59434680176043
450.0,12.708559458213042,10740.648954822242,13.05559077090465,10739.24235648682,29.432000425597625
451.0,15.364308250193229,10774.585985641934,14.946932476988351,10771.589110112078,30.484027923036056
452.0,16.241208662155373,10804.500575859725,15.185925694439844,10803.250070192527,30.573110905048768
453.0,13.357048409645378,10836.608515372905,14.359089784446622,10834.746614863305,29.070468040744267
454.0,13.74937418450397,10864.610695574818,14.90209897069203,10862.112385080372,30.521847464494268
455.0,19.872101058041327,10894.620438109041,18.926576541444867,10893.761616347905,31.323615675287733
456.0,18.55723632146201,10923.135761431717,17.942576510263585,10922.65094941084,32.663436844252686
457.0,16.54897606060245,10955.123496902585,16.188796885467795,10955.682604054195,31.73756965120089
458.0,15.744804746352132,10991.25443038737,16.183591419265856,10990.352290640005,33.12127479250181
459.0,16.976005118233836,11023.009403700882,15.483559996478952,11024.005584244023,31.79278980323278
460.0,13.532219441508058,11053.940864433918,13.118467367216963,11056.20997518698,31.751485982119384
461.0,12.657933018523659,11086.856627043036,12.825481803714379,11085.189016912434,31.912044773433045
462.0,13.889079667745477,11114.789885114258,13.713100635202794,11116.282371038924,33.49238112829129
463.0,12.640184662752734,11151.521886467885,13.485749651542568,11151.751938556681,32.45928128498579
464.0,14.301828948367625,11187.224841581541,15.142493771283913,11186.256204461193,32.93571810363638
465.0,14.73390608787787,11217.04881215839,14.260804424265327,11216.490059063159,34.042209578264995
466.0,11.487019761798754,11254.87713702593,11.462664280776526,11253.267733807103,34.279420520509426
467.0,14.437542751693138,11287.903401793083,13.682998090602426,11287.772297774245,33.81468653511571
468.0,11.059648549276437,11319.429931740811,12.89382020691292,11320.397957037063,34.92845256679499
469.0,9.782263689319773,11355.474744963121,11.697469251679475,11355.641170979317,34.583586890690135
470.0,11.96072532609419,11389.100120098881,12.725179530587123,11389.151275449314,34.31773155998271
471.0,12.267278813846259,11420.558451074783,11.545150577486675,11421.431734974258,32.13183378145141
472.0,11.030285835166906,11450.747503866229,10.939261370553767,11451.906770521611,32.458081411429944
473.0,11.470740139212582,11483.481075854139,12.172284808342852,11484.344294206885,30.95350748353888
474.0,14.508927004392554,11513.594636185142,12.342488790532727,11512.754080218543,33.12463703617462
475.0,14.23855883698333,11541.367122028416,14.034893751825724,11542.452009357923,33.12400225732886
476.0,16.358674239827554,11572.988764798263,15.889932800280029,11573.144573304862,32.522687427677816
477.0,18.000879301606897,11606.18667067491,16.47536994501291,11605.054087252758,31.61036473580489
478.0,14.162838954827967,11633.912805060352,17.738467548781838,11634.50415846318,31.80499693994936
479.0,20.72244584074532,11668.862128926527,19.570345600363915,11667.762083673917,33.14571684241025
480.0,19.524780084091095,11700.228524125972,18.258507754432674,11701.187289078065,33.80847223277595
481.0,15.929597853662445,11735.871890261555,17.13723189593779,11736.723963952578,33.92780842237365
482.0,15.078056978888243,11771.254127789856,15.459773195941054,11771.958480464904,34.85277434404961
483.0,15.964617125151001,11809.084357080868,16.085877776952874,11809.703427080403,37.10828799598238
484.0,17.197147619202912,11848.293684698285,16.989299159284222,11847.044123871885,35.71952286655015
485.0,17.958416577341183,11880.325839746925,17.9721606867024,11881.477489605617,34.5579668663822
486.0,17.31346013767033,11916.017371279566,15.659275118832275,11916.830424616854,33.175325311089196
487.0,16.439704006457166,11951.430993245624,16.11297955856929,11953.047279253458,32.804117573919775
488.0,17.18806624810017,11983.062293141451,17.801464484178915,11983.362103963795,31.702952393673733
489.0,18.253965245287034,12018.20630999696,18.1769510699613,12017.720223342412,30.271526641602332
490.0,15.175077074028554,12043.671431125207,15.87543989199863,12044.994115966245,29.563212081989978
491.0,16.30872928665571,12074.174116171662,15.438124492896431,12072.370630221869,28.849745557482883
492.0,17.17150856631499,12099.68892316001,17.4429054402691,12099.456783626116,28.28264068771168
493.0,19.492955726173104,12127.797748733949,19.692793165251715,12128.50496316982,28.197398425386925
494.0,19.713016344552486,12156.58073361611,19.30248008018834,12156.356627236153,29.113287126410796
495.0,20.339130520691395,12183.84447896963,20.80776723515644,12183.827225612351,30.06017168656215
496.0,20.688560463634808,12210.959449998201,19.834720055401814,12211.957354545275,30.867873347390365
497.0,19.01048480060331,12241.249350503142,18.976311526952976,12242.703187962332,31.761246691914053
498.0,19.57642251410617,12273.923170785336,19.212078480362475,12272.44004411238,31.174002400081605
499.0,19.333872466289286,12300.158193804233,19.273661431795542,12300.48748983615,30.657890969540905
500.0,16.094912585732107,12331.945081801203,15.53895614787045,12332.887490582492,31.108839965717983
501.0,13.379817975640124,12360.556226098115,13.497261959891217,12360.899550370794,30.51414503089483
502.0,13.712892087424908,12392.818859138924,12.952132950197047,12393.225007261002,30.31607761305583
503.0,12.12025562132908,12422.427849886351,12.261494450056674,12423.017218374405,33.07470803995462
504.0,14.391057195017805,12459.424296774952,14.276950125620857,12457.620359708664,35.69716145982509
505.0,15.470784782523724,12493.353185907681,14.90801417555269,12491.695109415943,33.413744800227505
506.0,12.95598916976439,12529.506052468334,12.566726272683894,12527.228963101208,32.93363473253689
507.0,12.064205102481704,12559.85857254359,10.891086511949727,12558.504777687298,34.16718440260192
508.0,10.43394822688715,12590.416442936628,11.83234635718134,12591.458278485445,36.0872044698774
509.0,12.646494947988634,12627.075498682956,12.25293811069414,12627.54819612374,37.59273884421304
510.0,9.372757761421864,12663.523638258986,11.094521610605591,12663.79918156967,37.49836041044851
511.0,10.956301023621002,12705.710713850702,11.288389736623156,12702.91683908275,37.382632162883176
512.0,11.086193309635803,12741.249920124434,11.077537844964995,12740.31970856326,38.03652042421707
513.0,11.439627504484411,12777.811087591741,9.06482405760335,12778.092865391392,39.1046842495611
514.0,9.193031718075977,12815.86886968397,9.490340779580707,12816.230894250737,38.55953769169755
515.0,9.28450773018254,12855.33426385223,7.8884799424739,12856.241542788986,38.130395642116426
516.0,9.628190756673169,12892.737722356582,8.944977104356665,12892.81074839932,38.310333731487084
517.0,11.13160607943958,12931.833822268656,10.308870523969219,12930.445562261448,38.778335425350896
518.0,11.801816265638678,12966.78147776433,11.807710071209314,12967.124442935765,39.09556601555478
519.0,16.589424375026038,13006.601945491044,15.454397792526406,13005.444460972192,38.937656643527085
520.0,13.958255440003585,13045.415487225231,14.104731847906125,13043.750967253414,39.705097219573254
521.0,16.55481139439541,13084.164683507353,16.48790913971886,13085.141594579276,40.6666604047187
522.0,12.263655243467541,13128.535098351038,12.83266235525545,13128.292280519749,40.38837166234004
523.0,11.783255935410505,13166.019941798242,11.921762218376196,13169.155680041573,39.46297096493574
524.0,11.813802953846606,13208.571037920889,13.271203356687893,13210.652579904792,39.047065724540644
525.0,11.644817030744244,13250.13566295647,13.225692267669364,13251.158791129043,38.96203082438003
526.0,14.392938633605642,13285.648177767363,15.155230647040852,13285.206407193895,40.25170217275651
527.0,16.561818353036244,13323.825396185232,14.844502797828927,13324.063978923554,40.1727542516825
528.0,15.77119868261444,13364.45850840028,15.422688651339676,13363.899137094191,41.48175072702256
529.0,16.92714029338338,13408.610156726701,17.912020331157844,13409.208747523397,41.01194322102347
530.0,18.82465904626435,13448.957780922454,17.493011382766994,13449.382321438947,39.14905275072795
531.0,18.728979262885268,13490.843426881525,18.80772984108124,13487.850664927906,39.458968205343815
532.0,21.107192162300315,13524.94844231031,19.398872781077383,13526.78876767533,38.655990118541396
533.0,19.94951989958839,13567.103386596413,20.626532018939784,13566.514503687507,38.19500519235783
534.0,20.86433092982293,13603.520279663391,21.0061400483153,13603.595778989053,39.15632210151148
535.0,19.686000311737434,13639.429470004325,20.628041967575538,13638.0812923584,39.261103916397474
536.0,24.28258215792939,13677.175768881538,23.00903778913895,13676.650428687379,40.21988418825469
537.0,23.19117156134349,13717.708134461001,22.972340697179497,13718.489335074946,41.081183489225275
538.0,23.410991272495345,13757.017335029534,22.621202804718944,13758.27884115225,41.40705279324991
539.0,22.323357115481194,13801.17310270845,22.959765224760464,13799.876724733616,41.165416180831386
540.0,25.280458882796605,13835.337592286542,25.188839871239473,13837.241088046092,39.38250272222497
541.0,23.96768145444238,13875.592003253136,22.490538877661606,13876.763688048786,39.797384439260966
542.0,19.215970638061027,13916.135087024504,21.323613594976297,13914.146400560128,39.39079877258132
543.0,21.97362873919355,13954.994971044343,21.334920774883592,13950.739018889999,40.80887446196425
544.0,21.684237573246538,13992.011877739142,21.038463479003102,13992.25684073142,41.47313445984728
545.0,19.808194142935264,14037.323869286367,21.923822981947126,14036.136789579876,40.22509489553222
546.0,21.190091502312562,14077.024236031248,19.943242847747907,14078.771847448728,40.45992781650717
547.0,20.857976945339992,14119.120068449967,20.785208224917824,14118.675209662444,39.856221701966774
548.0,19.229835114528438,14158.689270452745,18.68088564813967,14158.57114308093,39.03103704961671
549.0,16.79878125082375,14198.399823870937,18.155925209453468,14197.757141981112,38.72099129837673
550.0,19.015621461825887,14232.314454286088,18.332350489165783,14235.902289687276,37.50355346816364
551.0,15.075394635021576,14271.414147057918,15.810624329803906,14272.385314836636,37.255245769461304
552.0,15.893052742242585,14309.84838324314,16.556361196654446,14309.162862351757,36.57853786057738
553.0,14.894481803316559,14348.416669641078,15.92244473184787,14348.060643147415,35.86736375084333
554.0,16.184830936843756,14385.062020833395,15.304005551426119,14385.743524709902,36.38054952504183
555.0,13.14837866713483,14422.835204315363,12.889869184350125,14419.832997393962,36.4263739479165
556.0,11.767022094121167,14456.017829171076,12.389368774722746,14455.357924551632,35.68271091999437
557.0,11.056087428836145,14492.26447900353,9.815555993154113,14490.048142782518,34.48367035008223
558.0,11.36233672561175,14523.674684142881,10.314322877456659,14524.1155352807,35.47342844763023
559.0,9.653556476652287,14561.344611220262,10.040965371503928,14560.431781499305,34.567782098997796
560.0,14.40596924686216,14598.24073366681,12.86023446365442,14596.480703087633,34.430253138952075
561.0,13.001383908844522,14634.565579167924,11.445557674627917,14633.963720585623,34.303257388558464
562.0,8.631400396704286,14662.81816958989,9.637986284753607,14665.599764879762,34.19657263882478
563.0,9.979190250271134,14707.413432501911,10.024311935169301,14704.244026187536,33.00974721595469
564.0,9.68631088259315,14734.765406479954,10.90467376121498,14733.976058299406,33.53922364646201
565.0,11.653140921121391,14768.33743048904,11.328491500550804,14767.427434739,32.299191424934875
566.0,11.401863942267628,14801.028663851912,10.490020610218204,14799.951019398937,31.653808702452807
567.0,10.83515290114249,14830.178018055067,9.82079579163004,14833.552555936863,29.49265790036266
568.0,11.425019552418709,14866.51621075739,10.87719303418167,14865.25841077556,28.284962456400496
569.0,10.102688440087856,14894.26452660916,10.871380525491677,14896.20103769811,28.588532370900566
570.0,11.638243094006851,14921.389861727997,10.646505094946349,14922.82478072603,28.355384544669395
571.0,8.397813039483445,14947.831162216398,10.043613550746514,14950.300306212433,26.455911764817348
572.0,9.368014364627713,14978.346192441542,9.373271792683937,14978.215317188493,26.680245683977216
573.0,9.344322348345814,15006.188397201855,8.641167603422975,15005.501721183762,27.541203183506745
574.0,6.135073992815996,15028.162397896325,5.8674965648282145,15028.205685947005,27.939363024336142
575.0,4.734122699752019,15056.48637835676,4.77235756746876,15056.228187987008,29.03500576000923
576.0,6.0332381522414416,15084.331135911007,6.243949468855575,15084.583582359184,29.388358676251343
577.0,6.399457533748372,15117.71187049394,5.689705801485218,15116.436878312024,31.196267950431253
578.0,8.257511501263174,15148.674912230641,7.855007738099109,15147.527627670916,31.27268692256733
579.0,7.123938246059009,15178.729727138429,8.910464983996732,15177.653809616786,30.50671084109368
580.0,9.348537447234083,15207.85671567701,9.573570349495101,15209.080174167999,32.061849940351344
581.0,9.569240698454529,15238.11870638842,9.107348932679526,15237.89814426807,31.84472998478587
582.0,9.548827917460038,15269.501376940649,10.574100830932123,15269.165883842055,32.39243368260379
583.0,10.355504485619539,15301.959724456543,10.486977817192058,15300.18468582179,31.357790183597047
584.0,9.106946450850085,15332.829254408418,9.798052545818074,15330.836783478195,32.096893103876276
585.0,10.256778703708967,15362.617822752007,9.753166582672513,15362.19944688185,30.970745633129408
586.0,9.2048392277148,15392.401546004769,9.579167145004261,15393.042108576756,32.56797756908736
587.0,10.253949623479155,15425.84999464131,8.973492648690629,15427.421403342983,33.425239411556
588.0,12.030461622797123,15459.11001163165,11.663917969127146,15458.895665885477,33.38334825946837
589.0,11.28681345944546,15493.884114436283,11.651617861569981,15493.577493039393,35.285938528004365
590.0,14.900939904667785,15528.083023259856,14.145112222217712,15528.0593439516,34.640121691534716
591.0,13.828482698355621,15563.955578996982,14.31978559960343,15562.153124552071,34.62660045504898
592.0,12.241807532746966,15593.071296871649,12.77248098397104,15595.332580172848,34.64539231876971
593.0,12.071759169978824,15628.292095307434,12.446708367401936,15628.443823140109,31.677342576912267
594.0,10.2198238922434,15660.384270389724,10.723310190114763,15660.559405733078,30.813132952333373
595.0,9.742329330208126,15689.180279898397,9.703578801590163,15689.427114647488,30.539722595414364
596.0,8.57670291462448,15717.707684036288,9.389726151067515,15717.786658747267,29.627057933161435
597.0,8.518062922961324,15745.566683546334,7.842302367153403,15745.813447371806,31.550411682926825
598.0,9.894121304613293,15778.046312775163,9.61185923255103,15777.053217183386,32.05889585817061
599.0,8.817966817355826,15807.805973612738,8.580318892052809,15809.383254920784,31.67751045317994
600.0,8.743150253241048,15843.952295981184,8.646122142990269,15840.242618311979,32.77657627081527
601.0,6.81037548765801,15872.488166435647,6.002335192746142,15872.88572030871,34.36478792000443
602.0,6.491126007114243,15901.965497349089,6.558172256157619,15903.634010266156,33.59249870572209
603.0,3.251411666027627,15935.755273980936,4.929607387429336,15936.911918392207,34.16790294081632
604.0,4.703943256302056,15969.138287248918,5.601332494891624,15970.092301420591,35.36427948562836
605.0,7.824959686463586,16007.626388490877,7.4804749239606725,16008.610630710518,35.17935177315168
606.0,8.835947205901714,16042.353541782666,7.113223712290178,16041.228473403438,35.520670776046785
607.0,5.386708652114903,16074.906874583465,5.821063894470439,16075.621791983458,35.15292790428838
608.0,6.947049197136205,16110.5364042986,7.135991261407033,16110.881123601945,34.87570089063938
609.0,5.841951074989249,16147.705551192892,5.972422876277438,16147.610688069206,34.367219420854546
610.0,6.514551101271566,16183.521163498512,8.945711211769932,16181.35953980533,33.00980391451887
611.0,9.581993589661154,16217.920898940596,8.208929337825055,16214.571808166285,34.29596970716609
612.0,8.280350946949289,16247.382665516914,6.6742971423802615,16248.406969926165,35.10209778405095
613.0,3.7578518576832285,16285.460733589334,5.108668933905399,16285.403023182034,36.123599738323904
614.0,4.357577112594505,16321.276829871766,4.647673802129664,16321.10223490521,36.71137767978178
615.0,6.890057498579829,16359.975106106085,5.402912363720701,16359.75878929186,37.32323487406248
616.0,6.824325296917097,16396.96003602752,7.146671417218265,16397.150734589064,36.57479975388645
617.0,6.122556154475658,16429.40656993627,7.782004959444963,16430.50688423297,37.013873635288725
618.0,7.10823495003619,16466.13078063647,9.708222140231763,16466.26561707172,37.26327070044168
619.0,13.49306676923651,16505.18044751872,11.823826544739712,16505.171814036577,37.00175400579687
620.0,11.028127461619729,16541.027231043598,12.117455359010204,16543.311408652407,35.67181471813254
621.0,12.855121991108572,16578.510499680462,12.381036411377833,16580.414939944738,35.76451245347698
622.0,13.200276333115463,16613.798236015464,12.679916550385627,16613.047444199783,35.06460394370639
623.0,11.761583839788456,16649.058983077608,12.031802630515015,16648.741568192923,34.25117189494839
624.0,14.352050216042494,16680.701694618845,14.041467314487116,16678.99842053588,33.97939428952811
625.0,13.263252548268646,16716.256700794835,12.579385299603615,16716.40778971544,33.1929578319449
626.0,13.023150453026673,16749.83232861528,14.51791992682474,16749.374013793615,32.63710719490329
627.0,17.661965569938125,16781.565639467066,16.421068174958094,16779.385071271816,33.15653013400046
628.0,15.073926772562405,16810.150433905983,15.340716004534302,16810.760262553318,33.02108022606436
629.0,14.949731131115241,16844.77245176245,16.36043256222338,16846.027019059522,34.436307841906206
630.0,17.031266135139948,16880.20080727559,15.736258460676355,16879.84557598991,35.80916435074586
631.0,14.16791830318957,16915.58321074604,14.723713096991435,16914.052674358656,35.86766716372961
632.0,12.878135089665658,16946.31987060968,12.846952933096428,16947.761903587918,34.79427206173021
633.0,13.528102440525789,16981.59029598658,12.886552744520214,16980.597674380206,34.28288945081516
634.0,9.356870940753483,17017.098660145195,10.439565016336243,17016.000725615824,35.760033442562616
635.0,8.181037721649362,17050.887196089257,9.105372453103023,17051.712415624323,35.560226234409605
636.0,9.064600207734117,17087.36093329243,8.05196896307262,17086.212558396095,38.24607966808944
637.0,9.21791454190212,17126.686966139103,8.712568268893992,17128.121223474245,39.782217798894855
638.0,6.563471575356928,17164.05658550576,7.179696094065063,17166.733192259322,40.04906246123781
639.0,6.854355023160464,17204.325321167686,7.648467339932209,17206.673274701127,38.22286355570952
640.0,7.878844452387959,17244.438822741886,7.872752195435594,17245.419028908782,38.474954309538816
641.0,8.514265166377184,17286.68400305449,9.561675635542885,17284.588886430418,39.65616990824164
642.0,12.551897509505709,17326.35927496819,10.499744156292635,17324.221942936536,38.71811673472601
643.0,11.120235213295782,17363.41505027809,9.690168291575036,17364.45047110252,37.16903010764541
644.0,10.44432354553019,17401.75913581003,9.243515986120912,17403.317418061262,36.86237740254216
645.0,11.24154826676519,17437.9687471561,11.227630137470577,17437.64325435634,38.644288610686786
646.0,10.999365798486329,17476.33758621488,12.264531252663248,17475.478578042137,39.894133665445
647.0,9.069665809106668,17514.022396397188,9.297713502279525,17515.03909059102,38.460610612499295
648.0,7.812037531925136,17553.52619212357,10.041582167461462,17553.376039126382,38.551192444214365
649.0,13.297735826164072,17588.910468829188,11.15197930367134,17590.052192172963,39.749616391463576
650.0,7.580695722554847,17628.291035652066,9.884861325165826,17629.7363591575,41.10952504173124
651.0,12.331723736277935,17669.079946702695,9.78441581183373,17668.34702104598,40.85844566976612
652.0,5.743467038453018,17706.175742528318,5.963757720927633,17705.745899459016,40.98383323190524
653.0,6.672987407239624,17745.63869621468,6.132715252068821,17747.833307265213,39.09891813717904
654.0,7.955288889973788,17786.537929727107,7.67879023169233,17785.337268895237,38.67070306016472
655.0,9.800951262154634,17824.413443590154,9.288082056341178,17824.84355199836,38.23144049782023
656.0,9.556290127440338,17867.204154250237,10.590857721904266,17868.264757330202,38.54699254010656
657.0,11.53112502933311,17906.020544649647,11.510737147314423,17905.169937771207,37.81341047736074
658.0,10.930654378119074,17942.27512615663,11.349327370399504,17942.944488217923,38.09921690217914
659.0,8.022272633227633,17979.199365140485,10.536840365309356,17979.680271832312,39.88856851044521
660.0,9.980726802767851,18020.580578921967,9.008928947117553,18020.09337258898,39.750808797595475
661.0,6.57275572811009,18059.328718018383,6.644543912778268,18060.10721781342,39.79131509490949
662.0,4.250604982916792,18100.575234902986,4.101161023853793,18100.15024277297,39.63962212726333
663.0,3.3219480170419593,18141.83279114076,2.425261023328937,18140.59583987318,38.96927002280897
664.0,4.408962987618823,18177.867949841937,3.4862181455380368,18178.580825127727,37.84250249514573
665.0,3.8638670011594503,18213.394752338947,3.4947110207650893,18214.639313212167,37.18959567986699
666.0,4.150648832630118,18250.746810842553,4.715153473084543,18252.26220002313,37.24190328941314
667.0,3.9698981763223147,18292.530806178125,4.809356976152992,18290.357704199454,36.81078417500867
668.0,3.258327269020127,18330.455797482504,3.7021082567043586,18330.25136210938,38.57422602546385
669.0,2.087755257055461,18370.92660791372,3.3988009002856083,18368.595090064446,37.982778701006595
670.0,4.187078124768459,18407.19443297101,4.399980105602696,18406.858600148098,37.32127723682619
671.0,3.339094974199787,18444.705318938402,4.393415794750198,18444.44924524016,37.11412267434546
672.0,2.95406521727187,18484.644782693,4.4857599382230084,18483.09670847873,35.72455303872891
673.0,5.247057503292324,18520.046967381964,5.25666638808999,18519.329914152506,36.8240483981052
674.0,3.9858583779822054,18555.951722972404,3.975538874505242,18554.89330887008,37.5247224608668
675.0,3.4350514351580506,18594.162972588878,2.5458105861997,18592.39676696348,37.887264794106756
676.0,4.357960485004646,18633.058797554284,4.129528467821682,18631.918740785044,37.81745769233024
677.0,5.862995568243264,18669.83011702112,4.332062519862375,18669.503857449738,37.100642804288626
678.0,2.6044236453058245,18705.106883768967,3.0059861631113822,18704.75398240127,37.93490161218624
679.0,3.7719623166045633,18746.611621373995,3.0476745840666637,18744.91960016941,36.90862552833474
680.0,0.9851875970379869,18776.76645631932,0.4725986188808564,18778.23523922482,35.397464330956794
681.0,2.5090043162733626,18812.684098252652,2.179766649455429,18810.533077481286,36.7318330318027
682.0,0.9614505354880645,18847.517812631486,2.4354289227740096,18848.15209631181,37.668095175145886
683.0,1.384705158981678,18878.396412433754,3.4780667235708185,18881.724273153653,36.40146194198124
684.0,2.3907667138154527,18915.679648081365,2.293788401691968,18917.584822595072,34.78053390836093
685.0,2.1096700468058778,18952.903700433744,2.872401466473757,18952.831509445088,32.652725580511415
686.0,-0.279093560944381,18984.25996958682,0.6947876112329019,18983.873475903536,31.869808357456737
687.0,0.8815104444101592,19015.9209516994,0.3989871959207124,19015.89169990166,32.30285524210509
688.0,0.19989037967415701,19052.53744279468,0.2861517046349125,19051.899760264605,33.96100398664288
689.0,0.9362203361648469,19087.40223246582,0.12213271802603834,19084.94635824716,32.141397686155806
690.0,1.7782950565870201,19116.854224531657,1.4910171430564898,19118.767673511924,33.26031962823339
691.0,0.7070650264953589,19152.4738604122,1.2741203527078357,19154.13861323668,33.2232857617175
692.0,2.618496462372388,19185.989795429246,1.820699019247471,19188.1849748484,34.549827166063245
693.0,1.8847269676398144,19225.144878750227,2.8699341404915635,19223.918596744956,33.506283773239055
694.0,1.7416333887080848,19254.736724358845,2.765998833052465,19253.3989870146,31.32490558346788
695.0,3.512280351389252,19285.240092744632,3.4881603162346364,19286.692010814735,32.76279496459321
696.0,3.0476214560037374,19316.970611630768,3.5614516544503925,19315.391477758236,32.73598109566339
697.0,4.4279264718045885,19348.801780155656,4.516477839362103,19347.759060613567,31.689464326249837
698.0,2.373668392395248,19378.090482436488,1.9546777362556913,19376.900224164518,29.7889711650418
699.0,1.5296471262826612,19408.899196689923,1.4873421238655276,19412.157575922745,30.950202760785032
700.0,-0.2382517407870418,19443.497525776034,0.7087955265122665,19444.328531927364,32.12324479420025
701.0,-0.9367292887068994,19479.3002651647,0.22646434380464203,19478.5704644474,32.11685810319981
702.0,-1.5429690247441394,19508.61123079956,-0.5377519548436909,19508.925122841327,30.970967826222154
703.0,5.409160665832413E-4,19541.641102506102,-0.8679429163184755,19541.329727409888,29.903714962573634
704.0,-1.9163419551366898,19572.58568264349,-2.316162745446671,19570.67529273336,29.576399124036342
705.0,-3.67773143818495,19599.518141583907,-2.963746918022382,19599.46975174618,29.380481324936333
706.0,-6.030960558479259,19626.057714469058,-4.160058874734766,19627.432634594054,29.333087729832787
707.0,-3.5428468197289504,19655.897638287403,-5.195930812054375,19657.254970684106,28.196083581740034
708.0,-6.215507621604799,19685.62005374309,-6.363749437072615,19686.204710378355,28.705514684784593
709.0,-4.606560896606383,19716.418119755504,-3.03055958955852,19715.293812110052,29.423761002312432
710.0,-3.14831485963218,19743.16014620746,-4.210941020245014,19746.19059761459,29.201319196245468
711.0,-7.025002294706752,19774.317593361444,-5.500870396438021,19776.208791558507,29.70247937008724
712.0,-3.0988601190212335,19805.752397685985,-2.9482733589593964,19806.154386791626,26.75295360219966
713.0,-5.211312111769354,19833.3061192801,-3.9796665005359815,19832.31942222897,26.381494950663775
714.0,-5.029823625743141,19860.760335976953,-3.9553741259398065,19860.96703805143,23.73620898364114
715.0,-4.042630172188364,19882.50794714769,-4.42866795048965,19884.545718025693,25.129037083572328
716.0,-4.896845393020271,19909.925734143195,-6.077997679313648,19907.111181080778,25.875029862787592
717.0,-7.27102744162474,19931.041924414123,-8.238043078316881,19932.41242150997,24.78739330977587
718.0,-7.738567504211536,19957.686912127443,-7.892535386499342,19957.72896063012,24.47949945018178
719.0,-5.529650472998147,19982.463538488806,-5.592451159585655,19984.21351635197,23.23021452266933
720.0,-5.309907135469581,20009.771600752967,-4.841721205166709,20009.915625524834,24.051713033749557
721.0,-7.729038280360864,20032.938002116258,-8.122086409692429,20034.128678962596,25.550898940441
722.0,-9.307288686548308,20059.30758920139,-8.60458702081515,20060.679879203344,25.740504081274736
723.0,-6.619556804850637,20089.152260646777,-8.204562138005896,20087.025642513174,26.147168265219165
724.0,-8.966887167677886,20113.959380925047,-8.793078521706356,20113.67773834597,25.798689446310867
725.0,-9.22870975691917,20134.91185736763,-9.602710282982647,20138.80874888052,25.513293843091763
726.0,-7.284317037711986,20167.498287555773,-10.417645511477037,20165.943890149487,25.978210836780054
727.0,-11.091813074216535,20192.287714537757,-11.524872079853765,20193.787480507846,25.32842012191083
728.0,-11.233263761994413,20224.428844795715,-11.723949887508372,20223.926554509166,25.81444255680113
729.0,-14.529137738648542,20248.590354300453,-13.48787628781428,20251.55129471978,25.36366843839551
730.0,-17.70971411178669,20277.452254801276,-13.972287318077232,20276.59050724646,25.405674822842474
731.0,-13.66314082803795,20300.0265502919,-13.497240607741182,20301.07811756494,25.244952642868913
732.0,-10.257368941750585,20325.594943887743,-11.965635456941591,20326.593845097304,24.398790682973942
733.0,-10.430238070956305,20347.684250019294,-11.789633453827083,20347.729653979393,24.462379335601966
734.0,-11.521039809131729,20372.100585530832,-11.248517153369146,20371.820699660748,25.305108274726077
735.0,-12.445299932673906,20398.87526939646,-11.515070331517164,20398.60748693283,24.193005842688322
736.0,-10.900864299140872,20423.74426551027,-10.885777401184345,20423.46932659298,23.618968712328623
737.0,-11.593591823845285,20443.34462688218,-11.220736280574265,20446.12667643213,22.755046370241825
738.0,-14.534682806318038,20471.677027240974,-13.328041310855555,20470.348142748015,21.855777774172616
739.0,-10.287464517490712,20494.342189473555,-12.717071901947133,20495.572936962315,21.45330413823168
740.0,-10.966540961666757,20517.160620764775,-11.82561793865762,20518.089861223063,20.422071069580785
741.0,-11.097569660608048,20537.12166971405,-10.711000876597824,20538.760703046435,21.38906423293088
742.0,-10.815243121053433,20557.007094877634,-9.940601048750867,20558.647708024357,21.062866077852444
743.0,-10.056869460002972,20582.67229366402,-10.435781045524369,20582.597748761247,20.60661532845401
744.0,-9.773682570745347,20602.113046252423,-9.503981071651966,20602.469203569664,19.459642889227037
745.0,-8.364922308822168,20621.701063689867,-8.87417965561359,20621.20504188894,21.24160679139655
746.0,-10.324211238643029,20642.327060677035,-8.899651445122114,20642.391106416795,20.037183988856725
747.0,-6.975569026146326,20662.776246954643,-8.330595240600218,20661.48903542098,18.617513586106934
748.0,-10.795384768328299,20684.64658878681,-8.762025914979,20681.834086021245,16.685205274690993
749.0,-8.843843287787395,20695.599297052766,-9.144164669060576,20695.55580239231,17.395952571230243
750.0,-11.790464724832328,20713.780413177956,-11.637125452213283,20713.110139441767,17.756809251110976
751.0,-9.366669648086752,20726.240360694395,-10.981753853525833,20729.595781831908,15.445091048911781
752.0,-13.686155534281056,20744.683475674254,-11.745692317510354,20746.831671058644,14.812126249436758
753.0,-15.203273896045314,20759.94933754231,-13.94051581838403,20761.109674540785,14.438457234331684
754.0,-10.790382285717648,20774.488880567857,-12.240341150112197,20775.543803878052,13.132368340778703
755.0,-13.224005165595468,20791.449008842308,-11.681098453230888,20791.78251077909,15.22352860540714
756.0,-11.89898338927728,20806.838660262936,-11.37362617963864,20806.289900097396,16.42242176701169
757.0,-9.980821001331044,20824.570573577133,-10.562914143674714,20825.20220445482,16.80988255562444
758.0,-9.658117117289933,20840.32879623533,-9.403396198834562,20843.145990195957,16.51702432901312
759.0,-11.847023538835268,20855.970770590564,-11.017534313164896,20858.4783160707,15.87447115304978
760.0,-12.709241447589198,20873.789354991804,-11.639679963725095,20872.544509332874,15.418766080625224
761.0,-9.185506197555025,20883.81649399429,-10.187243934791836,20885.80002189213,14.513067786406225
762.0,-12.224771988406784,20902.720485891867,-11.729947454725545,20901.73469042788,14.70964320974699
763.0,-12.03427283406766,20915.05273348319,-11.913560938912228,20915.525192118683,14.565987378931561
764.0,-10.6768634619771,20932.137748807887,-10.301892679785409,20932.53519880063,16.480881997676807
765.0,-9.26384857183598,20949.483938521433,-9.230324739869634,20949.213970557998,16.514376196181228
766.0,-5.549938170510151,20966.32592840139,-6.389053585492552,20963.83385953677,15.132889405514707
767.0,-6.566329981807777,20978.46224355886,-6.533617372939185,20978.292278357225,13.099898343752685
768.0,-4.1785774573923335,20993.785215327604,-3.964051564759301,20993.10177020779,11.949637482841746
769.0,-5.561398885491748,21008.053328779384,-4.28672596480002,21008.670182150192,12.639015798303873
770.0,-1.37333598786169,21024.556253843537,-2.4799293769824993,21020.500850297074,10.645522690523803
771.0,-2.52926216498774,21032.10479189287,-2.9188720169958016,21031.03726449984,10.639313161497338
772.0,-5.764610542211082,21043.801397206495,-5.618582676102222,21041.939859226743,12.96868431382648
773.0,-6.69084673110429,21059.24350257869,-5.803518060842696,21057.267409226715,13.07786389735463
774.0,-6.126058879602179,21067.814102981392,-5.792357623097121,21067.885709388094,13.36634297502515
775.0,-6.786541707976057,21080.877924075765,-6.191969053250575,21081.50289073071,12.975121318432764
776.0,-2.375627719027233,21093.014734957967,-5.184379648723072,21094.95922163237,12.833087976643311
777.0,-1.9997963284755569,21111.69042800802,-4.0012704598163245,21109.177119095213,12.491914833243866
778.0,-0.7485321116355708,21124.38577808663,-1.7836849840530342,21122.848425484895,12.986662981268108
779.0,-2.328040702018918,21135.276246629168,-0.7229111409394207,21135.994090962384,14.710056474311715
780.0,1.3125216610343102,21151.44834025915,1.0554087596758122,21151.65507344206,14.654817182519547
781.0,2.7600198062163757,21169.25941386879,0.5410180970658492,21168.26735523664,13.128261991897116
782.0,0.4428724531067118,21185.33387199113,0.782437005889584,21182.611590145832,13.77330012988874
783.0,-0.3372220301433322,21196.989197779287,1.0861355016758154,21198.450184796355,11.979182462721912
784.0,1.1542096186983666,21214.887520126842,2.0269966834322135,21212.924646291787,11.25134824514856
785.0,4.634150041332621,21221.771059972987,3.2555383340987962,21221.879111787748,11.264934118366863
786.0,0.004387518645957544,21232.238552773757,0.7990818872553858,21231.36540429705,10.379981388027536
787.0,3.283297050070699,21243.023034886442,2.6696913385677243,21243.444984679838,10.179553938193424
788.0,3.620550934455675,21255.790626127677,3.6957211757993145,21254.485138346132,9.965243659080212
789.0,2.570280717805206,21264.48242985382,1.8826900927975443,21265.923824528018,9.97851050709624
790.0,1.416636251925004,21279.015119033153,1.7437834803052845,21277.709306535304,9.904297837300422
791.0,1.366858172987545,21288.041031317985,3.000923702882791,21290.45466308825,8.106712860592156
792.0,3.2795921093747107,21299.77345340831,1.6259679115104753,21299.041584320126,10.012813383089739
793.0,3.4313510488933066,21304.93431220998,1.6311443603666984,21305.371639464127,8.644368832937232
794.0,2.9466886556127814,21313.36065876954,1.5230084415075837,21314.32445001735,10.49396662998998
795.0,2.5615452481485015,21325.329087157166,3.4252818097637197,21325.228857733626,8.970644675932103
796.0,0.46521813226709097,21337.288695531453,1.519717850300836,21336.748952701473,10.635571946803372
797.0,0.026463024973177318,21346.620052232887,-0.6473305144379373,21347.32601148417,10.706746473525676
798.0,-2.4146194002221244,21358.522599673826,-1.4663463907374823,21358.18264715917,12.215257312132454
799.0,-0.00561305364819667,21371.463771620372,0.19690212056490397,21370.26334078204,10.985707059856587
800.0,-1.6412974092876635,21378.155568625563,-1.550734205948642,21380.058332874414,12.600661074347252
801.0,0.5772140440032593,21396.63838410464,0.6855999842185758,21395.491775535946,12.413868481368148
802.0,2.1629572186126396,21407.53121383019,0.5817819459890304,21408.909296652953,11.953026746616109
803.0,1.8015926773202406,21421.289869630844,2.4775117632479353,21418.851841577693,12.255221534108516
804.0,3.5180901285954995,21427.18589915624,3.8871557020964556,21428.26374860768,12.490901130123127
805.0,1.803802271813901,21439.94629762175,1.9702420824400422,21438.912086861175,11.62224041866429
806.0,3.633821675381652,21450.18105276286,2.7080259768114994,21450.45615658057,12.447612444839955
807.0,0.9991838528643793,21467.044525793288,2.01850922219881,21463.6773626087,13.470130341153519
808.0,2.276462345227091,21477.439465937998,1.3018343006369384,21476.842836872132,13.76029346448695
809.0,-2.3928361522269186,21488.93308436338,-1.3530254314080206,21488.535175481647,13.247579849132256
810.0,-2.3553209142519793,21498.660697177806,-1.152267049260408,21499.41964726579,14.565123054206728
811.0,0.21934091213369578,21513.13179585604,-1.2304733887406596,21511.865148920584,14.7065562365912
812.0,-1.9656829270496976,21530.466446958686,-0.8397595641428987,21530.22172396358,14.368279559870441
813.0,-2.9244758411894853,21543.288494017288,-1.7562424059595934,21545.47941519601,13.77965094721916
814.0,-1.7795188746666155,21559.841272197205,-2.117633280752582,21560.097450948113,14.64510615187014
815.0,-1.805016174570791,21573.456715753735,-1.6523172811863034,21573.525114120086,15.688677835346832
816.0,-2.6649116327319513,21587.72178757879,-1.3753338279859442,21588.800448506365,17.995442036717805
817.0,2.272460231864748,21605.6312960276,2.0662826926901228,21605.194141319484,18.35805515084757
818.0,-0.06443102404131196,21626.909167156668,1.298084150922194,21625.106604451972,16.729127796450847
819.0,5.594689360320271,21643.31857951131,4.200587485047004,21642.015275675,17.94012726883165
820.0,4.691178798912891,21660.779003912816,5.133696435259699,21659.747291797008,17.473666033280736
821.0,5.121517574001772,21681.09571011366,4.336336379000309,21680.305749128525,17.471355116723412
822.0,2.939654935662956,21697.235476750022,2.596966834963061,21696.11063867271,19.725122434168714
823.0,1.5965655169974473,21714.295437798966,2.7863052429962725,21715.929259938523,18.14124109265458
824.0,2.9139806708025087,21736.485417113465,2.615970328006253,21734.887411233405,19.206112830473515
825.0,0.12756771641004502,21752.95983599585,-0.00462264433636328,21751.819476849665,19.24558334048954
826.0,1.58994448706986,21769.1742986874,0.18818077240991965,21769.472448728,18.044048278985
827.0,-0.4149392535536569,21791.410674664745,-0.10520859064845117,21789.277726185217,17.295934738978353
828.0,-0.5095195144870064,21803.29046383199,-0.507363510145358,21803.83364109766,16.461688696585036
829.0,0.8847018393532946,21821.325532910196,1.7159591025720824,21821.16757656893,15.836942278418881
830.0,2.0097461010901543,21837.459096991453,2.221267320843702,21836.43551664784,15.854698205525745
831.0,3.516866016726015,21852.21151413291,4.097575991504089,21852.74243798664,14.84643150335093
832.0,5.528549983385666,21873.343222973064,3.4009996827957867,21871.987082630363,14.27681695481617
833.0,3.238134276396138,21888.735352850632,2.3461577801191087,21887.140164672517,12.092893630821854
834.0,2.84854286235452,21898.318787654982,2.362742292142877,21898.618043854887,11.44496971622065
835.0,2.388941664239927,21911.761378993993,1.8443374455356016,21911.294621221477,11.671995939027317
836.0,0.535342321829182,21920.744478186887,2.079287057785885,21923.49159079159,10.723450594229172
837.0,2.058605041067051,21930.05868798593,1.2200127288267628,21932.112901853936,10.097369050582826
838.0,3.3061011594380276,21940.512193066086,3.6320155423121925,21941.630085427,10.816143239921644
839.0,2.4361008495527647,21948.69623679572,2.7297689584574325,21949.36933950864,11.501971546899306
840.0,5.448048391405385,21961.5874296114,3.9631510184398033,21961.302715652146,10.49846268378532
841.0,3.3851742791668737,21968.969075331584,4.332511147848511,21970.980959254157,9.792887682716094
842.0,3.2121204527626883,21984.118410801242,3.4426986056907083,21983.752804813932,10.072005463474282
843.0,3.748654521602871,21995.63790676382,3.6493326606096583,21995.197095926585,10.21092609607649
844.0,1.8796473017896054,22002.43315300495,1.8096694796255401,22003.765900168273,9.898458945151573
845.0,1.101996486789025,22012.226026076143,0.18181175565288754,22013.117243440334,6.522320871043279
846.0,1.9571825413020205,22013.592435762792,1.476474958798263,22016.431952534036,7.214654801004792
847.0,1.0286039969709122,22023.771237900793,1.0953336036386156,22023.503738682004,7.554467786430431
848.0,1.383941031415169,22031.155439396614,1.1612714622695448,22031.22210654227,5.942563149436356
849.0,3.3699530173910532,22041.091892075747,2.4607775912035375,22039.38303272024,7.536882966764978
850.0,4.3934415699099425,22046.450297672407,3.6936567577739248,22046.922866716915,6.202559258785073
851.0,3.934083552114667,22050.601657303072,4.65375894816639,22051.90532543107,6.33464884417996
852.0,3.5827213624538707,22060.982113587805,4.158229561231595,22063.018734274807,6.613098581950665
853.0,3.474226940013655,22074.0075095969,3.7824379453496815,22073.10759872892,7.0323784199546555
854.0,2.8805871544704034,22082.83837108096,2.862009302280775,22081.99126593047,8.306861039438484
855.0,1.980860579700953,22093.150777887924,3.5273815376327455,22091.3365698158,8.731020453904105
856.0,2.4122484658862673,22103.752937079702,2.9864903828381513,22102.34134375711,10.90218223615569
857.0,6.219880489360171,22114.500195758086,4.964387333201256,22114.488849177797,10.751244888576784
858.0,6.9916798227018395,22123.51955701268,6.456405125425709,22124.630690576614,9.93059772793691
859.0,8.587011326102282,22133.16327298111,8.504345186891351,22133.13945962462,10.19814996527864
860.0,11.02822211201981,22143.34416462916,10.678533157791682,22141.927202692474,10.833653419712588
861.0,8.811653649783043,22153.836716956364,10.536888460217067,22151.249186388628,11.053321118100996
862.0,7.340176265364811,22163.403199294422,8.80113391899027,22163.682503822845,10.602428275932027
863.0,7.855553806917619,22175.026983191707,6.65537225838271,22175.622971497854,10.40313987992853
864.0,6.1630402328171545,22184.51654551142,6.694058391988013,22184.585078686137,9.574132081034096
865.0,7.790489768565181,22196.089671807735,8.436869662782374,22194.388174636955,10.423298738451614
866.0,9.933345869947217,22201.980140311265,9.886382570446115,22202.62624449396,11.648172932907006
867.0,11.428136133925513,22214.004859853874,11.823042141936872,22211.828305803636,11.256168441617348
868.0,11.20547839406054,22225.66019407123,11.60088062690414,22225.972367339924,13.131327436504035
869.0,13.112897007456585,22236.04735508433,12.619952880155306,22236.345439254223,12.116576323316442
870.0,13.37310953532483,22248.292906612554,14.17286713626412,22247.308189565247,11.964075708844554
871.0,12.232136764029955,22260.716689052435,13.670877954436186,22261.78694198677,13.899652127599746
872.0,11.431225548920509,22276.335653664853,12.632206778699928,22274.598004388085,12.84625668014147
873.0,14.127758394980003,22287.773183289297,13.822089076864469,22288.333467792887,12.903184378679986
874.0,12.893073125288293,22303.386292452033,13.136656917504503,22302.97009338251,10.812689610221808
875.0,10.464183453733277,22317.766171995354,11.653632604043317,22315.160015770845,12.476463031126194
876.0,14.062180269668206,22328.035083037725,12.630655167175592,22325.5652606584,12.60803178882551
877.0,13.768616224063695,22341.426021034804,12.420334966006312,22340.70388796335,11.018715968980596
878.0,10.900982741543613,22350.62828571453,11.669529350833624,22348.782977230014,10.206737828990232
879.0,14.401464658043228,22358.190340449473,12.792639734150148,22359.360658464,11.14539828557305
880.0,11.404788959095882,22370.074559114382,12.676182222671677,22368.80093523071,10.81675079015487
881.0,13.929356870642607,22382.586727533293,11.925103571772318,22382.626590693886,10.8496190299483
882.0,14.350821444609084,22393.24393036478,14.285021600514424,22391.09854484088,9.955505305866904
883.0,17.20278562849228,22399.67435514512,16.981787505744077,22401.909361354603,10.160265774237157
884.0,15.442747353103039,22413.03192923347,15.182836959608979,22413.750167478443,9.864244031386885
885.0,13.595874077246322,22420.51350704546,13.193296236807138,22420.928034718425,10.331303517979519
886.0,11.15377447081581,22433.46110476737,12.04054436571158,22432.75468849461,10.425100447062976
887.0,10.229115860192145,22443.778940223943,10.389952841520582,22442.092342021544,11.570100695687444
888.0,7.7075711078229165,22450.550661641882,9.363377693284022,22451.497927001703,10.96235829275636
889.0,9.995321209779187,22459.50036839204,11.907176680037793,22458.375135858496,11.832990648642086
890.0,11.312111155153277,22471.32901281566,10.240634260121485,22469.655477006883,14.135217750359756
891.0,12.526115373217774,22484.97309859973,13.151154606400013,22484.38108317418,12.68675140381544
892.0,15.52255625737779,22497.09412681078,14.531787704398452,22497.567134071483,11.781741019949106
893.0,14.396467345927432,22509.293323764985,14.419178482118175,22509.993611773116,13.219936070426652
894.0,15.022870164644461,22519.87213786091,14.28719251081708,22520.623472666044,12.011201160345372
895.0,12.040183579637965,22535.116894454342,12.4216965475084,22536.112392210052,11.06735155226085
896.0,12.713836156369679,22549.222956060494,12.233129386854191,22547.97783471703,12.31221671577225
897.0,12.491663204926494,22559.859590776174,11.771127306701667,22560.459322747818,9.914169739280903
898.0,7.42474925274053,22570.63487234329,9.599752789047315,22569.566063138685,10.196274107721122
899.0,11.292421526036033,22577.461345510008,11.536930902041467,22578.041504592715,11.173741993005144
900.0,12.089491856292469,22589.187071548757,11.253238707877852,22588.793499623862,10.62722830371327
901.0,10.958913166838158,22602.773996565706,11.196577226545834,22600.374393395872,12.6657451818499
902.0,11.39065360024181,22614.539017211035,10.381559452950246,22613.995795831335,13.484372304886127
903.0,11.582028189166559,22627.91914760734,12.48178043297303,22628.82929500592,13.659597416360503
904.0,10.882671958488196,22640.06957688479,10.604122613904298,22640.396083792064,13.94770096022833
905.0,11.7878480934332,22651.837583031745,12.324428574553982,22651.38176387146,14.209510773777243
906.0,11.984505710781841,22666.249273469406,11.675519956359455,22666.33237824417,13.50274936491369
907.0,10.164222317631266,22678.4389303265,9.848438698922667,22679.04451785188,14.384225647254633
908.0,7.662051573720794,22690.910158239512,7.455690750597832,22690.501030981075,13.356921660384439
909.0,8.496463272238504,22704.443583795724,9.767328444597101,22703.775963058622,13.264117296137133
910.0,12.768398774439518,22722.380144309944,11.185158920280548,22719.882637468138,15.76537689932285
911.0,11.47317615596049,22736.821381283025,10.935855236287097,22738.267376823784,16.81428680597742
912.0,11.653085360484242,22757.75930308826,11.939511456368635,22756.063722291754,15.150833963387774
913.0,11.140645125760647,22773.657900542716,12.718156085959242,22772.067587403108,14.23288020241126
914.0,11.456805493383353,22785.162413275684,10.62137939192889,22785.488169153017,13.978688170756293
915.0,10.271139382062744,22795.6750711147,11.398501658984726,22796.629033202305,13.322247634980325
916.0,12.215337956071496,22807.941335431966,12.076570933099017,22810.13502630765,12.629495883147968
917.0,11.870103341621242,22822.200938178423,12.869202287107342,22823.817439220275,12.006544599878374
918.0,11.451831528433955,22838.44012550738,12.751810402342052,22837.996723886718,11.86760314161597
919.0,14.384713130363895,22849.56358567565,13.496173792480171,22848.570335306867,10.38716794063689
920.0,11.299002882631601,22861.406296194014,12.082610828551662,22860.996783391744,9.918277778100713
921.0,15.070442121154834,22868.717953723648,13.395649837228081,22869.195655584666,10.373307093427611
922.0,13.61618140179444,22876.02734335632,12.51145565409656,22876.544283827785,10.739396266907647
923.0,12.785384916571871,22890.566280779327,11.096350798323089,22886.64265761747,11.116538241848916
924.0,10.699903870025889,22899.23121809858,9.444315316708517,22899.014889520433,12.206680849389826
925.0,10.82012699570927,22907.75045305743,9.817322006080893,22907.32412266221,10.64414347699598
926.0,8.215280189425917,22918.18566700358,8.606332624779355,22919.14161567626,12.389705662757844
927.0,9.950861937938186,22933.752438949003,8.92658494365385,22933.369603277453,12.034469971651648
928.0,8.297637766225662,22946.10441695951,8.746775379399732,22946.886239627423,10.536892439059978
929.0,9.151741278544993,22955.971711173945,8.92018093949273,22957.00809302204,12.489845812873444
930.0,10.156380134085945,22970.786018641793,9.847890832550128,22971.59903256126,12.461568774753703
931.0,11.25189419452012,22986.43196541313,10.969272958843472,22983.84023088414,13.076274111570276
932.0,11.94110768631966,22998.029330388115,12.292183688927377,22998.306978310393,13.460170154363066
933.0,13.20514738335299,23011.82078681653,13.524551729781852,23011.239241658426,15.398182131754112
934.0,12.798164737225948,23025.06740855835,13.791030807852746,23025.200626609185,13.625401897526418
935.0,10.80610413458648,23039.476209806555,13.045957564795339,23038.610192979722,13.338255007920937
936.0,12.36155474137877,23052.473117447116,12.108878143958309,23051.219628653707,12.893968084002124
937.0,12.987657276707083,23063.830982349005,12.218917495611146,23063.425932923947,14.16724024370678
938.0,14.272599790192325,23080.259073126785,13.074132713775958,23081.502423970218,12.337253943744152
939.0,12.214067913964712,23092.151766783325,12.085350605214005,23092.260373283865,14.284201346672166
940.0,13.572345755296158,23108.349094709334,12.999799791883497,23108.2877352169,13.904415281636734
941.0,15.03444123001165,23119.071768931142,14.718874628355863,23120.058712277594,14.390601596744075
942.0,12.72453511323435,23133.72741800645,14.20418302819777,23134.312295683612,15.03774712193467
943.0,13.25461266376692,23149.841005953345,13.053585990869818,23150.153115391044,13.71959775082647
944.0,12.653376717388012,23163.51889627099,13.778065051147731,23164.87799773219,13.242340015208827
945.0,17.268835972590303,23177.46540903477,15.478717642616601,23177.758069727064,12.797116147216993
946.0,14.302481778205374,23191.083341511454,15.393382524809928,23189.76411549343,13.534995518190614
947.0,16.00072057733804,23204.650974261902,15.774777128807827,23203.234723208305,12.878790237267184
948.0,16.088283965166614,23216.792985608274,16.429747754023172,23215.075901337757,10.531699879325721
949.0,17.60106035708186,23226.981915122557,17.83995519355859,23227.22030461393,12.549585002561768
950.0,15.707363000124388,23239.07583317858,15.595009721738817,23240.0597238182,12.663444056807183
951.0,15.98519911883344,23252.064614372815,15.815852226840644,23250.290533283012,11.044685418720446
952.0,15.359784924157681,23262.31693603956,16.251395894646492,23262.401854895616,11.244791452838484
953.0,16.78645842130912,23273.387632196598,17.891894265651587,23273.725969842508,10.785053127373184
954.0,18.42792364649222,23282.95333971994,18.97259168184459,23284.10363372142,10.567074177985386
955.0,21.12582590178408,23295.90323932025,18.575898060044075,23292.556618746257,11.39605127182179
956.0,19.96491944710852,23304.25420005132,19.38982964397104,23305.958924260252,10.868146265594607
957.0,19.551525181158915,23314.701580764806,21.247758266728034,23315.9887292782,10.038489334155722
958.0,19.855713808650194,23328.00421468273,20.504550345627873,23327.461321740942,9.819677685302597
959.0,18.32045142315487,23331.454572235867,19.209612038700282,23333.935637066243,9.460500008068891
960.0,21.705711495429025,23345.49349778994,21.495622752505312,23345.153924412974,11.088507109991827
961.0,25.054122641274084,23358.529442411727,23.795316989009716,23359.2825945804,9.935451967369456
962.0,22.36873274490224,23369.735294947142,22.47811871507733,23371.27892178771,9.828819911598865
963.0,22.40705623514018,23379.54176936016,22.03533812887189,23377.644981211368,10.540196525666058
964.0,22.844010063828406,23387.097409013437,22.179188927032257,23389.624769604776,10.322038822309263
965.0,21.027621819756472,23398.211782011287,20.814309926111598,23400.2883026065,10.223005850122329
966.0,21.810333736613266,23411.090594700054,20.650044569140007,23411.24520689568,9.417033671468957
967.0,21.863489209904202,23419.235261796377,20.853271293836638,23418.815217106552,8.664300207095515
968.0,19.925484464784486,23423.637617680295,20.8909882771855,23425.407762986117,8.335454006099837
969.0,22.25002191077358,23431.013042924063,22.043613878846415,23432.566049900885,9.031831484814361
970.0,20.368666092476936,23440.942604753658,21.308693128504935,23441.378830412024,7.689272834608463
971.0,21.685099337657324,23448.668718731813,22.054186360415578,23448.701442573652,7.088993139918779
972.0,20.479045795932223,23454.860900353528,21.138187626356867,23453.847498111856,7.005119115201943
973.0,21.223236355051075,23462.12681539947,20.786158185543833,23461.557489658182,6.960464461497187
974.0,19.104759970671022,23467.7431699833,20.582337870166974,23468.30041586718,6.34714411851653
975.0,21.886487818250878,23476.9799321046,21.022921788575175,23474.925388564727,5.588698682244492
976.0,20.532370212593282,23479.369856953635,20.489999077428276,23478.60131325574,7.330189216154245
977.0,20.85211212936887,23484.39090737618,20.749484093804686,23485.62010767016,8.718850587026175
978.0,20.665792267836753,23489.437356481347,19.79158268321504,23492.62991370379,9.410420381013093
979.0,21.73227889335105,23496.317340833182,20.76938717034386,23497.92336945486,9.911512077591466
980.0,21.959434369177284,23504.87347664928,21.94073475628202,23508.305512993917,9.307485355110508
981.0,22.183026591055253,23510.753389442703,22.786629244822137,23513.522150188706,9.77850286264541
982.0,21.762565508045807,23522.81554967243,22.81393914585368,23523.031490120036,9.709382178817453
983.0,22.653468831678435,23528.91066903747,22.52999208704458,23531.495380679116,8.433517027459365
984.0,22.019723611414094,23539.902498613978,23.664289531845416,23541.1633805428,8.594262429727479
985.0,25.999581623435795,23549.91254807705,25.61783983916551,23549.64643523364,9.005861580813237
986.0,24.417011500829098,23559.105734169058,23.570032922489887,23558.69793928464,9.570848688011955
987.0,28.166511576704366,23568.493230001135,25.62505692330195,23568.32411807329,8.450845032330886
988.0,25.024692684417495,23576.713077059496,25.878766100754493,23576.256042395744,8.335834781699454
989.0,27.546596277068314,23586.90475275097,27.26592488544525,23584.943034388554,7.772988616705051
990.0,26.266061255355517,23595.10171753292,27.584637323749234,23594.639355225565,8.22904081798839
991.0,27.914509094310347,23603.558148068794,27.09820871311158,23602.55468443161,6.724329038713322
992.0,26.53146532781504,23608.44179840369,25.869343859681607,23608.116585390668,5.560947271470513
993.0,28.070940890915647,23614.69254941223,27.08432841709196,23614.09708335089,6.931977199669027
994.0,25.626390373099248,23621.651358403367,25.778526477053756,23622.201125024218,6.820187542102912
995.0,25.160462871202736,23628.341494543743,24.789823522843037,23627.90224218803,7.876070371264742
996.0,22.07650457875407,23638.37630648422,23.038942464434264,23637.667529815786,7.469314868524145
997.0,21.550278090574057,23644.18588339244,20.67213999399503,23645.367351434703,7.642654336252067
998.0,21.52125385677108,23655.147697202236,21.371802597436165,23654.094725315153,7.817374985840713
999.0,18.809343365973113,23661.435713562096,19.450722700677215,23659.736671504823,6.8236855264330245
1000.0,22.42565461440068,23669.216872936177,22.462581480598082,23669.40629950763,6.529344595090083
