time,state_mean_1,state_mean_2,state_variance_1,state_variance_2
0.0,0.0,0.0,100.0,100.0
1.0,1.744792471410925,0.8637586492133292,2.9560975609756097,52.21951219512194
2.0,2.531714586931775,0.7951289882048289,2.8573747680890538,7.550015460729751
3.0,3.4004893407831287,0.8376138289611861,2.5612271048466124,3.574606165674231
4.0,4.705952157094217,1.050728899810823,2.361288987005179,2.7632209590374006
5.0,3.559669545939442,0.14147879655942341,2.2668468640061317,2.562749824560005
6.0,-3.5023109045176257,-2.7552465997574997,2.231156983305953,2.515729700605875
7.0,-8.132839130622283,-3.504572797361191,2.220192911468197,2.5064696552527916
8.0,-15.130832994483699,-4.899160707831669,2.217456268625562,2.5051069030238082
9.0,-17.013606748132887,-3.6950476096009393,2.216914528532084,2.5049936413448712
10.0,-21.31473464740728,-3.936996153772527,2.2168363292585953,2.5049926463493137
11.0,-23.57015356504032,-3.2657010906588857,2.216830184026773,2.5049876300631024
12.0,-25.535492336079127,-2.746589083838876,2.216830139130547,2.5049824177559907
13.0,-33.14787269035177,-4.689038761066251,2.2168297961286823,2.5049797765024486
14.0,-35.08542640828452,-3.5906318728660116,2.216829464101016,2.504978826437307
15.0,-33.94590744042886,-1.7023317951642825,2.216829300297078,2.5049785585563082
16.0,-34.01698507494325,-1.0511269315422092,2.2168292423484552,2.5049784982147942
17.0,-36.02373691992954,-1.4326171994904313,2.2168292262324973,2.504978487759111
18.0,-34.68753596498833,-0.3272910783244156,2.216829222654017,2.5049784865539015
19.0,-36.70248303841213,-1.00101183246566,2.216829222045673,2.504978486505044
20.0,-35.10307208488649,0.037090011538276624,2.2168292219779913,2.5049784864976834
21.0,-37.411042583177995,-0.8990699285639988,2.216829221975586,2.5049784864798674
22.0,-34.490246369832015,0.6258398311674133,2.216829221975024,2.5049784864683136
23.0,-32.996866695469755,0.972166096197056,2.216829221973864,2.504978486463542
24.0,-37.42405553146815,-1.183283525976724,2.21682922197314,2.5049784864620452
25.0,-37.593267948390576,-0.7784612432565289,2.216829221972847,2.504978486461671
26.0,-38.34682422322438,-0.7685190547078729,2.2168292219727563,2.5049784864615967
27.0,-39.16735953353305,-0.7892842053396751,2.216829221972734,2.504978486461586
28.0,-39.49217883558146,-0.6038674818821628,2.2168292219727297,2.504978486461585
29.0,-42.33861583165314,-1.4991125014740323,2.216829221972729,2.504978486461585
30.0,-43.94308394244232,-1.5411709901534996,2.216829221972729,2.504978486461585
31.0,-44.3619928300936,-1.0931583191594783,2.216829221972729,2.504978486461585
32.0,-45.88092284292233,-1.2631285188918828,2.216829221972729,2.504978486461585
33.0,-47.865910873236224,-1.5512984633937523,2.216829221972729,2.504978486461585
34.0,-48.78174237454766,-1.2976168587345662,2.216829221972729,2.504978486461585
35.0,-51.257799775224086,-1.7680562450649742,2.216829221972729,2.504978486461585
36.0,-50.43122925917015,-0.7322682033145818,2.216829221972729,2.504978486461585
37.0,-51.76157929566775,-0.9710254766466319,2.216829221972729,2.504978486461585
38.0,-49.134439433816596,0.4653802082502404,2.216829221972729,2.504978486461585
39.0,-45.45199976339614,1.749646512155504,2.216829221972729,2.504978486461585
40.0,-46.40579023539094,0.6704208825697406,2.216829221972729,2.504978486461585
41.0,-46.384658848912096,0.41122125287229927,2.216829221972729,2.504978486461585
42.0,-50.08263489093387,-1.2291909570938349,2.216829221972729,2.504978486461585
43.0,-45.62741399671,1.0400548196821724,2.216829221972729,2.504978486461585
44.0,-48.86839641421884,-0.6689567587917868,2.216829221972729,2.504978486461585
45.0,-47.490328145396646,0.14822591909440863,2.216829221972729,2.504978486461585
46.0,-47.334137123898714,0.15140562800072066,2.216829221972729,2.504978486461585
47.0,-45.40809949796901,0.8598476395869119,2.216829221972729,2.504978486461585
48.0,-42.84733297140615,1.5388630068520364,2.216829221972729,2.504978486461585
49.0,-42.30565361123797,1.140782283974281,2.216829221972729,2.504978486461585
50.0,-38.106974790247946,2.361509948320487,2.216829221972729,2.504978486461585
51.0,-36.285571945773185,2.14589647827881,2.216829221972729,2.504978486461585
52.0,-31.898871191741193,3.040436805816089,2.216829221972729,2.504978486461585
53.0,-27.339654580334066,3.6467413364934735,2.216829221972729,2.504978486461585
54.0,-26.444809256957573,2.5481706190242868,2.216829221972729,2.504978486461585
55.0,-21.322042433035044,3.575962362072347,2.216829221972729,2.504978486461585
56.0,-14.234516878274775,4.977796035162367,2.216829221972729,2.504978486461585
57.0,-10.219685335796095,4.593375770522121,2.216829221972729,2.504978486461585
58.0,-3.420702653258123,5.473865133579042,2.216829221972729,2.504978486461585
59.0,0.540108402582133,4.869846342233631,2.216829221972729,2.504978486461585
60.0,4.246280509975807,4.4053017399030505,2.216829221972729,2.504978486461585
61.0,11.01964862291587,5.350645736203007,2.216829221972729,2.504978486461585
62.0,14.399600588041931,4.563934879511916,2.216829221972729,2.504978486461585
63.0,21.25412178519099,5.478348448337698,2.216829221972729,2.504978486461585
64.0,28.11772657800385,6.03134974234558,2.216829221972729,2.504978486461585
65.0,30.867524620013583,4.721337812873398,2.216829221972729,2.504978486461585
66.0,37.09932356871142,5.3243214887763575,2.216829221972729,2.504978486461585
67.0,44.7793547227649,6.264732625242719,2.216829221972729,2.504978486461585
68.0,53.98355835139838,7.438184221445014,2.216829221972729,2.504978486461585
69.0,57.87186833201817,6.021056585415049,2.216829221972729,2.504978486461585
70.0,62.226946414065246,5.355989594871249,2.216829221972729,2.504978486461585
71.0,66.29291312198998,4.841005975683068,2.216829221972729,2.504978486461585
72.0,69.69870087094908,4.268059647209291,2.216829221972729,2.504978486461585
73.0,71.6077355031621,3.326325006474505,2.216829221972729,2.504978486461585
74.0,72.9904313096151,2.550418462555647,2.216829221972729,2.504978486461585
75.0,69.7327487923938,0.23179536412688995,2.216829221972729,2.504978486461585
76.0,68.90148099988023,-0.1925847901881681,2.216829221972729,2.504978486461585
77.0,73.87353862031027,1.8691664138764759,2.216829221972729,2.504978486461585
78.0,73.98263025216092,1.1665357160328278,2.216829221972729,2.504978486461585
79.0,77.28750655081178,2.020172022362371,2.216829221972729,2.504978486461585
80.0,78.4542010741346,1.67945951578706,2.216829221972729,2.504978486461585
81.0,79.69975222599012,1.506241116396948,2.216829221972729,2.504978486461585
82.0,80.27836886207609,1.135928762289149,2.216829221972729,2.504978486461585
83.0,83.03501811993685,1.7829285286867274,2.216829221972729,2.504978486461585
84.0,85.66773679992667,2.122169027515707,2.216829221972729,2.504978486461585
85.0,88.67165368840257,2.4741672046360654,2.216829221972729,2.504978486461585
86.0,95.21101439284436,4.0970128784717845,2.216829221972729,2.504978486461585
87.0,101.28503547265629,4.886244487455686,2.216829221972729,2.504978486461585
88.0,101.01103874572348,2.8262502630431623,2.216829221972729,2.504978486461585
89.0,103.4907201063051,2.687898215576644,2.216829221972729,2.504978486461585
90.0,107.0428374253526,3.0328988246204447,2.216829221972729,2.504978486461585
91.0,107.61206143175471,2.0493874565454213,2.216829221972729,2.504978486461585
92.0,112.8944887727093,3.340033225314481,2.216829221972729,2.504978486461585
93.0,117.09883807798785,3.685072547861702,2.216829221972729,2.504978486461585
94.0,119.51713355502858,3.1793687752874438,2.216829221972729,2.504978486461585
95.0,123.5361290889986,3.514551996708482,2.216829221972729,2.504978486461585
96.0,125.97960166118692,3.0869717079719026,2.216829221972729,2.504978486461585
97.0,128.31241887847116,2.785909445456051,2.216829221972729,2.504978486461585
98.0,130.16858040631857,2.414749404508174,2.216829221972729,2.504978486461585
99.0,131.7860862499485,2.0964857686378373,2.216829221972729,2.504978486461585
100.0,135.49711584708197,2.7410197784992265,2.216829221972729,2.504978486461585
101.0,139.13886696713678,3.100596256470464,2.216829221972729,2.504978486461585
102.0,142.19621104617016,3.083329769883523,2.216829221972729,2.504978486461585
103.0,145.38342926444352,3.124802560548713,2.216829221972729,2.504978486461585
104.0,143.51069588814883,1.129761100570872,2.216829221972729,2.504978486461585
105.0,147.57318428890713,2.300520576565434,2.216829221972729,2.504978486461585
106.0,150.63986059381543,2.60637379346275,2.216829221972729,2.504978486461585
107.0,155.25366192213897,3.4077489532535994,2.216829221972729,2.504978486461585
108.0,159.93437913133673,3.9159242780414347,2.216829221972729,2.504978486461585
109.0,166.0261424077121,4.784530140364589,2.216829221972729,2.504978486461585
110.0,174.7293154817131,6.348872091728691,2.216829221972729,2.504978486461585
111.0,181.49888635282053,6.5168171585835495,2.216829221972729,2.504978486461585
112.0,187.3032141686205,6.232387832489823,2.216829221972729,2.504978486461585
113.0,197.7548054709018,7.9167150602862195,2.216829221972729,2.504978486461585
114.0,203.0056050242958,6.852468192977605,2.216829221972729,2.504978486461585
115.0,204.33077073073434,4.645941264138925,2.216829221972729,2.504978486461585
116.0,207.27046184436688,3.964797629681393,2.216829221972729,2.504978486461585
117.0,212.30181665431604,4.390572615786901,2.216829221972729,2.504978486461585
118.0,215.70292836486533,3.995574850103379,2.216829221972729,2.504978486461585
119.0,224.02877755276964,5.724242126570763,2.216829221972729,2.504978486461585
120.0,228.69066241496108,5.3001437679936565,2.216829221972729,2.504978486461585
121.0,234.7774250783472,5.614165984010204,2.216829221972729,2.504978486461585
122.0,238.85019650308547,4.9988335300180635,2.216829221972729,2.504978486461585
123.0,244.44641704207532,5.237313426033314,2.216829221972729,2.504978486461585
124.0,253.5416383811962,6.777409651984168,2.216829221972729,2.504978486461585
125.0,264.9985120097966,8.645475187040422,2.216829221972729,2.504978486461585
126.0,277.4733486843208,10.174175536436609,2.216829221972729,2.504978486461585
127.0,289.63145625956224,10.966171176130596,2.216829221972729,2.504978486461585
128.0,298.91034719153333,10.292600423615704,2.216829221972729,2.504978486461585
129.0,307.5920414258935,9.6495185776191,2.216829221972729,2.504978486461585
130.0,316.71693604122447,9.44008605549424,2.216829221972729,2.504978486461585
131.0,330.1765536976848,11.044703269849604,2.216829221972729,2.504978486461585
132.0,345.4864650629077,12.747395775364133,2.216829221972729,2.504978486461585
133.0,358.77451760968216,12.963228675459824,2.216829221972729,2.504978486461585
134.0,373.0682475468942,13.494371465285377,2.216829221972729,2.504978486461585
135.0,386.2745838417013,13.379386377774638,2.216829221972729,2.504978486461585
136.0,401.16182696243925,13.98133036695962,2.216829221972729,2.504978486461585
137.0,413.6444104570155,13.383023083889716,2.216829221972729,2.504978486461585
138.0,424.03345000918455,12.187809812437699,2.216829221972729,2.504978486461585
139.0,431.83967882119504,10.438660658419845,2.216829221972729,2.504978486461585
140.0,443.8586060335649,11.069511008029918,2.216829221972729,2.504978486461585
141.0,455.3940262918876,11.255504322068672,2.216829221972729,2.504978486461585
142.0,467.2709667277592,11.503584741585868,2.216829221972729,2.504978486461585
143.0,477.92481041904364,11.164363844123494,2.216829221972729,2.504978486461585
144.0,485.94284863748214,9.90833484320008,2.216829221972729,2.504978486461585
145.0,493.30167090734557,8.890556611923538,2.216829221972729,2.504978486461585
146.0,499.81980548451065,7.94347381357597,2.216829221972729,2.504978486461585
147.0,510.4856173432377,9.03024484169627,2.216829221972729,2.504978486461585
148.0,518.9340941007612,8.798000098950158,2.216829221972729,2.504978486461585
149.0,526.5751896811832,8.336158001390933,2.216829221972729,2.504978486461585
150.0,534.1796701871979,8.044068668356449,2.216829221972729,2.504978486461585
151.0,537.2902938358989,6.074612624594515,2.216829221972729,2.504978486461585
152.0,547.5674676252742,7.752296160598532,2.216829221972729,2.504978486461585
153.0,555.9309247587003,7.996274692202955,2.216829221972729,2.504978486461585
154.0,563.6429258278638,7.882791233332628,2.216829221972729,2.504978486461585
155.0,571.143052231797,7.730029510440544,2.216829221972729,2.504978486461585
156.0,577.959034400795,7.365137218397851,2.216829221972729,2.504978486461585
157.0,585.0615221978856,7.260286249526561,2.216829221972729,2.504978486461585
158.0,588.480203646846,5.726698308021893,2.216829221972729,2.504978486461585
159.0,593.7662343020478,5.5507815665401665,2.216829221972729,2.504978486461585
160.0,598.5236277659606,5.234057048978279,2.216829221972729,2.504978486461585
161.0,601.4230199649494,4.3020471085307594,2.216829221972729,2.504978486461585
162.0,609.2895420652898,5.725003437726444,2.216829221972729,2.504978486461585
163.0,615.8072243030292,6.041444798120236,2.216829221972729,2.504978486461585
164.0,623.3617486407577,6.6454737539718876,2.216829221972729,2.504978486461585
165.0,629.2718129487632,6.351894607507756,2.216829221972729,2.504978486461585
166.0,636.3464991250612,6.64043663399482,2.216829221972729,2.504978486461585
167.0,642.5857739567705,6.480290826574262,2.216829221972729,2.504978486461585
168.0,647.4276198069297,5.8262153583535845,2.216829221972729,2.504978486461585
169.0,650.7105236103297,4.810912604777402,2.216829221972729,2.504978486461585
170.0,655.0691860720532,4.630372074989154,2.216829221972729,2.504978486461585
171.0,659.9477106016756,4.729435781912936,2.216829221972729,2.504978486461585
172.0,665.9600925785481,5.241594350097666,2.216829221972729,2.504978486461585
173.0,671.1553317716334,5.223089138470913,2.216829221972729,2.504978486461585
174.0,677.9947079744862,5.868319056858344,2.216829221972729,2.504978486461585
175.0,683.0324685073065,5.53675592027773,2.216829221972729,2.504978486461585
176.0,689.8557044900354,6.050325226123698,2.216829221972729,2.504978486461585
177.0,693.6510132944111,5.150111338485343,2.216829221972729,2.504978486461585
178.0,700.6488424643854,5.887729582105071,2.216829221972729,2.504978486461585
179.0,708.0714705136229,6.500468763470448,2.216829221972729,2.504978486461585
180.0,717.3817192174753,7.622147035586438,2.216829221972729,2.504978486461585
181.0,727.5493855615504,8.638331135468416,2.216829221972729,2.504978486461585
182.0,736.9135309889173,8.928079848210363,2.216829221972729,2.504978486461585
183.0,743.9237948844269,8.16247808234063,2.216829221972729,2.504978486461585
184.0,753.751997213287,8.827443572272829,2.216829221972729,2.504978486461585
185.0,766.1363748411682,10.247389521841718,2.216829221972729,2.504978486461585
186.0,779.3691988571265,11.439189974520986,2.216829221972729,2.504978486461585
187.0,794.680795129319,12.985074028456081,2.216829221972729,2.504978486461585
188.0,810.7787041127739,14.227733385341732,2.216829221972729,2.504978486461585
189.0,825.1517091187823,14.285726546341623,2.216829221972729,2.504978486461585
190.0,839.3772285839207,14.261691576968184,2.216829221972729,2.504978486461585
191.0,856.0819717723497,15.23697005726835,2.216829221972729,2.504978486461585
192.0,875.1666857670162,16.773008773047284,2.216829221972729,2.504978486461585
193.0,890.3503479602101,16.138533631466952,2.216829221972729,2.504978486461585
194.0,912.1508039281035,18.398801480882348,2.216829221972729,2.504978486461585
195.0,930.5817400585962,18.411629794492267,2.216829221972729,2.504978486461585
196.0,947.539986946707,17.831432034616736,2.216829221972729,2.504978486461585
197.0,964.6886854568451,17.558881380721477,2.216829221972729,2.504978486461585
198.0,982.0092963103971,17.463762588900604,2.216829221972729,2.504978486461585
199.0,1000.7988012537007,17.993005598997556,2.216829221972729,2.504978486461585
200.0,1017.0216905650019,17.28636628162888,2.216829221972729,2.504978486461585
201.0,1030.6980104958373,15.84521763691823,2.216829221972729,2.504978486461585
202.0,1048.4800220667657,16.6183955082963,2.216829221972729,2.504978486461585
203.0,1064.869332731825,16.526943687661817,2.216829221972729,2.504978486461585
204.0,1082.3406135130974,16.90392780098437,2.216829221972729,2.504978486461585
205.0,1094.931290055406,15.182056223249397,2.216829221972729,2.504978486461585
206.0,1108.0185326280643,14.34579608691982,2.216829221972729,2.504978486461585
207.0,1121.6366629568847,14.055308259566337,2.216829221972729,2.504978486461585
208.0,1136.2694096411155,14.285824580478968,2.216829221972729,2.504978486461585
209.0,1151.8680409844796,14.80990363743706,2.216829221972729,2.504978486461585
210.0,1167.1612115148364,15.002826209639407,2.216829221972729,2.504978486461585
211.0,1181.4499888767077,14.717774321318947,2.216829221972729,2.504978486461585
212.0,1199.6294500682184,16.099697115826224,2.216829221972729,2.504978486461585
213.0,1216.2578967410918,16.310776596111097,2.216829221972729,2.504978486461585
214.0,1233.6293842502146,16.734217722948838,2.216829221972729,2.504978486461585
215.0,1244.5380563085782,14.408630618680279,2.216829221972729,2.504978486461585
216.0,1259.7134102880382,14.714710437298896,2.216829221972729,2.504978486461585
217.0,1272.6432405994965,14.00217732155078,2.216829221972729,2.504978486461585
218.0,1288.062253344418,14.567785142547258,2.216829221972729,2.504978486461585
219.0,1304.3543485529674,15.25613838602674,2.216829221972729,2.504978486461585
220.0,1319.6545394163913,15.27372435637947,2.216829221972729,2.504978486461585
221.0,1333.9136321472347,14.868678312663025,2.216829221972729,2.504978486461585
222.0,1349.5078355314035,15.158311567170863,2.216829221972729,2.504978486461585
223.0,1364.272669058667,15.00123315630466,2.216829221972729,2.504978486461585
224.0,1377.965435351709,14.478886609085052,2.216829221972729,2.504978486461585
225.0,1392.9195759381223,14.668610385116208,2.216829221972729,2.504978486461585
226.0,1406.0504877930355,14.05475340450195,2.216829221972729,2.504978486461585
227.0,1419.7711887857577,13.921398003014419,2.216829221972729,2.504978486461585
228.0,1432.5350560611016,13.459305919618703,2.216829221972729,2.504978486461585
229.0,1443.434191235172,12.437272892435029,2.216829221972729,2.504978486461585
230.0,1457.5913445123667,13.123857784902173,2.216829221972729,2.504978486461585
231.0,1469.3126237109861,12.563941364915644,2.216829221972729,2.504978486461585
232.0,1484.8985158400776,13.770319296106816,2.216829221972729,2.504978486461585
233.0,1496.516826999186,12.911226833385339,2.216829221972729,2.504978486461585
234.0,1505.5121508201305,11.347978672331395,2.216829221972729,2.504978486461585
235.0,1519.8232287125427,12.530862771374604,2.216829221972729,2.504978486461585
236.0,1535.0249816899177,13.59709556356646,2.216829221972729,2.504978486461585
237.0,1547.8612103326384,13.293353665199733,2.216829221972729,2.504978486461585
238.0,1556.3307673596778,11.367669806343843,2.216829221972729,2.504978486461585
239.0,1571.8872786922675,13.03987639369975,2.216829221972729,2.504978486461585
240.0,1582.748050762808,12.169966997297056,2.216829221972729,2.504978486461585
241.0,1598.8091658435017,13.723332866276307,2.216829221972729,2.504978486461585
242.0,1614.5584032714858,14.53208414803665,2.216829221972729,2.504978486461585
243.0,1628.6048453190592,14.3382133810469,2.216829221972729,2.504978486461585
244.0,1648.5294274321648,16.568319851921082,2.216829221972729,2.504978486461585
245.0,1667.3355028385197,17.46164311458696,2.216829221972729,2.504978486461585
246.0,1687.5205051941307,18.548821809231555,2.216829221972729,2.504978486461585
247.0,1707.969050369938,19.307200923799964,2.216829221972729,2.504978486461585
248.0,1725.4121745362206,18.563052114701666,2.216829221972729,2.504978486461585
249.0,1739.119272363589,16.624530760694963,2.216829221972729,2.504978486461585
250.0,1754.7108757766794,16.2121809727877,2.216829221972729,2.504978486461585
251.0,1767.5168778904017,14.852417255264964,2.216829221972729,2.504978486461585
252.0,1786.1926941567342,16.378737354112683,2.216829221972729,2.504978486461585
253.0,1808.1731089191235,18.614955125463382,2.216829221972729,2.504978486461585
254.0,1829.526365681915,19.708098899802145,2.216829221972729,2.504978486461585
255.0,1850.5267204639708,20.223973941938414,2.216829221972729,2.504978486461585
256.0,1868.432721606078,19.29862755179626,2.216829221972729,2.504978486461585
257.0,1883.6373844569716,17.664296269899413,2.216829221972729,2.504978486461585
258.0,1902.6713312678037,18.211067648709662,2.216829221972729,2.504978486461585
259.0,1919.0333707912257,17.472926329220993,2.216829221972729,2.504978486461585
260.0,1937.348805021753,17.809259717255863,2.216829221972729,2.504978486461585
261.0,1955.9978780701601,18.144517419344023,2.216829221972729,2.504978486461585
262.0,1974.419234182914,18.25503281694363,2.216829221972729,2.504978486461585
263.0,1990.3403995480576,17.323341201860444,2.216829221972729,2.504978486461585
264.0,2003.1425006843021,15.518439447194195,2.216829221972729,2.504978486461585
265.0,2021.5317183947318,16.664468556326618,2.216829221972729,2.504978486461585
266.0,2038.5839324636902,16.81925851349683,2.216829221972729,2.504978486461585
267.0,2051.3551600043174,15.20326420666043,2.216829221972729,2.504978486461585
268.0,2065.1520901127255,14.641848567423146,2.216829221972729,2.504978486461585
269.0,2080.518385350279,14.93105131868266,2.216829221972729,2.504978486461585
270.0,2092.762587658779,13.858447691663834,2.216829221972729,2.504978486461585
271.0,2108.9752569521875,14.798264785690026,2.216829221972729,2.504978486461585
272.0,2123.7266132176023,14.77953866866794,2.216829221972729,2.504978486461585
273.0,2137.8024980935024,14.498636538541472,2.216829221972729,2.504978486461585
274.0,2146.264098899254,12.08862153624981,2.216829221972729,2.504978486461585
275.0,2153.5667266653472,10.17802877227088,2.216829221972729,2.504978486461585
276.0,2162.7192105187046,9.768626086995809,2.216829221972729,2.504978486461585
277.0,2169.8179592699876,8.702797637712695,2.216829221972729,2.504978486461585
278.0,2178.300221094561,8.614758632854533,2.216829221972729,2.504978486461585
279.0,2187.953275832708,9.029251655810413,2.216829221972729,2.504978486461585
280.0,2201.5178887646684,10.83979066868472,2.216829221972729,2.504978486461585
281.0,2211.8937817641745,10.654600387935474,2.216829221972729,2.504978486461585
282.0,2219.0678804644235,9.265166623734755,2.216829221972729,2.504978486461585
283.0,2223.88989312204,7.491437232391946,2.216829221972729,2.504978486461585
284.0,2235.5815127427345,9.16817114887171,2.216829221972729,2.504978486461585
285.0,2247.77939647938,10.37764763904838,2.216829221972729,2.504978486461585
286.0,2260.562753935992,11.338019087571968,2.216829221972729,2.504978486461585
287.0,2271.763609806483,11.283262842030444,2.216829221972729,2.504978486461585
288.0,2280.250821496434,10.167065171195688,2.216829221972729,2.504978486461585
289.0,2288.280196739923,9.313688609576458,2.216829221972729,2.504978486461585
290.0,2297.60753770342,9.319138697868341,2.216829221972729,2.504978486461585
291.0,2307.256283133873,9.45071936188041,2.216829221972729,2.504978486461585
292.0,2318.49988015266,10.166445132219927,2.216829221972729,2.504978486461585
293.0,2325.1826253073177,8.775734594628474,2.216829221972729,2.504978486461585
294.0,2329.0092507795566,6.800025362338603,2.216829221972729,2.504978486461585
295.0,2334.7548692045016,6.379100814246665,2.216829221972729,2.504978486461585
296.0,2340.3763250886873,6.0766451507926815,2.216829221972729,2.504978486461585
297.0,2346.200844473759,5.975995278115778,2.216829221972729,2.504978486461585
298.0,2354.6236515860633,6.9527748582249895,2.216829221972729,2.504978486461585
299.0,2358.3432950802344,5.662092570321998,2.216829221972729,2.504978486461585
300.0,2365.817764796292,6.385602634592435,2.216829221972729,2.504978486461585
301.0,2372.682183212757,6.57674830089673,2.216829221972729,2.504978486461585
302.0,2375.384975389336,5.030245548376086,2.216829221972729,2.504978486461585
303.0,2381.90135702882,5.623518544188092,2.216829221972729,2.504978486461585
304.0,2380.0762615999415,2.649994414809895,2.216829221972729,2.504978486461585
305.0,2383.711790339284,3.0434246697439096,2.216829221972729,2.504978486461585
306.0,2386.288353207213,2.8570510923505372,2.216829221972729,2.504978486461585
307.0,2391.8191516501324,3.92442447101219,2.216829221972729,2.504978486461585
308.0,2396.196134156321,4.105087912883088,2.216829221972729,2.504978486461585
309.0,2398.455375383977,3.3682166402540457,2.216829221972729,2.504978486461585
310.0,2398.5113740836414,2.0459625935663333,2.216829221972729,2.504978486461585
311.0,2404.1874100428777,3.4951061232569587,2.216829221972729,2.504978486461585
312.0,2408.4987336915287,3.8209442611114346,2.216829221972729,2.504978486461585
313.0,2411.1620025498414,3.35879442267745,2.216829221972729,2.504978486461585
314.0,2414.65373224706,3.411862852310516,2.216829221972729,2.504978486461585
315.0,2418.1092270212052,3.4292809347693387,2.216829221972729,2.504978486461585
316.0,2424.293165027576,4.5289538806604694,2.216829221972729,2.504978486461585
317.0,2427.0760896698207,3.831930234408752,2.216829221972729,2.504978486461585
318.0,2428.251864482364,2.771579642089816,2.216829221972729,2.504978486461585
319.0,2430.7117521076575,2.647150622646858,2.216829221972729,2.504978486461585
320.0,2433.650922781498,2.76372649456433,2.216829221972729,2.504978486461585
321.0,2435.956822147298,2.5809596040546845,2.216829221972729,2.504978486461585
322.0,2436.955342868174,1.9492420496998182,2.216829221972729,2.504978486461585
323.0,2440.6226133565315,2.6350876359764386,2.216829221972729,2.504978486461585
324.0,2446.3432139353913,3.8668399083250478,2.216829221972729,2.504978486461585
325.0,2445.509700710067,1.9904353168075626,2.216829221972729,2.504978486461585
326.0,2449.6845816873492,2.8624770019079833,2.216829221972729,2.504978486461585
327.0,2453.4252257522694,3.213045706493101,2.216829221972729,2.504978486461585
328.0,2453.847950546594,2.09913557622672,2.216829221972729,2.504978486461585
329.0,2458.7452181030344,3.216163924109371,2.216829221972729,2.504978486461585
330.0,2460.4264241576475,2.6034010290217995,2.216829221972729,2.504978486461585
331.0,2464.829204773034,3.3217224022747938,2.216829221972729,2.504978486461585
332.0,2468.3905367540488,3.4173757502118876,2.216829221972729,2.504978486461585
333.0,2473.7934920330977,4.210029076205954,2.216829221972729,2.504978486461585
334.0,2473.002206854729,2.2134792928027975,2.216829221972729,2.504978486461585
335.0,2470.309268609484,0.25481275551925675,2.216829221972729,2.504978486461585
336.0,2477.5698316776025,3.0515434861273376,2.216829221972729,2.504978486461585
337.0,2479.6179413555337,2.650967667365247,2.216829221972729,2.504978486461585
338.0,2481.7468090964535,2.442542753032714,2.216829221972729,2.504978486461585
339.0,2486.462008343724,3.3497986462552403,2.216829221972729,2.504978486461585
340.0,2492.3963809022116,4.381573540211868,2.216829221972729,2.504978486461585
341.0,2499.6007681523474,5.50845495862734,2.216829221972729,2.504978486461585
342.0,2504.679431719861,5.336880075474995,2.216829221972729,2.504978486461585
343.0,2506.0198819275174,3.741485189084588,2.216829221972729,2.504978486461585
344.0,2509.252022682756,3.5381523314977916,2.216829221972729,2.504978486461585
345.0,2514.5096002344994,4.224555520003701,2.216829221972729,2.504978486461585
346.0,2519.079299008042,4.362338441256049,2.216829221972729,2.504978486461585
347.0,2527.9756254465633,6.172329234298438,2.216829221972729,2.504978486461585
348.0,2533.8686930589847,6.060846591478846,2.216829221972729,2.504978486461585
349.0,2536.7047590992697,4.7734979900347625,2.216829221972729,2.504978486461585
350.0,2542.657728491353,5.2443489009000475,2.216829221972729,2.504978486461585
351.0,2545.941917996281,4.461843419688989,2.216829221972729,2.504978486461585
352.0,2551.327341821273,4.830541358731013,2.216829221972729,2.504978486461585
353.0,2559.216133102737,6.0514100964314395,2.216829221972729,2.504978486461585
354.0,2565.7147312879165,6.229929828702537,2.216829221972729,2.504978486461585
355.0,2572.913235223233,6.616589479413593,2.216829221972729,2.504978486461585
356.0,2578.35326679165,6.146901648817262,2.216829221972729,2.504978486461585
357.0,2580.168325169777,4.417608046455946,2.216829221972729,2.504978486461585
358.0,2580.732448813819,2.87927770819546,2.216829221972729,2.504978486461585
359.0,2584.6362318077136,3.288265366667006,2.216829221972729,2.504978486461585
360.0,2588.7284425135285,3.6092043861008314,2.216829221972729,2.504978486461585
361.0,2594.7159024972684,4.558615972065661,2.216829221972729,2.504978486461585
362.0,2594.54738643577,2.6715211091308277,2.216829221972729,2.504978486461585
363.0,2596.114866782971,2.230782488860544,2.216829221972729,2.504978486461585
364.0,2596.5162931112586,1.500494316542813,2.216829221972729,2.504978486461585
365.0,2597.393853668314,1.2518160293423621,2.216829221972729,2.504978486461585
366.0,2601.434262100182,2.3650361298728555,2.216829221972729,2.504978486461585
367.0,2605.666198368549,3.110312046845417,2.216829221972729,2.504978486461585
368.0,2607.908818636195,2.7639251281995816,2.216829221972729,2.504978486461585
369.0,2610.3131117985467,2.6203582401838257,2.216829221972729,2.504978486461585
370.0,2608.13360124273,0.7042264961620377,2.216829221972729,2.504978486461585
371.0,2610.956166537402,1.5498779897612351,2.216829221972729,2.504978486461585
372.0,2606.4613631793695,-0.8631891804611858,2.216829221972729,2.504978486461585
373.0,2605.6498955210463,-0.8425416889088856,2.216829221972729,2.504978486461585
374.0,2605.0213930894947,-0.7570961417658754,2.216829221972729,2.504978486461585
375.0,2601.2935906131484,-1.9430170391452144,2.216829221972729,2.504978486461585
376.0,2601.907046879129,-0.9224600487587111,2.216829221972729,2.504978486461585
377.0,2602.8930191659574,-0.16060426999606114,2.216829221972729,2.504978486461585
378.0,2599.828324377064,-1.3199317989920196,2.216829221972729,2.504978486461585
379.0,2601.1624820284524,-0.26040595287207324,2.216829221972729,2.504978486461585
380.0,2602.08692507261,0.21259172093362005,2.216829221972729,2.504978486461585
381.0,2606.0237660540324,1.6993307410956575,2.216829221972729,2.504978486461585
382.0,2612.4838818177686,3.599860046385319,2.216829221972729,2.504978486461585
383.0,2617.5564580291334,4.187775740248161,2.216829221972729,2.504978486461585
384.0,2618.568667782728,2.920073840285328,2.216829221972729,2.504978486461585
385.0,2619.176942995393,1.997192210716589,2.216829221972729,2.504978486461585
386.0,2616.238737030815,0.026956457408560786,2.216829221972729,2.504978486461585
387.0,2615.0126640995527,-0.4732591713656039,2.216829221972729,2.504978486461585
388.0,2610.634015237916,-2.032310361376992,2.216829221972729,2.504978486461585
389.0,2609.532827433091,-1.6606015576551147,2.216829221972729,2.504978486461585
390.0,2607.5858583483982,-1.7749209135240538,2.216829221972729,2.504978486461585
391.0,2608.639255761425,-0.6458420244889953,2.216829221972729,2.504978486461585
392.0,2602.3999996582834,-2.878761033128385,2.216829221972729,2.504978486461585
393.0,2597.0104173566915,-3.8810935010651892,2.216829221972729,2.504978486461585
394.0,2590.5779105464876,-4.899630515625677,2.216829221972729,2.504978486461585
395.0,2589.849321419964,-3.234529832468189,2.216829221972729,2.504978486461585
396.0,2590.020772947116,-1.8748449577166497,2.216829221972729,2.504978486461585
397.0,2585.652920350846,-2.8700661350747225,2.216829221972729,2.504978486461585
398.0,2581.2941686546746,-3.464356892118069,2.216829221972729,2.504978486461585
399.0,2581.3454904474575,-2.0608802938552855,2.216829221972729,2.504978486461585
400.0,2581.5547090911136,-1.1546453901303269,2.216829221972729,2.504978486461585
401.0,2584.1430928830937,0.3395906691174122,2.216829221972729,2.504978486461585
402.0,2585.4807150847887,0.7380098723046703,2.216829221972729,2.504978486461585
403.0,2588.2082256170693,1.532228533554083,2.216829221972729,2.504978486461585
404.0,2589.7024005142416,1.5170373306805691,2.216829221972729,2.504978486461585
405.0,2588.748349683803,0.530566518865519,2.216829221972729,2.504978486461585
406.0,2590.975982440005,1.208043889033703,2.216829221972729,2.504978486461585
407.0,2593.790441338546,1.8493328335053891,2.216829221972729,2.504978486461585
408.0,2597.839931312852,2.727646620506791,2.216829221972729,2.504978486461585
409.0,2599.205038936901,2.1837142059884327,2.216829221972729,2.504978486461585
410.0,2599.3235318787342,1.3592674990338978,2.216829221972729,2.504978486461585
411.0,2601.062428023591,1.5108171621845818,2.216829221972729,2.504978486461585
412.0,2601.165346070011,0.9487767600917769,2.216829221972729,2.504978486461585
413.0,2597.5800523304697,-0.861246968310657,2.216829221972729,2.504978486461585
414.0,2594.8121357804193,-1.6223990468791487,2.216829221972729,2.504978486461585
415.0,2593.4324705363847,-1.5254984929796154,2.216829221972729,2.504978486461585
416.0,2593.661251868515,-0.8251811710580061,2.216829221972729,2.504978486461585
417.0,2595.2348565782213,0.13242620710061237,2.216829221972729,2.504978486461585
418.0,2593.011881582054,-0.8078617897817103,2.216829221972729,2.504978486461585
419.0,2593.5864124670984,-0.2560036870884256,2.216829221972729,2.504978486461585
420.0,2590.121239916587,-1.537120024321187,2.216829221972729,2.504978486461585
421.0,2591.591487306044,-0.3365638398939832,2.216829221972729,2.504978486461585
422.0,2592.5624622254827,0.18541220357282073,2.216829221972729,2.504978486461585
423.0,2596.138840282764,1.5391028129074025,2.216829221972729,2.504978486461585
424.0,2595.4665855306166,0.6563177602588003,2.216829221972729,2.504978486461585
425.0,2593.0285995580334,-0.5789438396173537,2.216829221972729,2.504978486461585
426.0,2594.661696269763,0.30411386459133694,2.216829221972729,2.504978486461585
427.0,2591.6656701431443,-1.013318604009144,2.216829221972729,2.504978486461585
428.0,2590.5500386215676,-1.0541624348525929,2.216829221972729,2.504978486461585
429.0,2594.0033297940795,0.745235696398995,2.216829221972729,2.504978486461585
430.0,2597.182057967564,1.7166981222193263,2.216829221972729,2.504978486461585
431.0,2598.2230551387797,1.4469549069958292,2.216829221972729,2.504978486461585
432.0,2597.478811636064,0.5722174904655604,2.216829221972729,2.504978486461585
433.0,2595.443476080076,-0.4687307893485402,2.216829221972729,2.504978486461585
434.0,2590.931002806665,-2.083013109902148,2.216829221972729,2.504978486461585
435.0,2584.860461298775,-3.6748544848036127,2.216829221972729,2.504978486461585
436.0,2582.457735461511,-3.1670143359100376,2.216829221972729,2.504978486461585
437.0,2579.340561180256,-3.147117935631833,2.216829221972729,2.504978486461585
438.0,2575.6500678140815,-3.364036138115117,2.216829221972729,2.504978486461585
439.0,2571.4666128700096,-3.691152243257499,2.216829221972729,2.504978486461585
440.0,2570.6084324570566,-2.5602156521387944,2.216829221972729,2.504978486461585
441.0,2567.911394723028,-2.6148357147977053,2.216829221972729,2.504978486461585
442.0,2566.465537489118,-2.1481736307895156,2.216829221972729,2.504978486461585
443.0,2561.8152154325476,-3.147043856344,2.216829221972729,2.504978486461585
444.0,2558.8994156375184,-3.054730065002197,2.216829221972729,2.504978486461585
445.0,2556.3604589342413,-2.848830747098843,2.216829221972729,2.504978486461585
446.0,2553.8158829821227,-2.727370703978842,2.216829221972729,2.504978486461585
447.0,2546.480174255822,-4.5670424006532455,2.216829221972729,2.504978486461585
448.0,2542.0010538936026,-4.5319434810780574,2.216829221972729,2.504978486461585
449.0,2537.4931299952027,-4.522354742967885,2.216829221972729,2.504978486461585
450.0,2534.4499330425515,-3.9318675198996162,2.216829221972729,2.504978486461585
451.0,2529.2047213610044,-4.456161109144235,2.216829221972729,2.504978486461585
452.0,2520.6092657589033,-6.108588271823573,2.216829221972729,2.504978486461585
453.0,2513.5126103161615,-6.503029651762912,2.216829221972729,2.504978486461585
454.0,2508.1850260458987,-6.033785948532297,2.216829221972729,2.504978486461585
455.0,2504.945612496437,-4.918258444334908,2.216829221972729,2.504978486461585
456.0,2501.0434487326584,-4.512628341702351,2.216829221972729,2.504978486461585
457.0,2497.528910954945,-4.1141855728788554,2.216829221972729,2.504978486461585
458.0,2491.6663687138275,-4.812138340811933,2.216829221972729,2.504978486461585
459.0,2482.0892116690256,-6.714357752971766,2.216829221972729,2.504978486461585
460.0,2473.1716198491504,-7.5938998643355395,2.216829221972729,2.504978486461585
461.0,2466.331569826208,-7.292959219348866,2.216829221972729,2.504978486461585
462.0,2458.219211116457,-7.620067613624771,2.216829221972729,2.504978486461585
463.0,2450.5336304903312,-7.6462207374357885,2.216829221972729,2.504978486461585
464.0,2444.5008890016597,-7.002111713152994,2.216829221972729,2.504978486461585
465.0,2438.800118737066,-6.482609667290184,2.216829221972729,2.504978486461585
466.0,2430.7107030156453,-7.1240547187407195,2.216829221972729,2.504978486461585
467.0,2425.9450422733667,-6.182571991759972,2.216829221972729,2.504978486461585
468.0,2416.344598940393,-7.547003406914113,2.216829221972729,2.504978486461585
469.0,2406.8286801897593,-8.333004306467194,2.216829221972729,2.504978486461585
470.0,2396.945533690552,-8.951828859699074,2.216829221972729,2.504978486461585
471.0,2383.2759025452706,-10.835199240355038,2.216829221972729,2.504978486461585
472.0,2370.237813095055,-11.714604082259445,2.216829221972729,2.504978486461585
473.0,2357.7968519738524,-12.004569462349076,2.216829221972729,2.504978486461585
474.0,2349.1679474152343,-10.656987069136827,2.216829221972729,2.504978486461585
475.0,2342.2828566186504,-9.151227122319542,2.216829221972729,2.504978486461585
476.0,2331.134820105244,-9.9483634657567,2.216829221972729,2.504978486461585
477.0,2320.399902641003,-10.262359774601439,2.216829221972729,2.504978486461585
478.0,2311.91834132729,-9.551456080013663,2.216829221972729,2.504978486461585
479.0,2302.140173619743,-9.641960501013001,2.216829221972729,2.504978486461585
480.0,2291.1419138691613,-10.183401977216969,2.216829221972729,2.504978486461585
481.0,2280.0920384929323,-10.529302512369352,2.216829221972729,2.504978486461585
482.0,2266.8681010862365,-11.605014303464518,2.216829221972729,2.504978486461585
483.0,2256.4818664337795,-11.118471342079967,2.216829221972729,2.504978486461585
484.0,2246.403559697269,-10.703232404424021,2.216829221972729,2.504978486461585
485.0,2238.332706374026,-9.65237344678892,2.216829221972729,2.504978486461585
486.0,2233.3173559710326,-7.801250545392205,2.216829221972729,2.504978486461585
487.0,2226.086216030786,-7.573659526855779,2.216829221972729,2.504978486461585
488.0,2222.0544872325318,-6.1597029808239165,2.216829221972729,2.504978486461585
489.0,2218.747053412166,-5.021062798533424,2.216829221972729,2.504978486461585
490.0,2214.339255431222,-4.776244401527586,2.216829221972729,2.504978486461585
491.0,2214.382620756328,-2.852231978793748,2.216829221972729,2.504978486461585
492.0,2212.17934238017,-2.5931664394513603,2.216829221972729,2.504978486461585
493.0,2209.6714443647793,-2.5591268560690437,2.216829221972729,2.504978486461585
494.0,2205.8676425008834,-3.0560073740270166,2.216829221972729,2.504978486461585
495.0,2205.289664949226,-2.0667654161569766,2.216829221972729,2.504978486461585
496.0,2202.5212834189106,-2.346854094742496,2.216829221972729,2.504978486461585
497.0,2198.638432748006,-2.9600316467508954,2.216829221972729,2.504978486461585
498.0,2195.2195998955503,-3.143187393670189,2.216829221972729,2.504978486461585
499.0,2193.2987568093154,-2.6552214035262747,2.216829221972729,2.504978486461585
500.0,2194.258412364249,-1.212144355959868,2.216829221972729,2.504978486461585
501.0,2195.1254553821072,-0.3821223078444408,2.216829221972729,2.504978486461585
502.0,2192.7073783527035,-1.1948856639223109,2.216829221972729,2.504978486461585
503.0,2190.719746305897,-1.51135400373785,2.216829221972729,2.504978486461585
504.0,2187.3216933250733,-2.2645337165708392,2.216829221972729,2.504978486461585
505.0,2185.104258104356,-2.245731760343222,2.216829221972729,2.504978486461585
506.0,2181.349772533725,-2.8480338633121787,2.216829221972729,2.504978486461585
507.0,2177.858862578694,-3.104673229755413,2.216829221972729,2.504978486461585
508.0,2175.953684665022,-2.625828671781531,2.216829221972729,2.504978486461585
509.0,2176.67104439814,-1.2912110601060631,2.216829221972729,2.504978486461585
510.0,2176.455241593564,-0.8619026802767502,2.216829221972729,2.504978486461585
511.0,2175.5503198982783,-0.8790760872507739,2.216829221972729,2.504978486461585
512.0,2178.6900697135525,0.7252594087404958,2.216829221972729,2.504978486461585
513.0,2177.573958201251,-0.009825116333694317,2.216829221972729,2.504978486461585
514.0,2174.5818948433243,-1.200349608943466,2.216829221972729,2.504978486461585
515.0,2172.957337479628,-1.369695476401228,2.216829221972729,2.504978486461585
516.0,2173.711932430041,-0.5216680628745252,2.216829221972729,2.504978486461585
517.0,2174.034059170164,-0.18482093721750642,2.216829221972729,2.504978486461585
518.0,2173.0548044514285,-0.5019628950473053,2.216829221972729,2.504978486461585
519.0,2176.0870682377704,0.908918156622505,2.216829221972729,2.504978486461585
520.0,2177.8590030713303,1.2534387509517397,2.216829221972729,2.504978486461585
521.0,2178.594977605322,1.046864435141623,2.216829221972729,2.504978486461585
522.0,2175.4628603074784,-0.6214060731965185,2.216829221972729,2.504978486461585
523.0,2176.2615479500105,-0.054497525516921774,2.216829221972729,2.504978486461585
524.0,2176.4923888919743,0.059411024605565854,2.216829221972729,2.504978486461585
525.0,2177.823474432892,0.5670698820308862,2.216829221972729,2.504978486461585
526.0,2175.845781139804,-0.44881236561004934,2.216829221972729,2.504978486461585
527.0,2177.625198595815,0.44070817664781103,2.216829221972729,2.504978486461585
528.0,2173.919483304806,-1.2145649085568966,2.216829221972729,2.504978486461585
529.0,2174.274381889578,-0.5880271950350668,2.216829221972729,2.504978486461585
530.0,2170.217650889404,-1.972751185235268,2.216829221972729,2.504978486461585
531.0,2168.2612288375126,-1.966232513146089,2.216829221972729,2.504978486461585
532.0,2164.4413402921996,-2.7062213163174134,2.216829221972729,2.504978486461585
533.0,2160.9394115111972,-3.023871734868073,2.216829221972729,2.504978486461585
534.0,2155.2294567317504,-4.096169584568634,2.216829221972729,2.504978486461585
535.0,2149.3586511816625,-4.804613180036856,2.216829221972729,2.504978486461585
536.0,2147.2041930370965,-3.746657972120237,2.216829221972729,2.504978486461585
537.0,2141.773510575154,-4.418929011142495,2.216829221972729,2.504978486461585
538.0,2135.3720922794864,-5.210348696077738,2.216829221972729,2.504978486461585
539.0,2130.3822978940793,-5.1223023069120615,2.216829221972729,2.504978486461585
540.0,2125.6127834374765,-4.9814676242128035,2.216829221972729,2.504978486461585
541.0,2118.6472296605857,-5.773524786939517,2.216829221972729,2.504978486461585
542.0,2112.425621435436,-5.952401947215244,2.216829221972729,2.504978486461585
543.0,2107.468639916707,-5.5550251099026,2.216829221972729,2.504978486461585
544.0,2102.294465959717,-5.402987415778441,2.216829221972729,2.504978486461585
545.0,2096.2977249874466,-5.640016819304568,2.216829221972729,2.504978486461585
546.0,2089.535792777859,-6.087891081038297,2.216829221972729,2.504978486461585
547.0,2083.4185672179374,-6.0996015524224,2.216829221972729,2.504978486461585
548.0,2076.93266608059,-6.253814287985835,2.216829221972729,2.504978486461585
549.0,2072.3566335975147,-5.584035360151402,2.216829221972729,2.504978486461585
550.0,2066.5860213569285,-5.658517788420876,2.216829221972729,2.504978486461585
551.0,2060.6733182251155,-5.759989854854258,2.216829221972729,2.504978486461585
552.0,2052.8690473957795,-6.5760770929404515,2.216829221972729,2.504978486461585
553.0,2047.253846583181,-6.192490453160859,2.216829221972729,2.504978486461585
554.0,2039.477066639925,-6.824946779096502,2.216829221972729,2.504978486461585
555.0,2038.6775586201366,-4.419561346896854,2.216829221972729,2.504978486461585
556.0,2033.7369471669185,-4.627567167760034,2.216829221972729,2.504978486461585
557.0,2025.9550015849131,-5.886810882344229,2.216829221972729,2.504978486461585
558.0,2023.154620963351,-4.654692412080788,2.216829221972729,2.504978486461585
559.0,2022.8968229819534,-2.899430059750565,2.216829221972729,2.504978486461585
560.0,2023.9044280555236,-1.3397220006048383,2.216829221972729,2.504978486461585
561.0,2022.679369508815,-1.2939477735941578,2.216829221972729,2.504978486461585
562.0,2022.3764540203738,-0.8983227051517573,2.216829221972729,2.504978486461585
563.0,2022.1205237008778,-0.6418764365998666,2.216829221972729,2.504978486461585
564.0,2026.4226499027566,1.3317942616512064,2.216829221972729,2.504978486461585
565.0,2031.4112337439083,2.7916030381593235,2.216829221972729,2.504978486461585
566.0,2034.163495293489,2.775897718216902,2.216829221972729,2.504978486461585
567.0,2038.0206996446775,3.2075607599618525,2.216829221972729,2.504978486461585
568.0,2040.944279336764,3.0941940905832337,2.216829221972729,2.504978486461585
569.0,2043.877334772151,3.029866729662918,2.216829221972729,2.504978486461585
570.0,2045.3503099080149,2.408347781610671,2.216829221972729,2.504978486461585
571.0,2046.844264720454,2.043317513241673,2.216829221972729,2.504978486461585
572.0,2043.4447282567155,-0.12949714620427732,2.216829221972729,2.504978486461585
573.0,2043.1202007721406,-0.2073542373628185,2.216829221972729,2.504978486461585
574.0,2045.4051947961093,0.7876037132949198,2.216829221972729,2.504978486461585
575.0,2046.6773499707201,0.9810390916563503,2.216829221972729,2.504978486461585
576.0,2045.9705239722596,0.30723486569624847,2.216829221972729,2.504978486461585
577.0,2047.7605944413672,0.8991902902340451,2.216829221972729,2.504978486461585
578.0,2044.6567917241125,-0.698824634494123,2.216829221972729,2.504978486461585
579.0,2046.870195226762,0.46375147259938976,2.216829221972729,2.504978486461585
580.0,2045.699914329595,-0.18856246087254813,2.216829221972729,2.504978486461585
581.0,2042.5066072212428,-1.3880716238131279,2.216829221972729,2.504978486461585
582.0,2044.3506505309272,-0.09779510009610615,2.216829221972729,2.504978486461585
583.0,2042.7040655978408,-0.7160797845198327,2.216829221972729,2.504978486461585
584.0,2039.5854171323363,-1.6751972755360363,2.216829221972729,2.504978486461585
585.0,2039.7189110836675,-0.9531586486007143,2.216829221972729,2.504978486461585
586.0,2036.4954677627675,-1.8594676985862781,2.216829221972729,2.504978486461585
587.0,2034.6775627233826,-1.8428756761693001,2.216829221972729,2.504978486461585
588.0,2030.9617859125651,-2.5905472209631797,2.216829221972729,2.504978486461585
589.0,2028.9227936994876,-2.370363690099925,2.216829221972729,2.504978486461585
590.0,2030.4766070587582,-0.8038124919242506,2.216829221972729,2.504978486461585
591.0,2035.4686495137266,1.5099219286374088,2.216829221972729,2.504978486461585
592.0,2033.6461824800608,0.17961550871670884,2.216829221972729,2.504978486461585
593.0,2036.5026751285322,1.248238314949258,2.216829221972729,2.504978486461585
594.0,2035.78537443214,0.4635852642486352,2.216829221972729,2.504978486461585
595.0,2035.390072357485,0.1207131224135794,2.216829221972729,2.504978486461585
596.0,2037.230028078706,0.8070434075235058,2.216829221972729,2.504978486461585
597.0,2036.682711488015,0.26637609020551456,2.216829221972729,2.504978486461585
598.0,2035.0240527880242,-0.5021074718691488,2.216829221972729,2.504978486461585
599.0,2032.4631025744072,-1.3240078406248015,2.216829221972729,2.504978486461585
600.0,2028.7151637694787,-2.291653262493324,2.216829221972729,2.504978486461585
601.0,2026.922883346952,-2.092301115293073,2.216829221972729,2.504978486461585
602.0,2024.8050296854065,-2.102501820165531,2.216829221972729,2.504978486461585
603.0,2023.2730175909257,-1.8747594548046567,2.216829221972729,2.504978486461585
604.0,2021.9812487997033,-1.6420266522144742,2.216829221972729,2.504978486461585
605.0,2024.4218280772768,-0.012229848827530754,2.216829221972729,2.504978486461585
606.0,2023.9350856040173,-0.20165767305699803,2.216829221972729,2.504978486461585
607.0,2022.3821041544286,-0.7411129154213526,2.216829221972729,2.504978486461585
608.0,2025.5317683117596,0.8121048442442688,2.216829221972729,2.504978486461585
609.0,2025.1270190532816,0.32633057141169386,2.216829221972729,2.504978486461585
610.0,2023.3814012061855,-0.5008016493662445,2.216829221972729,2.504978486461585
611.0,2021.5712328799711,-1.0235074066910044,2.216829221972729,2.504978486461585
612.0,2018.3488017599213,-1.9013288032591835,2.216829221972729,2.504978486461585
613.0,2019.7094288526262,-0.5991396173665002,2.216829221972729,2.504978486461585
614.0,2017.3567307956253,-1.299168958581108,2.216829221972729,2.504978486461585
615.0,2015.302625233548,-1.6005434444604099,2.216829221972729,2.504978486461585
616.0,2014.287097208951,-1.3670023489878644,2.216829221972729,2.504978486461585
617.0,2011.037365210488,-2.118597486291699,2.216829221972729,2.504978486461585
618.0,2008.7217966936473,-2.1972293115203128,2.216829221972729,2.504978486461585
619.0,2003.7422296054303,-3.307952533988747,2.216829221972729,2.504978486461585
620.0,1998.2824587976468,-4.166969202365135,2.216829221972729,2.504978486461585
621.0,1997.179306028642,-2.943878285649043,2.216829221972729,2.504978486461585
622.0,1989.6032085867266,-4.793083451003392,2.216829221972729,2.504978486461585
623.0,1984.231378795847,-5.024121898241221,2.216829221972729,2.504978486461585
624.0,1983.7053137705025,-3.228474990610284,2.216829221972729,2.504978486461585
625.0,1974.7229798730798,-5.525444380930304,2.216829221972729,2.504978486461585
626.0,1967.0276535839146,-6.39167214294994,2.216829221972729,2.504978486461585
627.0,1959.9044405057873,-6.683706960466679,2.216829221972729,2.504978486461585
628.0,1952.8678461804209,-6.824581369890572,2.216829221972729,2.504978486461585
629.0,1948.746722302536,-5.74534755346582,2.216829221972729,2.504978486461585
630.0,1945.4721670324132,-4.758994857545842,2.216829221972729,2.504978486461585
631.0,1937.4974144238379,-6.042741511822275,2.216829221972729,2.504978486461585
632.0,1932.9857763891428,-5.431517309537886,2.216829221972729,2.504978486461585
633.0,1926.230335857067,-5.9600341130526076,2.216829221972729,2.504978486461585
634.0,1920.1532585474379,-6.006758345300184,2.216829221972729,2.504978486461585
635.0,1915.203213967931,-5.584912899718726,2.216829221972729,2.504978486461585
636.0,1909.765866328145,-5.526004106397642,2.216829221972729,2.504978486461585
637.0,1897.0364188562648,-8.40165489717853,2.216829221972729,2.504978486461585
638.0,1886.189383142431,-9.377863207897152,2.216829221972729,2.504978486461585
639.0,1877.3884963282082,-9.147531332077582,2.216829221972729,2.504978486461585
640.0,1870.4714641484616,-8.257104861596599,2.216829221972729,2.504978486461585
641.0,1858.857650564883,-9.597119851794556,2.216829221972729,2.504978486461585
642.0,1848.5880095591149,-9.865593676064169,2.216829221972729,2.504978486461585
643.0,1838.1554357514158,-10.091934993843603,2.216829221972729,2.504978486461585
644.0,1827.3497842930592,-10.376854193098325,2.216829221972729,2.504978486461585
645.0,1815.0938030577877,-11.127011151463114,2.216829221972729,2.504978486461585
646.0,1809.4124709207986,-8.953068722853148,2.216829221972729,2.504978486461585
647.0,1798.4522581302135,-9.754330721141626,2.216829221972729,2.504978486461585
648.0,1785.681114216419,-10.958657707963107,2.216829221972729,2.504978486461585
649.0,1772.2712504745718,-11.937191474672819,2.216829221972729,2.504978486461585
650.0,1761.8323720869482,-11.339057360888189,2.216829221972729,2.504978486461585
651.0,1752.38767363296,-10.582819765580178,2.216829221972729,2.504978486461585
652.0,1742.1637657023225,-10.439540357440602,2.216829221972729,2.504978486461585
653.0,1731.3804944239348,-10.576759468424878,2.216829221972729,2.504978486461585
654.0,1724.8496059051809,-8.961627453704098,2.216829221972729,2.504978486461585
655.0,1718.096009908508,-8.080170200093068,2.216829221972729,2.504978486461585
656.0,1704.3958640967282,-10.323692706198543,2.216829221972729,2.504978486461585
657.0,1692.9603150735943,-10.767551335302368,2.216829221972729,2.504978486461585
658.0,1684.4510266377017,-9.86604143746697,2.216829221972729,2.504978486461585
659.0,1677.3783073878174,-8.75093318297321,2.216829221972729,2.504978486461585
660.0,1666.0046432029,-9.797940578892517,2.216829221972729,2.504978486461585
661.0,1657.0390668729058,-9.46565658787342,2.216829221972729,2.504978486461585
662.0,1646.8327555680369,-9.761329672891355,2.216829221972729,2.504978486461585
663.0,1636.6014852090593,-9.948932356357881,2.216829221972729,2.504978486461585
664.0,1625.7057253234198,-10.326910664115378,2.216829221972729,2.504978486461585
665.0,1616.0311283787328,-10.066503749264072,2.216829221972729,2.504978486461585
666.0,1608.259332859322,-9.15044469236781,2.216829221972729,2.504978486461585
667.0,1597.304036437024,-9.87095057283136,2.216829221972729,2.504978486461585
668.0,1585.3860140834204,-10.688151914813334,2.216829221972729,2.504978486461585
669.0,1577.59921752169,-9.529916277755584,2.216829221972729,2.504978486461585
670.0,1564.2763701524382,-11.04407343000079,2.216829221972729,2.504978486461585
671.0,1551.7940325959291,-11.618235696974958,2.216829221972729,2.504978486461585
672.0,1541.262741485909,-11.18432195566771,2.216829221972729,2.504978486461585
673.0,1532.5216482145681,-10.208972786989602,2.216829221972729,2.504978486461585
674.0,1521.5298235778814,-10.521491179434165,2.216829221972729,2.504978486461585
675.0,1510.696439080519,-10.646000559300669,2.216829221972729,2.504978486461585
676.0,1500.79072408654,-10.350474841486033,2.216829221972729,2.504978486461585
677.0,1490.3841641248246,-10.372864303324725,2.216829221972729,2.504978486461585
678.0,1480.9684047532412,-9.990783204858555,2.216829221972729,2.504978486461585
679.0,1469.8088048710194,-10.457380696086588,2.216829221972729,2.504978486461585
680.0,1462.9157725095988,-9.034474929059087,2.216829221972729,2.504978486461585
681.0,1452.336287626031,-9.65125066699809,2.216829221972729,2.504978486461585
682.0,1442.82164822081,-9.596714764787635,2.216829221972729,2.504978486461585
683.0,1434.3742244766966,-9.137912013831695,2.216829221972729,2.504978486461585
684.0,1422.838571761844,-10.095102150984456,2.216829221972729,2.504978486461585
685.0,1412.6984544115644,-10.113072444756718,2.216829221972729,2.504978486461585
686.0,1403.6384495187028,-9.69268258608667,2.216829221972729,2.504978486461585
687.0,1391.7855013283706,-10.555071471229168,2.216829221972729,2.504978486461585
688.0,1378.2661629610777,-11.73842171239265,2.216829221972729,2.504978486461585
689.0,1367.280606137622,-11.437874265376228,2.216829221972729,2.504978486461585
690.0,1355.1076250744864,-11.731332593155289,2.216829221972729,2.504978486461585
691.0,1344.8659625960624,-11.136648797353265,2.216829221972729,2.504978486461585
692.0,1332.102412598116,-11.786115932255225,2.216829221972729,2.504978486461585
693.0,1323.094538832354,-10.677027697961638,2.216829221972729,2.504978486461585
694.0,1312.645983792749,-10.585820264607834,2.216829221972729,2.504978486461585
695.0,1299.4071111188757,-11.644932118703148,2.216829221972729,2.504978486461585
696.0,1289.165217291774,-11.084832182043325,2.216829221972729,2.504978486461585
697.0,1277.0203921606917,-11.507986694055237,2.216829221972729,2.504978486461585
698.0,1265.2764888003992,-11.602165812763133,2.216829221972729,2.504978486461585
699.0,1254.312282679237,-11.347489097953515,2.216829221972729,2.504978486461585
700.0,1241.2763390154962,-12.021528645563443,2.216829221972729,2.504978486461585
701.0,1227.8817973882806,-12.569642327606159,2.216829221972729,2.504978486461585
702.0,1212.0820664988262,-13.859109913577758,2.216829221972729,2.504978486461585
703.0,1196.1173392872734,-14.69968292023431,2.216829221972729,2.504978486461585
704.0,1180.3219202454372,-15.13710628635255,2.216829221972729,2.504978486461585
705.0,1167.9367880717061,-14.038504391168775,2.216829221972729,2.504978486461585
706.0,1154.3217321121354,-13.86946164933026,2.216829221972729,2.504978486461585
707.0,1143.5335863825596,-12.639384849705909,2.216829221972729,2.504978486461585
708.0,1135.6523212903332,-10.739919531662116,2.216829221972729,2.504978486461585
709.0,1123.5906341278137,-11.267575812145568,2.216829221972729,2.504978486461585
710.0,1111.614835469483,-11.55030193135685,2.216829221972729,2.504978486461585
711.0,1097.8514277320303,-12.433784890614483,2.216829221972729,2.504978486461585
712.0,1083.5700084153084,-13.17136983838674,2.216829221972729,2.504978486461585
713.0,1069.4633008707092,-13.544761351035552,2.216829221972729,2.504978486461585
714.0,1054.7563869909482,-14.008698480638271,2.216829221972729,2.504978486461585
715.0,1036.843838202656,-15.567135141373193,2.216829221972729,2.504978486461585
716.0,1021.5096192684484,-15.474153821004744,2.216829221972729,2.504978486461585
717.0,1006.6645096713428,-15.223036205704304,2.216829221972729,2.504978486461585
718.0,991.4579611872882,-15.216454224366434,2.216829221972729,2.504978486461585
719.0,975.0875856028738,-15.677105430069181,2.216829221972729,2.504978486461585
720.0,960.4465853470083,-15.263487037814134,2.216829221972729,2.504978486461585
721.0,950.3677497878101,-13.193748113253758,2.216829221972729,2.504978486461585
722.0,935.9280678715764,-13.69113114856275,2.216829221972729,2.504978486461585
723.0,918.8237410928217,-15.053695996380407,2.216829221972729,2.504978486461585
724.0,903.4900809331672,-15.165459097256239,2.216829221972729,2.504978486461585
725.0,888.204521811172,-15.213403630667651,2.216829221972729,2.504978486461585
726.0,876.4199699767117,-13.844588762700088,2.216829221972729,2.504978486461585
727.0,858.0923214559256,-15.634248746733943,2.216829221972729,2.504978486461585
728.0,838.9592030807946,-17.031015085170374,2.216829221972729,2.504978486461585
729.0,823.7058126977063,-16.32137837104715,2.216829221972729,2.504978486461585
730.0,806.4048111090597,-16.71244888238847,2.216829221972729,2.504978486461585
731.0,789.7888389386794,-16.67393489413282,2.216829221972729,2.504978486461585
732.0,770.9593919250382,-17.53442616428068,2.216829221972729,2.504978486461585
733.0,752.9627782658173,-17.718933734879815,2.216829221972729,2.504978486461585
734.0,737.2669774654323,-16.911288900631128,2.216829221972729,2.504978486461585
735.0,720.5838495881761,-16.82020587352809,2.216829221972729,2.504978486461585
736.0,703.5929252242197,-16.888357552814398,2.216829221972729,2.504978486461585
737.0,686.7535528911667,-16.868802406921493,2.216829221972729,2.504978486461585
738.0,665.9102403699263,-18.455446817561945,2.216829221972729,2.504978486461585
739.0,640.5480062882928,-21.212671001881358,2.216829221972729,2.504978486461585
740.0,617.9329181474453,-21.772522971287703,2.216829221972729,2.504978486461585
741.0,598.662424406516,-20.773700329144933,2.216829221972729,2.504978486461585
742.0,579.1123739684533,-20.285213143448303,2.216829221972729,2.504978486461585
743.0,558.0992348235114,-20.575804861272516,2.216829221972729,2.504978486461585
744.0,535.9338433728735,-21.210375815856146,2.216829221972729,2.504978486461585
745.0,516.9390136810969,-20.325918669396145,2.216829221972729,2.504978486461585
746.0,497.0238651946561,-20.161937148127432,2.216829221972729,2.504978486461585
747.0,479.9741569741834,-18.919519720402956,2.216829221972729,2.504978486461585
748.0,460.00614066312136,-19.338084828377262,2.216829221972729,2.504978486461585
749.0,438.11356436302026,-20.35785066091029,2.216829221972729,2.504978486461585
750.0,411.9688437830827,-22.667998213195872,2.216829221972729,2.504978486461585
751.0,390.84507752724767,-22.051533055627946,2.216829221972729,2.504978486461585
752.0,368.70935318867544,-22.085142638863616,2.216829221972729,2.504978486461585
753.0,349.7152862665053,-20.851169679255577,2.216829221972729,2.504978486461585
754.0,328.41681309449297,-21.02973548138691,2.216829221972729,2.504978486461585
755.0,307.1316764185138,-21.13169292172925,2.216829221972729,2.504978486461585
756.0,287.77632236038045,-20.42256952079134,2.216829221972729,2.504978486461585
757.0,271.0171766398767,-18.960112330006282,2.216829221972729,2.504978486461585
758.0,250.00155297833373,-19.78068278306443,2.216829221972729,2.504978486461585
759.0,229.62551099532067,-20.018353167527337,2.216829221972729,2.504978486461585
760.0,210.1953504881045,-19.783543701701536,2.216829221972729,2.504978486461585
761.0,195.21958604468523,-17.864254061384695,2.216829221972729,2.504978486461585
762.0,178.7489253272331,-17.307924595297706,2.216829221972729,2.504978486461585
763.0,158.61742766991148,-18.435109150887385,2.216829221972729,2.504978486461585
764.0,141.14973487510053,-18.048911680008903,2.216829221972729,2.504978486461585
765.0,126.30373802595001,-16.770291984003983,2.216829221972729,2.504978486461585
766.0,113.72366368377467,-15.097536044392088,2.216829221972729,2.504978486461585
767.0,98.81085387833834,-15.023792401500891,2.216829221972729,2.504978486461585
768.0,85.76246931511118,-14.235199665495358,2.216829221972729,2.504978486461585
769.0,72.73151143850083,-13.754460291726899,2.216829221972729,2.504978486461585
770.0,57.941842757112276,-14.167720683086163,2.216829221972729,2.504978486461585
771.0,47.28196901784646,-12.76737055521925,2.216829221972729,2.504978486461585
772.0,29.64786999240266,-14.710193017179416,2.216829221972729,2.504978486461585
773.0,15.6854218126758,-14.411689520445284,2.216829221972729,2.504978486461585
774.0,4.663787378627058,-13.058362493998374,2.216829221972729,2.504978486461585
775.0,-12.737683223231828,-14.792153075966757,2.216829221972729,2.504978486461585
776.0,-29.082590004823764,-15.412020158265946,2.216829221972729,2.504978486461585
777.0,-44.42436870117999,-15.38397941368896,2.216829221972729,2.504978486461585
778.0,-58.76737706528022,-14.968418539527857,2.216829221972729,2.504978486461585
779.0,-73.36442984884025,-14.820167463530632,2.216829221972729,2.504978486461585
780.0,-86.73142066105791,-14.240052041714911,2.216829221972729,2.504978486461585
781.0,-99.54461431757686,-13.670443003989613,2.216829221972729,2.504978486461585
782.0,-113.14011708335974,-13.640526484302214,2.216829221972729,2.504978486461585
783.0,-125.99790396409702,-13.328052901077713,2.216829221972729,2.504978486461585
784.0,-139.78173255412835,-13.510000846505953,2.216829221972729,2.504978486461585
785.0,-154.48830668956245,-13.987678916555316,2.216829221972729,2.504978486461585
786.0,-165.31943308320487,-12.727567286865554,2.216829221972729,2.504978486461585
787.0,-177.9103357835092,-12.673010097133245,2.216829221972729,2.504978486461585
788.0,-194.70236056601397,-14.317341458713056,2.216829221972729,2.504978486461585
789.0,-209.5067999837651,-14.511793411762012,2.216829221972729,2.504978486461585
790.0,-225.87840937349483,-15.254241296252557,2.216829221972729,2.504978486461585
791.0,-239.24087278617588,-14.499034058427636,2.216829221972729,2.504978486461585
792.0,-249.66830039289547,-12.873628301965667,2.216829221972729,2.504978486461585
793.0,-263.1801245119644,-13.12839927926245,2.216829221972729,2.504978486461585
794.0,-275.7546820368731,-12.907302867717588,2.216829221972729,2.504978486461585
795.0,-287.14247976199533,-12.300708778863074,2.216829221972729,2.504978486461585
796.0,-295.0548258969728,-10.548852358697006,2.216829221972729,2.504978486461585
797.0,-301.0557175204046,-8.733283578427992,2.216829221972729,2.504978486461585
798.0,-311.08308824595713,-9.249889670703274,2.216829221972729,2.504978486461585
799.0,-320.4993932374727,-9.316323503054218,2.216829221972729,2.504978486461585
800.0,-328.72938386692516,-8.882653960791492,2.216829221972729,2.504978486461585
801.0,-336.9099556307285,-8.602379219598049,2.216829221972729,2.504978486461585
802.0,-344.57498375710253,-8.228183952736456,2.216829221972729,2.504978486461585
803.0,-356.04959678986404,-9.524174755679764,2.216829221972729,2.504978486461585
804.0,-361.6351249332216,-7.95184723526031,2.216829221972729,2.504978486461585
805.0,-368.7196826228472,-7.605620890274874,2.216829221972729,2.504978486461585
806.0,-375.24948061658216,-7.176146983670779,2.216829221972729,2.504978486461585
807.0,-381.5847348000477,-6.840458352111709,2.216829221972729,2.504978486461585
808.0,-394.4863075383867,-9.260085673857283,2.216829221972729,2.504978486461585
809.0,-402.92133719988067,-8.930719167588881,2.216829221972729,2.504978486461585
810.0,-410.6636548203096,-8.45630329791863,2.216829221972729,2.504978486461585
811.0,-422.13185330698246,-9.658666992869438,2.216829221972729,2.504978486461585
812.0,-433.7511862692838,-10.441374700751368,2.216829221972729,2.504978486461585
813.0,-446.79162061274553,-11.478932371109511,2.216829221972729,2.504978486461585
814.0,-461.66959035180804,-12.835845169492188,2.216829221972729,2.504978486461585
815.0,-470.64321542875695,-11.294027499832717,2.216829221972729,2.504978486461585
816.0,-479.2474189322453,-10.220236243388083,2.216829221972729,2.504978486461585
817.0,-497.67613270558877,-13.497101723199172,2.216829221972729,2.504978486461585
818.0,-510.99998602656876,-13.427940090412484,2.216829221972729,2.504978486461585
819.0,-523.6593407552906,-13.121116951673159,2.216829221972729,2.504978486461585
820.0,-538.5794776693187,-13.839294761214461,2.216829221972729,2.504978486461585
821.0,-556.084971802218,-15.302859974049301,2.216829221972729,2.504978486461585
822.0,-571.8381796441028,-15.482641106010904,2.216829221972729,2.504978486461585
823.0,-588.1008591304213,-15.794036347336728,2.216829221972729,2.504978486461585
824.0,-603.2576586651801,-15.539648209465689,2.216829221972729,2.504978486461585
825.0,-617.7341806881175,-15.115242893302671,2.216829221972729,2.504978486461585
826.0,-636.1141211271823,-16.418526559572296,2.216829221972729,2.504978486461585
827.0,-652.9158160603987,-16.571489299857255,2.216829221972729,2.504978486461585
828.0,-673.4867066483043,-18.168070392135533,2.216829221972729,2.504978486461585
829.0,-690.6070742206025,-17.749822161462177,2.216829221972729,2.504978486461585
830.0,-708.4820849688059,-17.7997980743963,2.216829221972729,2.504978486461585
831.0,-725.7570804097038,-17.590294225826415,2.216829221972729,2.504978486461585
832.0,-737.091287583801,-15.092832836221321,2.216829221972729,2.504978486461585
833.0,-748.9077761143218,-13.784899724856157,2.216829221972729,2.504978486461585
834.0,-763.1502914786769,-13.967582187788338,2.216829221972729,2.504978486461585
835.0,-775.7071450966632,-13.404412253425074,2.216829221972729,2.504978486461585
836.0,-791.1598077715723,-14.222084114702133,2.216829221972729,2.504978486461585
837.0,-810.2347714298186,-16.159378015536802,2.216829221972729,2.504978486461585
838.0,-832.2856000121875,-18.511274687972513,2.216829221972729,2.504978486461585
839.0,-850.734595902973,-18.486412679167348,2.216829221972729,2.504978486461585
840.0,-865.4818004853779,-16.993702016392668,2.216829221972729,2.504978486461585
841.0,-881.2483838877381,-16.50383009906298,2.216829221972729,2.504978486461585
842.0,-898.6577236990194,-16.865314126615388,2.216829221972729,2.504978486461585
843.0,-916.5752041072367,-17.28534419365525,2.216829221972729,2.504978486461585
844.0,-939.4515855589772,-19.51731436357991,2.216829221972729,2.504978486461585
845.0,-961.7990868681877,-20.64713921474199,2.216829221972729,2.504978486461585
846.0,-984.3162561061646,-21.39366459743159,2.216829221972729,2.504978486461585
847.0,-1004.7308528539876,-21.00281579178313,2.216829221972729,2.504978486461585
848.0,-1030.8522876501129,-23.04619422078218,2.216829221972729,2.504978486461585
849.0,-1057.251111054916,-24.384580638925307,2.216829221972729,2.504978486461585
850.0,-1080.2835461178847,-23.844797330100693,2.216829221972729,2.504978486461585
851.0,-1100.187618530984,-22.271640140009332,2.216829221972729,2.504978486461585
852.0,-1123.7827123770055,-22.799969510167543,2.216829221972729,2.504978486461585
853.0,-1147.4301043143344,-23.138264801620654,2.216829221972729,2.504978486461585
854.0,-1170.6027448848515,-23.151987781311863,2.216829221972729,2.504978486461585
855.0,-1191.6526797867543,-22.312837708459018,2.216829221972729,2.504978486461585
856.0,-1216.448942612839,-23.304233495308097,2.216829221972729,2.504978486461585
857.0,-1241.3696290164012,-23.94952961940276,2.216829221972729,2.504978486461585
858.0,-1269.4021191420086,-25.579467971477072,2.216829221972729,2.504978486461585
859.0,-1296.3220313609427,-26.114580051162253,2.216829221972729,2.504978486461585
860.0,-1318.0521172593187,-24.364267952083352,2.216829221972729,2.504978486461585
861.0,-1344.482329501787,-25.189003294742196,2.216829221972729,2.504978486461585
862.0,-1364.4763642157895,-23.11514573116777,2.216829221972729,2.504978486461585
863.0,-1390.2833359629362,-24.1897362039112,2.216829221972729,2.504978486461585
864.0,-1408.6454247565507,-21.863310072192746,2.216829221972729,2.504978486461585
865.0,-1432.548369189949,-22.677542358908553,2.216829221972729,2.504978486461585
866.0,-1454.848053424553,-22.526699496845385,2.216829221972729,2.504978486461585
867.0,-1477.0704557849895,-22.40522255081433,2.216829221972729,2.504978486461585
868.0,-1497.327519225572,-21.547666638920496,2.216829221972729,2.504978486461585
869.0,-1520.23447076566,-22.090300002246412,2.216829221972729,2.504978486461585
870.0,-1542.500060810818,-22.16027666825722,2.216829221972729,2.504978486461585
871.0,-1556.7122747148098,-18.98737007156523,2.216829221972729,2.504978486461585
872.0,-1570.0603003157787,-16.736115419649114,2.216829221972729,2.504978486461585
873.0,-1584.0065301505444,-15.622379074222737,2.216829221972729,2.504978486461585
874.0,-1599.980405419703,-15.762698121606,2.216829221972729,2.504978486461585
875.0,-1615.3695462191893,-15.613572161387696,2.216829221972729,2.504978486461585
876.0,-1629.5749484221851,-15.05142363755708,2.216829221972729,2.504978486461585
877.0,-1643.8855152574768,-14.75566987908397,2.216829221972729,2.504978486461585
878.0,-1654.7283537531532,-13.193647927775833,2.216829221972729,2.504978486461585
879.0,-1672.060330649182,-14.845689648141546,2.216829221972729,2.504978486461585
880.0,-1683.7132006105403,-13.571099984382174,2.216829221972729,2.504978486461585
881.0,-1700.1668932241764,-14.721845447799572,2.216829221972729,2.504978486461585
882.0,-1717.480580514263,-15.756521735957351,2.216829221972729,2.504978486461585
883.0,-1737.0803897466674,-17.290781418113678,2.216829221972729,2.504978486461585
884.0,-1752.2633462540985,-16.449327121370406,2.216829221972729,2.504978486461585
885.0,-1768.5129870248943,-16.369611326742245,2.216829221972729,2.504978486461585
886.0,-1785.7954197704855,-16.734014224324994,2.216829221972729,2.504978486461585
887.0,-1805.713188511269,-18.004985026535657,2.216829221972729,2.504978486461585
888.0,-1823.3567063026014,-17.860685489770425,2.216829221972729,2.504978486461585
889.0,-1842.0616540644332,-18.197719231427005,2.216829221972729,2.504978486461585
890.0,-1858.5298497908796,-17.507284756908323,2.216829221972729,2.504978486461585
891.0,-1878.8951919760668,-18.648235644800398,2.216829221972729,2.504978486461585
892.0,-1898.5074015603936,-19.033058885692938,2.216829221972729,2.504978486461585
893.0,-1920.4645309965513,-20.200362543695633,2.216829221972729,2.504978486461585
894.0,-1938.8866798744416,-19.49049071229435,2.216829221972729,2.504978486461585
895.0,-1961.6152033316034,-20.7831296560489,2.216829221972729,2.504978486461585
896.0,-1983.8740113395827,-21.372227869828265,2.216829221972729,2.504978486461585
897.0,-2006.625169054527,-21.922703593499573,2.216829221972729,2.504978486461585
898.0,-2026.847015588818,-21.24371290818988,2.216829221972729,2.504978486461585
899.0,-2049.5409331702226,-21.82264190141372,2.216829221972729,2.504978486461585
900.0,-2071.294121101808,-21.794915527632888,2.216829221972729,2.504978486461585
901.0,-2093.203782739669,-21.840722751466615,2.216829221972729,2.504978486461585
902.0,-2116.5104098400384,-22.425919134120377,2.216829221972729,2.504978486461585
903.0,-2136.97833063093,-21.64427635602427,2.216829221972729,2.504978486461585
904.0,-2158.5266329948827,-21.605963056093476,2.216829221972729,2.504978486461585
905.0,-2178.278401119897,-20.86575912176815,2.216829221972729,2.504978486461585
906.0,-2202.009735676956,-22.009711235839685,2.216829221972729,2.504978486461585
907.0,-2228.146968767111,-23.657438702012723,2.216829221972729,2.504978486461585
908.0,-2252.752577976762,-24.035953133479,2.216829221972729,2.504978486461585
909.0,-2275.225350518779,-23.41192358595596,2.216829221972729,2.504978486461585
910.0,-2301.0569457322954,-24.37786865919216,2.216829221972729,2.504978486461585
911.0,-2325.5723203786456,-24.432761740271015,2.216829221972729,2.504978486461585
912.0,-2352.084434200544,-25.26284954057166,2.216829221972729,2.504978486461585
913.0,-2377.983907061179,-25.51699276914797,2.216829221972729,2.504978486461585
914.0,-2403.2270076575055,-25.40765363737438,2.216829221972729,2.504978486461585
915.0,-2431.920819472102,-26.71950449556814,2.216829221972729,2.504978486461585
916.0,-2457.084517370483,-26.098418683615744,2.216829221972729,2.504978486461585
917.0,-2479.2566373165205,-24.53102049684562,2.216829221972729,2.504978486461585
918.0,-2501.9475694756525,-23.79644798548129,2.216829221972729,2.504978486461585
919.0,-2531.4503700999235,-26.074452634874504,2.216829221972729,2.504978486461585
920.0,-2557.7534370197286,-26.165716606268422,2.216829221972729,2.504978486461585
921.0,-2584.31948658603,-26.325531535696694,2.216829221972729,2.504978486461585
922.0,-2608.855257259941,-25.611050005632173,2.216829221972729,2.504978486461585
923.0,-2635.1759534221246,-25.894344317494316,2.216829221972729,2.504978486461585
924.0,-2665.4288013502996,-27.634280861555098,2.216829221972729,2.504978486461585
925.0,-2693.858388798894,-27.951771247735014,2.216829221972729,2.504978486461585
926.0,-2723.912246572401,-28.79093475238508,2.216829221972729,2.504978486461585
927.0,-2752.0190654938765,-28.51783227481613,2.216829221972729,2.504978486461585
928.0,-2785.655659725258,-30.56126777106104,2.216829221972729,2.504978486461585
929.0,-2816.126908743615,-30.52533183261266,2.216829221972729,2.504978486461585
930.0,-2846.91586800427,-30.63057322668747,2.216829221972729,2.504978486461585
931.0,-2877.453098443685,-30.593310316935117,2.216829221972729,2.504978486461585
932.0,-2911.658407152839,-32.03523822639248,2.216829221972729,2.504978486461585
933.0,-2945.9856741412455,-32.9502276262622,2.216829221972729,2.504978486461585
934.0,-2975.94127871605,-31.75475905531727,2.216829221972729,2.504978486461585
935.0,-3010.8310313124975,-33.00626423113973,2.216829221972729,2.504978486461585
936.0,-3039.3822974372347,-31.227806599475457,2.216829221972729,2.504978486461585
937.0,-3065.585994545205,-29.222156842937153,2.216829221972729,2.504978486461585
938.0,-3091.817041745225,-28.02809084233764,2.216829221972729,2.504978486461585
939.0,-3118.7490147605613,-27.59051509750549,2.216829221972729,2.504978486461585
940.0,-3145.2054392109308,-27.137780412052077,2.216829221972729,2.504978486461585
941.0,-3172.1910846216433,-27.077047354997223,2.216829221972729,2.504978486461585
942.0,-3197.61568847134,-26.41738360369893,2.216829221972729,2.504978486461585
943.0,-3226.0617628566606,-27.227247158450403,2.216829221972729,2.504978486461585
944.0,-3253.7222673812944,-27.400205676268012,2.216829221972729,2.504978486461585
945.0,-3282.3556169260105,-27.892482905439078,2.216829221972729,2.504978486461585
946.0,-3312.123490278231,-28.641148196146172,2.216829221972729,2.504978486461585
947.0,-3339.9162807172497,-28.302479516270182,2.216829221972729,2.504978486461585
948.0,-3372.4151524544977,-29.9777003789074,2.216829221972729,2.504978486461585
949.0,-3405.7538559247246,-31.31942970292533,2.216829221972729,2.504978486461585
950.0,-3434.789172326067,-30.40760019463705,2.216829221972729,2.504978486461585
951.0,-3460.573508639923,-28.561970020259277,2.216829221972729,2.504978486461585
952.0,-3488.426095165487,-28.278780564330155,2.216829221972729,2.504978486461585
953.0,-3516.9479908522176,-28.3758333429126,2.216829221972729,2.504978486461585
954.0,-3542.509342001581,-27.252277907702066,2.216829221972729,2.504978486461585
955.0,-3568.3546168120356,-26.69059520070413,2.216829221972729,2.504978486461585
956.0,-3592.4098166405242,-25.638532124530503,2.216829221972729,2.504978486461585
957.0,-3613.9198608074744,-23.99041898507907,2.216829221972729,2.504978486461585
958.0,-3636.43179660751,-23.400201067825922,2.216829221972729,2.504978486461585
959.0,-3655.938407645633,-21.845860361609855,2.216829221972729,2.504978486461585
960.0,-3679.3028421786335,-22.452082802080973,2.216829221972729,2.504978486461585
961.0,-3703.451700746774,-23.129444214655976,2.216829221972729,2.504978486461585
962.0,-3722.351329233002,-21.440880519882594,2.216829221972729,2.504978486461585
963.0,-3744.1918760214603,-21.600429302730667,2.216829221972729,2.504978486461585
964.0,-3767.3295394727706,-22.21410089986721,2.216829221972729,2.504978486461585
965.0,-3792.0161640374304,-23.201144771962472,2.216829221972729,2.504978486461585
966.0,-3815.346208681278,-23.25260224857617,2.216829221972729,2.504978486461585
967.0,-3833.623320508894,-21.266361469323538,2.216829221972729,2.504978486461585
968.0,-3853.91678859473,-20.877977541579206,2.216829221972729,2.504978486461585
969.0,-3880.593698889947,-23.192940638060406,2.216829221972729,2.504978486461585
970.0,-3902.1977763233645,-22.558658462293085,2.216829221972729,2.504978486461585
971.0,-3921.5003447030367,-21.25881093856449,2.216829221972729,2.504978486461585
972.0,-3941.851698133749,-20.896549341206757,2.216829221972729,2.504978486461585
973.0,-3960.457679364424,-19.98214304074911,2.216829221972729,2.504978486461585
974.0,-3980.700647281488,-20.08626564209049,2.216829221972729,2.504978486461585
975.0,-3999.0415330601886,-19.38950122961243,2.216829221972729,2.504978486461585
976.0,-4021.5503456784104,-20.634746011341242,2.216829221972729,2.504978486461585
977.0,-4040.4765963333143,-19.952706079393412,2.216829221972729,2.504978486461585
978.0,-4062.164898955893,-20.64556494128196,2.216829221972729,2.504978486461585
979.0,-4083.4881340181278,-20.916094259044762,2.216829221972729,2.504978486461585
980.0,-4108.295786335147,-22.469623791935597,2.216829221972729,2.504978486461585
981.0,-4132.662758578654,-23.227054828499934,2.216829221972729,2.504978486461585
982.0,-4153.501355542802,-22.273570446394483,2.216829221972729,2.504978486461585
983.0,-4172.85804619763,-21.109137375479147,2.216829221972729,2.504978486461585
984.0,-4198.139269127284,-22.774654894580927,2.216829221972729,2.504978486461585
985.0,-4218.361388117487,-21.755669734359866,2.216829221972729,2.504978486461585
986.0,-4240.29249858825,-21.82570655796999,2.216829221972729,2.504978486461585
987.0,-4261.3889045789965,-21.534566106598763,2.216829221972729,2.504978486461585
988.0,-4281.727790845455,-21.057244705795583,2.216829221972729,2.504978486461585
989.0,-4303.736105520125,-21.436916616758044,2.216829221972729,2.504978486461585
990.0,-4332.518081095458,-24.369101063958457,2.216829221972729,2.504978486461585
991.0,-4356.3540763102665,-24.156282529974384,2.216829221972729,2.504978486461585
992.0,-4377.38830679563,-22.909943664597463,2.216829221972729,2.504978486461585
993.0,-4404.155092735727,-24.449614482667815,2.216829221972729,2.504978486461585
994.0,-4426.587319949661,-23.644263347064648,2.216829221972729,2.504978486461585
995.0,-4447.573108627078,-22.58298689937648,2.216829221972729,2.504978486461585
996.0,-4469.163381695148,-22.186690549259108,2.216829221972729,2.504978486461585
997.0,-4493.419379244328,-23.01276830246339,2.216829221972729,2.504978486461585
998.0,-4513.4248569267675,-21.81224277448886,2.216829221972729,2.504978486461585
999.0,-4536.604033440167,-22.357929592279113,2.216829221972729,2.504978486461585
1000.0,-4556.581984083023,-21.40783003562183,2.216829221972729,2.504978486461585
